,mean_fit_time,mean_score_time,mean_test_score,mean_train_score,param_NN__alpha,param_NN__hidden_layer_sizes,param_ica__n_components,params,rank_test_score,split0_test_score,split0_train_score,split1_test_score,split1_train_score,split2_test_score,split2_train_score,split3_test_score,split3_train_score,split4_test_score,split4_train_score,std_fit_time,std_score_time,std_test_score,std_train_score
0,0.09359989166259766,0.0,0.0,0.0,0.1,"(50, 50)",2,"{'NN__alpha': 0.1, 'NN__hidden_layer_sizes': (50, 50), 'ica__n_components': 2}",74,0.0,0.0,0.0,0.0,0.0,0.0,0.0,0.0,0.0,0.0,0.019732645050053396,0.0,0.0,0.0
1,0.1029599666595459,0.0,0.0,0.0,0.1,"(50, 50)",3,"{'NN__alpha': 0.1, 'NN__hidden_layer_sizes': (50, 50), 'ica__n_components': 3}",74,0.0,0.0,0.0,0.0,0.0,0.0,0.0,0.0,0.0,0.0,0.0076424497672993325,0.0,0.0,0.0
2,0.10607995986938476,0.0,0.0,0.0,0.1,"(50, 50)",4,"{'NN__alpha': 0.1, 'NN__hidden_layer_sizes': (50, 50), 'ica__n_components': 4}",74,0.0,0.0,0.0,0.0,0.0,0.0,0.0,0.0,0.0,0.0,0.006239962578503042,0.0,0.0,0.0
3,0.09672002792358399,0.0,0.0,0.0,0.1,"(50, 50)",5,"{'NN__alpha': 0.1, 'NN__hidden_layer_sizes': (50, 50), 'ica__n_components': 5}",74,0.0,0.0,0.0,0.0,0.0,0.0,0.0,0.0,0.0,0.0,0.006239986419677735,0.0,0.0,0.0
4,0.09984002113342286,0.006239986419677735,0.0,0.0,0.1,"(50, 50)",6,"{'NN__alpha': 0.1, 'NN__hidden_layer_sizes': (50, 50), 'ica__n_components': 6}",74,0.0,0.0,0.0,0.0,0.0,0.0,0.0,0.0,0.0,0.0,0.007642391365053469,0.007642391365053469,0.0,0.0
5,0.09984011650085449,0.006239891052246094,0.0,0.0,0.1,"(50, 50)",7,"{'NN__alpha': 0.1, 'NN__hidden_layer_sizes': (50, 50), 'ica__n_components': 7}",74,0.0,0.0,0.0,0.0,0.0,0.0,0.0,0.0,0.0,0.0,0.007642508165826268,0.007642274564280669,0.0,0.0
6,0.10608000755310058,0.0,0.0,0.0,0.1,"(50, 50)",8,"{'NN__alpha': 0.1, 'NN__hidden_layer_sizes': (50, 50), 'ica__n_components': 8}",74,0.0,0.0,0.0,0.0,0.0,0.0,0.0,0.0,0.0,0.0,0.006239986421499643,0.0,0.0,0.0
7,0.10296001434326171,0.009359979629516601,0.0,0.0,0.1,"(50, 50)",9,"{'NN__alpha': 0.1, 'NN__hidden_layer_sizes': (50, 50), 'ica__n_components': 9}",74,0.0,0.0,0.0,0.0,0.0,0.0,0.0,0.0,0.0,0.0,0.01247997283935547,0.007642391365053469,0.0,0.0
8,0.1185600757598877,0.0,0.0,0.0,0.1,"(50, 50)",10,"{'NN__alpha': 0.1, 'NN__hidden_layer_sizes': (50, 50), 'ica__n_components': 10}",74,0.0,0.0,0.0,0.0,0.0,0.0,0.0,0.0,0.0,0.0,0.018719991048514472,0.0,0.0,0.0
9,0.20280008316040038,0.0,0.0,0.0,0.1,"(50, 50)",15,"{'NN__alpha': 0.1, 'NN__hidden_layer_sizes': (50, 50), 'ica__n_components': 15}",74,0.0,0.0,0.0,0.0,0.0,0.0,0.0,0.0,0.0,0.0,0.10205789893037746,0.0,0.0,0.0
10,0.18096003532409669,0.0,0.0,0.0,0.1,"(50, 50)",20,"{'NN__alpha': 0.1, 'NN__hidden_layer_sizes': (50, 50), 'ica__n_components': 20}",74,0.0,0.0,0.0,0.0,0.0,0.0,0.0,0.0,0.0,0.0,0.07552717262015246,0.0,0.0,0.0
11,0.2215200901031494,0.003119945526123047,0.0,0.0,0.1,"(50, 50)",25,"{'NN__alpha': 0.1, 'NN__hidden_layer_sizes': (50, 50), 'ica__n_components': 25}",74,0.0,0.0,0.0,0.0,0.0,0.0,0.0,0.0,0.0,0.0,0.14614118346319427,0.006239891052246094,0.0,0.0
12,0.17472004890441895,0.0031200408935546874,0.0,0.0,0.1,"(50, 50)",30,"{'NN__alpha': 0.1, 'NN__hidden_layer_sizes': (50, 50), 'ica__n_components': 30}",74,0.0,0.0,0.0,0.0,0.0,0.0,0.0,0.0,0.0,0.0,0.07474975612027003,0.006240081787109375,0.0,0.0
13,0.17472004890441895,0.0031200408935546874,0.0,0.0,0.1,"(50, 50)",35,"{'NN__alpha': 0.1, 'NN__hidden_layer_sizes': (50, 50), 'ica__n_components': 35}",74,0.0,0.0,0.0,0.0,0.0,0.0,0.0,0.0,0.0,0.0,0.08039683424592219,0.006240081787109375,0.0,0.0
14,0.18720002174377443,0.0,0.0,0.0,0.1,"(50, 50)",40,"{'NN__alpha': 0.1, 'NN__hidden_layer_sizes': (50, 50), 'ica__n_components': 40}",74,0.0,0.0,0.0,0.0,0.0,0.0,0.0,0.0,0.0,0.0,0.0914962752769342,0.0,0.0,0.0
15,0.1903200626373291,0.006239986419677735,0.0,0.0,0.1,"(50, 50)",45,"{'NN__alpha': 0.1, 'NN__hidden_layer_sizes': (50, 50), 'ica__n_components': 45}",74,0.0,0.0,0.0,0.0,0.0,0.0,0.0,0.0,0.0,0.0,0.0664786116163106,0.01247997283935547,0.0,0.0
16,0.18095993995666504,0.0,0.0,0.0,0.1,"(50, 50)",50,"{'NN__alpha': 0.1, 'NN__hidden_layer_sizes': (50, 50), 'ica__n_components': 50}",74,0.0,0.0,0.0,0.0,0.0,0.0,0.0,0.0,0.0,0.0,0.08406653330804935,0.0,0.0,0.0
17,0.19031996726989747,0.0,0.0,0.0,0.1,"(50, 50)",55,"{'NN__alpha': 0.1, 'NN__hidden_layer_sizes': (50, 50), 'ica__n_components': 55}",74,0.0,0.0,0.0,0.0,0.0,0.0,0.0,0.0,0.0,0.0,0.09432517783682169,0.0,0.0,0.0
18,0.17472004890441895,0.006239891052246094,0.0,0.0,0.1,"(50, 50)",60,"{'NN__alpha': 0.1, 'NN__hidden_layer_sizes': (50, 50), 'ica__n_components': 60}",74,0.0,0.0,0.0,0.0,0.0,0.0,0.0,0.0,0.0,0.0,0.07474995514820887,0.007642274564280669,0.0,0.0
19,0.0780001163482666,0.0031199932098388674,0.0,0.0,0.1,"(50,)",2,"{'NN__alpha': 0.1, 'NN__hidden_layer_sizes': (50,), 'ica__n_components': 2}",74,0.0,0.0,0.0,0.0,0.0,0.0,0.0,0.0,0.0,0.0,9.5367431640625e-08,0.006239986419677735,0.0,0.0
20,0.08112006187438965,0.0,0.0,0.0,0.1,"(50,)",3,"{'NN__alpha': 0.1, 'NN__hidden_layer_sizes': (50,), 'ica__n_components': 3}",74,0.0,0.0,0.0,0.0,0.0,0.0,0.0,0.0,0.0,0.0,0.006239986421499643,0.0,0.0,0.0
21,0.07487998008728028,0.0,0.0,0.003143331488655224,0.1,"(50,)",4,"{'NN__alpha': 0.1, 'NN__hidden_layer_sizes': (50,), 'ica__n_components': 4}",74,0.0,0.0,0.0,0.0,0.0,0.01571665744327612,0.0,0.0,0.0,0.0,0.006239938736872875,0.0,0.0,0.006286662977310448
22,0.08736000061035157,0.0,0.012070488381320405,0.0510454967253343,0.1,"(50,)",5,"{'NN__alpha': 0.1, 'NN__hidden_layer_sizes': (50,), 'ica__n_components': 5}",73,0.0,0.015732313030252604,0.06013766453326893,0.04632934425082226,0.0,0.13221601489757887,0.0,0.0,0.0,0.06094981144801779,0.007642449765811762,0.0,0.02408722257266238,0.04596010061620448
23,0.05616002082824707,0.003119945526123047,0.0,0.0,0.1,"(50,)",6,"{'NN__alpha': 0.1, 'NN__hidden_layer_sizes': (50,), 'ica__n_components': 6}",74,0.0,0.0,0.0,0.0,0.0,0.0,0.0,0.0,0.0,0.0,0.01247992515609513,0.006239891052246094,0.0,0.0
24,0.06864004135131836,0.006239986419677735,0.0,0.0,0.1,"(50,)",7,"{'NN__alpha': 0.1, 'NN__hidden_layer_sizes': (50,), 'ica__n_components': 7}",74,0.0,0.0,0.0,0.0,0.0,0.0,0.0,0.0,0.0,0.0,0.015908878204868315,0.007642391365053469,0.0,0.0
25,0.09984002113342286,0.0,0.0,0.009284079764628946,0.1,"(50,)",8,"{'NN__alpha': 0.1, 'NN__hidden_layer_sizes': (50,), 'ica__n_components': 8}",74,0.0,0.0,0.0,0.0,0.0,0.04642039882314473,0.0,0.0,0.0,0.0,0.007642488699898547,0.0,0.0,0.01856815952925789
26,0.07487993240356446,0.0031200408935546874,0.0,0.0,0.1,"(50,)",9,"{'NN__alpha': 0.1, 'NN__hidden_layer_sizes': (50,), 'ica__n_components': 9}",74,0.0,0.0,0.0,0.0,0.0,0.0,0.0,0.0,0.0,0.0,0.026839318371025156,0.006240081787109375,0.0,0.0
27,0.07175989151000976,0.0,0.012358803986710963,0.009230769230769213,0.1,"(50,)",10,"{'NN__alpha': 0.1, 'NN__hidden_layer_sizes': (50,), 'ica__n_components': 10}",60,0.0,0.0,0.0,0.0,0.0,0.0,0.0,0.0,0.06201550387596899,0.046153846153846066,0.018719935417403032,0.0,0.024772917078097038,0.018461538461538425
28,0.16224002838134766,0.0,0.07403495546846418,0.08451559042007403,0.1,"(50,)",15,"{'NN__alpha': 0.1, 'NN__hidden_layer_sizes': (50,), 'ica__n_components': 15}",5,0.06037095405503697,0.04642030713133716,0.3084864753252117,0.3452111941595686,0.0,0.0,0.0,0.0,0.0,0.030946450809464447,0.07223314539515534,0.0,0.119796136917301,0.1315818157533001
29,0.18095998764038085,0.012479925155639648,0.07403495546846418,0.08451559042007403,0.1,"(50,)",20,"{'NN__alpha': 0.1, 'NN__hidden_layer_sizes': (50,), 'ica__n_components': 20}",5,0.06037095405503697,0.04642030713133716,0.3084864753252117,0.3452111941595686,0.0,0.0,0.0,0.0,0.0,0.030946450809464447,0.05183330907514887,0.018192522141372743,0.119796136917301,0.1315818157533001
30,0.1653600215911865,0.006240034103393554,0.07403495546846418,0.08451559042007403,0.1,"(50,)",25,"{'NN__alpha': 0.1, 'NN__hidden_layer_sizes': (50,), 'ica__n_components': 25}",5,0.06037095405503697,0.04642030713133716,0.3084864753252117,0.3452111941595686,0.0,0.0,0.0,0.0,0.0,0.030946450809464447,0.06286623008176394,0.007642449765811761,0.119796136917301,0.1315818157533001
31,0.20279998779296876,0.0,0.07403495546846418,0.08451559042007403,0.1,"(50,)",30,"{'NN__alpha': 0.1, 'NN__hidden_layer_sizes': (50,), 'ica__n_components': 30}",5,0.06037095405503697,0.04642030713133716,0.3084864753252117,0.3452111941595686,0.0,0.0,0.0,0.0,0.0,0.030946450809464447,0.15284822637040588,0.0,0.119796136917301,0.1315818157533001
32,0.16223998069763185,0.0,0.07403495546846418,0.08451559042007403,0.1,"(50,)",35,"{'NN__alpha': 0.1, 'NN__hidden_layer_sizes': (50,), 'ica__n_components': 35}",5,0.06037095405503697,0.04642030713133716,0.3084864753252117,0.3452111941595686,0.0,0.0,0.0,0.0,0.0,0.030946450809464447,0.07929951562854834,0.0,0.119796136917301,0.1315818157533001
33,0.1716000556945801,0.0031199932098388674,0.07403495546846418,0.08451559042007403,0.1,"(50,)",40,"{'NN__alpha': 0.1, 'NN__hidden_layer_sizes': (50,), 'ica__n_components': 40}",5,0.06037095405503697,0.04642030713133716,0.3084864753252117,0.3452111941595686,0.0,0.0,0.0,0.0,0.0,0.030946450809464447,0.06976532900146452,0.006239986419677735,0.119796136917301,0.1315818157533001
34,0.1653600215911865,0.0031200408935546874,0.07403495546846418,0.08451559042007403,0.1,"(50,)",45,"{'NN__alpha': 0.1, 'NN__hidden_layer_sizes': (50,), 'ica__n_components': 45}",5,0.06037095405503697,0.04642030713133716,0.3084864753252117,0.3452111941595686,0.0,0.0,0.0,0.0,0.0,0.030946450809464447,0.09128332074450024,0.006240081787109375,0.119796136917301,0.1315818157533001
35,0.23400001525878905,0.009359979629516601,0.07403495546846418,0.08451559042007403,0.1,"(50,)",50,"{'NN__alpha': 0.1, 'NN__hidden_layer_sizes': (50,), 'ica__n_components': 50}",5,0.06037095405503697,0.04642030713133716,0.3084864753252117,0.3452111941595686,0.0,0.0,0.0,0.0,0.0,0.030946450809464447,0.17676940313932324,0.007642391365053469,0.119796136917301,0.1315818157533001
36,0.16847996711730956,0.0031199932098388674,0.07403495546846418,0.08451559042007403,0.1,"(50,)",55,"{'NN__alpha': 0.1, 'NN__hidden_layer_sizes': (50,), 'ica__n_components': 55}",5,0.06037095405503697,0.04642030713133716,0.3084864753252117,0.3452111941595686,0.0,0.0,0.0,0.0,0.0,0.030946450809464447,0.06647871679790193,0.006239986419677735,0.119796136917301,0.1315818157533001
37,0.16224002838134766,0.0,0.07403495546846418,0.08451559042007403,0.1,"(50,)",60,"{'NN__alpha': 0.1, 'NN__hidden_layer_sizes': (50,), 'ica__n_components': 60}",5,0.06037095405503697,0.04642030713133716,0.3084864753252117,0.3452111941595686,0.0,0.0,0.0,0.0,0.0,0.030946450809464447,0.07223323807817736,0.0,0.119796136917301,0.1315818157533001
38,0.049920082092285156,0.006239938735961914,0.0,0.0,0.1,"(25,)",2,"{'NN__alpha': 0.1, 'NN__hidden_layer_sizes': (25,), 'ica__n_components': 2}",74,0.0,0.0,0.0,0.0,0.0,0.0,0.0,0.0,0.0,0.0,0.0062400102622188576,0.007642332965038968,0.0,0.0
39,0.0436800479888916,0.0,0.0,0.0,0.1,"(25,)",3,"{'NN__alpha': 0.1, 'NN__hidden_layer_sizes': (25,), 'ica__n_components': 3}",74,0.0,0.0,0.0,0.0,0.0,0.0,0.0,0.0,0.0,0.0,0.006240057945934672,0.0,0.0,0.0
40,0.04991998672485352,0.0,0.0,0.0,0.1,"(25,)",4,"{'NN__alpha': 0.1, 'NN__hidden_layer_sizes': (25,), 'ica__n_components': 4}",74,0.0,0.0,0.0,0.0,0.0,0.0,0.0,0.0,0.0,0.0,0.006239938736872875,0.0,0.0,0.0
41,0.059280109405517575,0.0,0.6666666666666671,0.6666666666666641,0.1,"(25,)",5,"{'NN__alpha': 0.1, 'NN__hidden_layer_sizes': (25,), 'ica__n_components': 5}",1,0.666666666666667,0.6666666666666633,0.666666666666668,0.666666666666663,0.6666666666666673,0.6666666666666751,0.6666666666666666,0.6666666666666596,0.6666666666666666,0.6666666666666596,0.015284782730850729,0.0,4.992742367668646e-16,5.6936150927091966e-15
42,0.04992003440856933,0.0,0.02353189246178176,0.027698824053948558,0.1,"(25,)",6,"{'NN__alpha': 0.1, 'NN__hidden_layer_sizes': (25,), 'ica__n_components': 6}",54,0.0,0.0,0.0,0.0,0.0,0.0,0.0,0.0,0.11808118081180813,0.13849412026974278,0.006240034104304503,0.0,0.04716909672434713,0.055397648107897116
43,0.07800006866455078,0.0031199932098388674,0.0,0.02734532516284936,0.1,"(25,)",7,"{'NN__alpha': 0.1, 'NN__hidden_layer_sizes': (25,), 'ica__n_components': 7}",74,0.0,0.0,0.0,0.0,0.0,0.07589524318546217,0.0,0.06083138262878463,0.0,0.0,0.031200051307814863,0.006239986419677735,0.0,0.03382812737767266
44,0.10919990539550781,0.0,0.034159779614325064,0.0354649237053298,0.1,"(25,)",8,"{'NN__alpha': 0.1, 'NN__hidden_layer_sizes': (25,), 'ica__n_components': 8}",41,0.0,0.031219052110351298,0.0,0.0,0.17079889807162532,0.14610556641629768,0.0,0.0,0.0,0.0,0.05493332509175121,0.0,0.06831955922865013,0.05662625130691892
45,0.05616002082824707,0.0,0.0,0.0,0.1,"(25,)",9,"{'NN__alpha': 0.1, 'NN__hidden_layer_sizes': (25,), 'ica__n_components': 9}",74,0.0,0.0,0.0,0.0,0.0,0.0,0.0,0.0,0.0,0.0,0.007642313498367468,0.0,0.0,0.0
46,0.04992003440856933,0.0,0.0,0.0,0.1,"(25,)",10,"{'NN__alpha': 0.1, 'NN__hidden_layer_sizes': (25,), 'ica__n_components': 10}",74,0.0,0.0,0.0,0.0,0.0,0.0,0.0,0.0,0.0,0.0,0.006239914894787228,0.0,0.0,0.0
47,0.1372800350189209,0.0,0.0,0.0,0.1,"(25,)",15,"{'NN__alpha': 0.1, 'NN__hidden_layer_sizes': (25,), 'ica__n_components': 15}",74,0.0,0.0,0.0,0.0,0.0,0.0,0.0,0.0,0.0,0.0,0.09380779044710741,0.0,0.0,0.0
48,0.12791996002197265,0.0031199932098388674,0.0,0.0,0.1,"(25,)",20,"{'NN__alpha': 0.1, 'NN__hidden_layer_sizes': (25,), 'ica__n_components': 20}",74,0.0,0.0,0.0,0.0,0.0,0.0,0.0,0.0,0.0,0.0,0.0740959341504236,0.006239986419677735,0.0,0.0
49,0.14976000785827637,0.0031199932098388674,0.0,0.0,0.1,"(25,)",25,"{'NN__alpha': 0.1, 'NN__hidden_layer_sizes': (25,), 'ica__n_components': 25}",74,0.0,0.0,0.0,0.0,0.0,0.0,0.0,0.0,0.0,0.0,0.08966950023896715,0.006239986419677735,0.0,0.0
50,0.13104000091552734,0.0,0.0,0.0,0.1,"(25,)",30,"{'NN__alpha': 0.1, 'NN__hidden_layer_sizes': (25,), 'ica__n_components': 30}",74,0.0,0.0,0.0,0.0,0.0,0.0,0.0,0.0,0.0,0.0,0.06286628214486467,0.0,0.0,0.0
51,0.177839994430542,0.0,0.0,0.0,0.1,"(25,)",35,"{'NN__alpha': 0.1, 'NN__hidden_layer_sizes': (25,), 'ica__n_components': 35}",74,0.0,0.0,0.0,0.0,0.0,0.0,0.0,0.0,0.0,0.0,0.12886780249851118,0.0,0.0,0.0
52,0.11232008934020996,0.006239986419677735,0.0,0.0,0.1,"(25,)",40,"{'NN__alpha': 0.1, 'NN__hidden_layer_sizes': (25,), 'ica__n_components': 40}",74,0.0,0.0,0.0,0.0,0.0,0.0,0.0,0.0,0.0,0.0,0.0679271763456474,0.007642391365053469,0.0,0.0
53,0.11856002807617187,0.0031199932098388674,0.0,0.0,0.1,"(25,)",45,"{'NN__alpha': 0.1, 'NN__hidden_layer_sizes': (25,), 'ica__n_components': 45}",74,0.0,0.0,0.0,0.0,0.0,0.0,0.0,0.0,0.0,0.0,0.06878167801990005,0.006239986419677735,0.0,0.0
54,0.13727998733520508,0.0,0.0,0.0,0.1,"(25,)",50,"{'NN__alpha': 0.1, 'NN__hidden_layer_sizes': (25,), 'ica__n_components': 50}",74,0.0,0.0,0.0,0.0,0.0,0.0,0.0,0.0,0.0,0.0,0.06647871455996544,0.0,0.0,0.0
55,0.1653599739074707,0.0,0.0,0.0,0.1,"(25,)",55,"{'NN__alpha': 0.1, 'NN__hidden_layer_sizes': (25,), 'ica__n_components': 55}",74,0.0,0.0,0.0,0.0,0.0,0.0,0.0,0.0,0.0,0.0,0.13833946580376186,0.0,0.0,0.0
56,0.12168006896972657,0.0031199932098388674,0.0,0.0,0.1,"(25,)",60,"{'NN__alpha': 0.1, 'NN__hidden_layer_sizes': (25,), 'ica__n_components': 60}",74,0.0,0.0,0.0,0.0,0.0,0.0,0.0,0.0,0.0,0.0,0.07978902391622326,0.006239986419677735,0.0,0.0
57,0.062400007247924806,0.003119945526123047,0.0,0.0,0.1,"(25, 25)",2,"{'NN__alpha': 0.1, 'NN__hidden_layer_sizes': (25, 25), 'ica__n_components': 2}",74,0.0,0.0,0.0,0.0,0.0,0.0,0.0,0.0,0.0,0.0,1.1680077279964342e-07,0.006239891052246094,0.0,0.0
58,0.09047989845275879,0.0031199932098388674,0.0,0.0,0.1,"(25, 25)",3,"{'NN__alpha': 0.1, 'NN__hidden_layer_sizes': (25, 25), 'ica__n_components': 3}",74,0.0,0.0,0.0,0.0,0.0,0.0,0.0,0.0,0.0,0.0,0.0347428682188236,0.006239986419677735,0.0,0.0
59,0.10296001434326171,0.006239986419677735,0.0,0.0,0.1,"(25, 25)",4,"{'NN__alpha': 0.1, 'NN__hidden_layer_sizes': (25, 25), 'ica__n_components': 4}",74,0.0,0.0,0.0,0.0,0.0,0.0,0.0,0.0,0.0,0.0,0.01247997283935547,0.007642391365053469,0.0,0.0
60,0.09360003471374512,0.0,0.0,0.0,0.1,"(25, 25)",5,"{'NN__alpha': 0.1, 'NN__hidden_layer_sizes': (25, 25), 'ica__n_components': 5}",74,0.0,0.0,0.0,0.0,0.0,0.0,0.0,0.0,0.0,0.0,0.031200051308179245,0.0,0.0,0.0
61,0.12792000770568848,0.0031200408935546874,0.023613445378151257,0.018043063505042225,0.1,"(25, 25)",6,"{'NN__alpha': 0.1, 'NN__hidden_layer_sizes': (25, 25), 'ica__n_components': 6}",52,0.0,0.0,0.11764705882352941,0.09021531752521113,0.0,0.0,0.0,0.0,0.0,0.0,0.04564166037225012,0.006240081787109375,0.04712173166175694,0.03608612701008446
62,0.07800002098083496,0.0,0.0,0.0,0.1,"(25, 25)",7,"{'NN__alpha': 0.1, 'NN__hidden_layer_sizes': (25, 25), 'ica__n_components': 7}",74,0.0,0.0,0.0,0.0,0.0,0.0,0.0,0.0,0.0,0.0,9.5367431640625e-08,0.0,0.0,0.0
63,0.11232004165649415,0.0,0.0,0.0,0.1,"(25, 25)",8,"{'NN__alpha': 0.1, 'NN__hidden_layer_sizes': (25, 25), 'ica__n_components': 8}",74,0.0,0.0,0.0,0.0,0.0,0.0,0.0,0.0,0.0,0.0,0.006239962580324957,0.0,0.0,0.0
64,0.14351992607116698,0.0031199932098388674,0.0,0.0,0.1,"(25, 25)",9,"{'NN__alpha': 0.1, 'NN__hidden_layer_sizes': (25, 25), 'ica__n_components': 9}",74,0.0,0.0,0.0,0.0,0.0,0.0,0.0,0.0,0.0,0.0,0.0570200478987831,0.006239986419677735,0.0,0.0
65,0.10608000755310058,0.0031200408935546874,0.0,0.0,0.1,"(25, 25)",10,"{'NN__alpha': 0.1, 'NN__hidden_layer_sizes': (25, 25), 'ica__n_components': 10}",74,0.0,0.0,0.0,0.0,0.0,0.0,0.0,0.0,0.0,0.0,0.0062401056314723615,0.006240081787109375,0.0,0.0
66,0.19031996726989747,0.0,0.0,0.0,0.1,"(25, 25)",15,"{'NN__alpha': 0.1, 'NN__hidden_layer_sizes': (25, 25), 'ica__n_components': 15}",74,0.0,0.0,0.0,0.0,0.0,0.0,0.0,0.0,0.0,0.0,0.08452828518884582,0.0,0.0,0.0
67,0.19032001495361328,0.0,0.0,0.0,0.1,"(25, 25)",20,"{'NN__alpha': 0.1, 'NN__hidden_layer_sizes': (25, 25), 'ica__n_components': 20}",74,0.0,0.0,0.0,0.0,0.0,0.0,0.0,0.0,0.0,0.0,0.12059519893846311,0.0,0.0,0.0
68,0.15911993980407715,0.0,0.0,0.0,0.1,"(25, 25)",25,"{'NN__alpha': 0.1, 'NN__hidden_layer_sizes': (25, 25), 'ica__n_components': 25}",74,0.0,0.0,0.0,0.0,0.0,0.0,0.0,0.0,0.0,0.0,0.06720687433943782,0.0,0.0,0.0
69,0.14663996696472167,0.0031200408935546874,0.0,0.0,0.1,"(25, 25)",30,"{'NN__alpha': 0.1, 'NN__hidden_layer_sizes': (25, 25), 'ica__n_components': 30}",74,0.0,0.0,0.0,0.0,0.0,0.0,0.0,0.0,0.0,0.0,0.07155623887340641,0.006240081787109375,0.0,0.0
70,0.1591200351715088,0.006239986419677735,0.0,0.0,0.1,"(25, 25)",35,"{'NN__alpha': 0.1, 'NN__hidden_layer_sizes': (25, 25), 'ica__n_components': 35}",74,0.0,0.0,0.0,0.0,0.0,0.0,0.0,0.0,0.0,0.0,0.08735988140111081,0.007642391366541052,0.0,0.0
71,0.15911998748779296,0.0031199932098388674,0.0,0.0,0.1,"(25, 25)",40,"{'NN__alpha': 0.1, 'NN__hidden_layer_sizes': (25, 25), 'ica__n_components': 40}",74,0.0,0.0,0.0,0.0,0.0,0.0,0.0,0.0,0.0,0.0,0.07409595021324354,0.006239986419677735,0.0,0.0
72,0.15288000106811522,0.0,0.0,0.0,0.1,"(25, 25)",45,"{'NN__alpha': 0.1, 'NN__hidden_layer_sizes': (25, 25), 'ica__n_components': 45}",74,0.0,0.0,0.0,0.0,0.0,0.0,0.0,0.0,0.0,0.0,0.0727702378073377,0.0,0.0,0.0
73,0.15911993980407715,0.006240034103393554,0.0,0.0,0.1,"(25, 25)",50,"{'NN__alpha': 0.1, 'NN__hidden_layer_sizes': (25, 25), 'ica__n_components': 50}",74,0.0,0.0,0.0,0.0,0.0,0.0,0.0,0.0,0.0,0.0,0.08159856378890083,0.007642449765811762,0.0,0.0
74,0.14975996017456056,0.0031199932098388674,0.0,0.0,0.1,"(25, 25)",55,"{'NN__alpha': 0.1, 'NN__hidden_layer_sizes': (25, 25), 'ica__n_components': 55}",74,0.0,0.0,0.0,0.0,0.0,0.0,0.0,0.0,0.0,0.0,0.06878158068590894,0.006239986419677735,0.0,0.0
75,0.15911998748779296,0.0031200408935546874,0.0,0.0,0.1,"(25, 25)",60,"{'NN__alpha': 0.1, 'NN__hidden_layer_sizes': (25, 25), 'ica__n_components': 60}",74,0.0,0.0,0.0,0.0,0.0,0.0,0.0,0.0,0.0,0.0,0.08039671766523676,0.006240081787109375,0.0,0.0
76,0.17472000122070314,0.006240034103393554,0.0,0.0,0.1,"(100, 25, 100)",2,"{'NN__alpha': 0.1, 'NN__hidden_layer_sizes': (100, 25, 100), 'ica__n_components': 2}",74,0.0,0.0,0.0,0.0,0.0,0.0,0.0,0.0,0.0,0.0,0.026839262939602485,0.007642449765811762,0.0,0.0
77,0.1559999942779541,0.0031199932098388674,0.0,0.0,0.1,"(100, 25, 100)",3,"{'NN__alpha': 0.1, 'NN__hidden_layer_sizes': (100, 25, 100), 'ica__n_components': 3}",74,0.0,0.0,0.0,0.0,0.0,0.0,0.0,0.0,0.0,0.0,0.009866209433179137,0.006239986419677735,0.0,0.0
78,0.1653599262237549,0.0031199932098388674,0.0,0.0,0.1,"(100, 25, 100)",4,"{'NN__alpha': 0.1, 'NN__hidden_layer_sizes': (100, 25, 100), 'ica__n_components': 4}",74,0.0,0.0,0.0,0.0,0.0,0.0,0.0,0.0,0.0,0.0,0.015908878204868315,0.006239986419677735,0.0,0.0
79,0.15911998748779296,0.0031199932098388674,0.0,0.0,0.1,"(100, 25, 100)",5,"{'NN__alpha': 0.1, 'NN__hidden_layer_sizes': (100, 25, 100), 'ica__n_components': 5}",74,0.0,0.0,0.0,0.0,0.0,0.0,0.0,0.0,0.0,0.0,0.015284860597536733,0.006239986419677735,0.0,0.0
80,0.1684800624847412,0.006239938735961914,0.0,0.0,0.1,"(100, 25, 100)",6,"{'NN__alpha': 0.1, 'NN__hidden_layer_sizes': (100, 25, 100), 'ica__n_components': 6}",74,0.0,0.0,0.0,0.0,0.0,0.0,0.0,0.0,0.0,0.0,0.006239962580324957,0.007642332965038969,0.0,0.0
81,0.1653599739074707,0.0031199932098388674,0.0,0.0,0.1,"(100, 25, 100)",7,"{'NN__alpha': 0.1, 'NN__hidden_layer_sizes': (100, 25, 100), 'ica__n_components': 7}",74,0.0,0.0,0.0,0.0,0.0,0.0,0.0,0.0,0.0,0.0,0.007642371899125761,0.006239986419677735,0.0,0.0
82,0.16224002838134766,0.0031200408935546874,0.0,0.0,0.1,"(100, 25, 100)",8,"{'NN__alpha': 0.1, 'NN__hidden_layer_sizes': (100, 25, 100), 'ica__n_components': 8}",74,0.0,0.0,0.0,0.0,0.0,0.0,0.0,0.0,0.0,0.0,0.007642371899125761,0.006240081787109375,0.0,0.0
83,0.1684800148010254,0.0,0.0,0.0,0.1,"(100, 25, 100)",9,"{'NN__alpha': 0.1, 'NN__hidden_layer_sizes': (100, 25, 100), 'ica__n_components': 9}",74,0.0,0.0,0.0,0.0,0.0,0.0,0.0,0.0,0.0,0.0,0.00624005794775656,0.0,0.0,0.0
84,0.16224002838134766,0.0,0.012164502164502164,0.0031464626060505206,0.1,"(100, 25, 100)",10,"{'NN__alpha': 0.1, 'NN__hidden_layer_sizes': (100, 25, 100), 'ica__n_components': 10}",64,0.0,0.0,0.06060606060606061,0.015732313030252604,0.0,0.0,0.0,0.0,0.0,0.0,0.007642469232731191,0.0,0.024274831462117213,0.00629292521210104
85,0.2402400016784668,0.0,0.0,0.0,0.1,"(100, 25, 100)",15,"{'NN__alpha': 0.1, 'NN__hidden_layer_sizes': (100, 25, 100), 'ica__n_components': 15}",74,0.0,0.0,0.0,0.0,0.0,0.0,0.0,0.0,0.0,0.0,0.07155622847772629,0.0,0.0,0.0
86,0.23712005615234374,0.003119945526123047,0.0,0.0,0.1,"(100, 25, 100)",20,"{'NN__alpha': 0.1, 'NN__hidden_layer_sizes': (100, 25, 100), 'ica__n_components': 20}",74,0.0,0.0,0.0,0.0,0.0,0.0,0.0,0.0,0.0,0.0,0.0740958498209837,0.006239891052246094,0.0,0.0
87,0.24960012435913087,0.003119945526123047,0.0,0.0,0.1,"(100, 25, 100)",25,"{'NN__alpha': 0.1, 'NN__hidden_layer_sizes': (100, 25, 100), 'ica__n_components': 25}",74,0.0,0.0,0.0,0.0,0.0,0.0,0.0,0.0,0.0,0.0,0.08371841612669978,0.006239891052246094,0.0,0.0
88,0.23087987899780274,0.0031199932098388674,0.0,0.0,0.1,"(100, 25, 100)",30,"{'NN__alpha': 0.1, 'NN__hidden_layer_sizes': (100, 25, 100), 'ica__n_components': 30}",74,0.0,0.0,0.0,0.0,0.0,0.0,0.0,0.0,0.0,0.0,0.07917663233454802,0.006239986419677735,0.0,0.0
89,0.230880069732666,0.0,0.0,0.0,0.1,"(100, 25, 100)",35,"{'NN__alpha': 0.1, 'NN__hidden_layer_sizes': (100, 25, 100), 'ica__n_components': 35}",74,0.0,0.0,0.0,0.0,0.0,0.0,0.0,0.0,0.0,0.0,0.0727702378073377,0.0,0.0,0.0
90,0.24024004936218263,0.0031200408935546874,0.0,0.0,0.1,"(100, 25, 100)",40,"{'NN__alpha': 0.1, 'NN__hidden_layer_sizes': (100, 25, 100), 'ica__n_components': 40}",74,0.0,0.0,0.0,0.0,0.0,0.0,0.0,0.0,0.0,0.0,0.09074868255709033,0.006240081787109375,0.0,0.0
91,0.2402400016784668,0.009360027313232423,0.0,0.0,0.1,"(100, 25, 100)",45,"{'NN__alpha': 0.1, 'NN__hidden_layer_sizes': (100, 25, 100), 'ica__n_components': 45}",74,0.0,0.0,0.0,0.0,0.0,0.0,0.0,0.0,0.0,0.0,0.08464344864976371,0.007642430299140261,0.0,0.0
92,0.24335999488830568,0.0031200408935546874,0.0,0.0,0.1,"(100, 25, 100)",50,"{'NN__alpha': 0.1, 'NN__hidden_layer_sizes': (100, 25, 100), 'ica__n_components': 50}",74,0.0,0.0,0.0,0.0,0.0,0.0,0.0,0.0,0.0,0.0,0.07552728883813051,0.006240081787109375,0.0,0.0
93,0.2371199131011963,0.0,0.0,0.0,0.1,"(100, 25, 100)",55,"{'NN__alpha': 0.1, 'NN__hidden_layer_sizes': (100, 25, 100), 'ica__n_components': 55}",74,0.0,0.0,0.0,0.0,0.0,0.0,0.0,0.0,0.0,0.0,0.07409587592291376,0.0,0.0,0.0
94,0.24024004936218263,0.0,0.0,0.0,0.1,"(100, 25, 100)",60,"{'NN__alpha': 0.1, 'NN__hidden_layer_sizes': (100, 25, 100), 'ica__n_components': 60}",74,0.0,0.0,0.0,0.0,0.0,0.0,0.0,0.0,0.0,0.0,0.08521659628490783,0.0,0.0,0.0
95,0.09984002113342286,0.0,0.0,0.0,0.01,"(50, 50)",2,"{'NN__alpha': 0.01, 'NN__hidden_layer_sizes': (50, 50), 'ica__n_components': 2}",74,0.0,0.0,0.0,0.0,0.0,0.0,0.0,0.0,0.0,0.0,0.007642391365053469,0.0,0.0,0.0
96,0.11856002807617187,0.0,0.0,0.0,0.01,"(50, 50)",3,"{'NN__alpha': 0.01, 'NN__hidden_layer_sizes': (50, 50), 'ica__n_components': 3}",74,0.0,0.0,0.0,0.0,0.0,0.0,0.0,0.0,0.0,0.0,0.012480056285943555,0.0,0.0,0.0
97,0.09672002792358399,0.0,0.0,0.0,0.01,"(50, 50)",4,"{'NN__alpha': 0.01, 'NN__hidden_layer_sizes': (50, 50), 'ica__n_components': 4}",74,0.0,0.0,0.0,0.0,0.0,0.0,0.0,0.0,0.0,0.0,0.006239986419677736,0.0,0.0,0.0
98,0.09983997344970703,0.0,0.0,0.0,0.01,"(50, 50)",5,"{'NN__alpha': 0.01, 'NN__hidden_layer_sizes': (50, 50), 'ica__n_components': 5}",74,0.0,0.0,0.0,0.0,0.0,0.0,0.0,0.0,0.0,0.0,0.00764243029914026,0.0,0.0,0.0
99,0.10607991218566895,0.0,0.0,0.0,0.01,"(50, 50)",6,"{'NN__alpha': 0.01, 'NN__hidden_layer_sizes': (50, 50), 'ica__n_components': 6}",74,0.0,0.0,0.0,0.0,0.0,0.0,0.0,0.0,0.0,0.0,0.006239938736872876,0.0,0.0,0.0
100,0.09984011650085449,0.006239891052246094,0.0,0.0,0.01,"(50, 50)",7,"{'NN__alpha': 0.01, 'NN__hidden_layer_sizes': (50, 50), 'ica__n_components': 7}",74,0.0,0.0,0.0,0.0,0.0,0.0,0.0,0.0,0.0,0.0,0.007642508165826269,0.007642274564280669,0.0,0.0
101,0.10608000755310058,0.0031200408935546874,0.0,0.0,0.01,"(50, 50)",8,"{'NN__alpha': 0.01, 'NN__hidden_layer_sizes': (50, 50), 'ica__n_components': 8}",74,0.0,0.0,0.0,0.0,0.0,0.0,0.0,0.0,0.0,0.0,0.006239986421499643,0.006240081787109375,0.0,0.0
102,0.11232008934020996,0.0,0.0,0.0,0.01,"(50, 50)",9,"{'NN__alpha': 0.01, 'NN__hidden_layer_sizes': (50, 50), 'ica__n_components': 9}",74,0.0,0.0,0.0,0.0,0.0,0.0,0.0,0.0,0.0,0.0,0.015284763263745348,0.0,0.0,0.0
103,0.10296006202697754,0.0031199932098388674,0.0,0.0,0.01,"(50, 50)",10,"{'NN__alpha': 0.01, 'NN__hidden_layer_sizes': (50, 50), 'ica__n_components': 10}",74,0.0,0.0,0.0,0.0,0.0,0.0,0.0,0.0,0.0,0.0,0.00764243029914026,0.006239986419677735,0.0,0.0
104,0.1715999126434326,0.006239986419677735,0.0,0.0,0.01,"(50, 50)",15,"{'NN__alpha': 0.01, 'NN__hidden_layer_sizes': (50, 50), 'ica__n_components': 15}",74,0.0,0.0,0.0,0.0,0.0,0.0,0.0,0.0,0.0,0.0,0.08313505314313775,0.007642391365053469,0.0,0.0
105,0.17472000122070314,0.0031199932098388674,0.0,0.0,0.01,"(50, 50)",20,"{'NN__alpha': 0.01, 'NN__hidden_layer_sizes': (50, 50), 'ica__n_components': 20}",74,0.0,0.0,0.0,0.0,0.0,0.0,0.0,0.0,0.0,0.0,0.06792723986105909,0.006239986419677735,0.0,0.0
106,0.18408002853393554,0.003119945526123047,0.0,0.0,0.01,"(50, 50)",25,"{'NN__alpha': 0.01, 'NN__hidden_layer_sizes': (50, 50), 'ica__n_components': 25}",74,0.0,0.0,0.0,0.0,0.0,0.0,0.0,0.0,0.0,0.0,0.07343614945637432,0.006239891052246094,0.0,0.0
107,0.19032001495361328,0.0,0.0,0.0,0.01,"(50, 50)",30,"{'NN__alpha': 0.01, 'NN__hidden_layer_sizes': (50, 50), 'ica__n_components': 30}",74,0.0,0.0,0.0,0.0,0.0,0.0,0.0,0.0,0.0,0.0,0.09935130637281672,0.0,0.0,0.0
108,0.18407998085021973,0.0031199932098388674,0.0,0.0,0.01,"(50, 50)",35,"{'NN__alpha': 0.01, 'NN__hidden_layer_sizes': (50, 50), 'ica__n_components': 35}",74,0.0,0.0,0.0,0.0,0.0,0.0,0.0,0.0,0.0,0.0,0.06033792773514312,0.006239986419677735,0.0,0.0
109,0.24024004936218263,0.009359979629516601,0.0,0.0,0.01,"(50, 50)",40,"{'NN__alpha': 0.01, 'NN__hidden_layer_sizes': (50, 50), 'ica__n_components': 40}",74,0.0,0.0,0.0,0.0,0.0,0.0,0.0,0.0,0.0,0.0,0.14318047428578648,0.012480032444768856,0.0,0.0
110,0.17160000801086425,0.0031199932098388674,0.0,0.0,0.01,"(50, 50)",45,"{'NN__alpha': 0.01, 'NN__hidden_layer_sizes': (50, 50), 'ica__n_components': 45}",74,0.0,0.0,0.0,0.0,0.0,0.0,0.0,0.0,0.0,0.0,0.06544559789122335,0.006239986419677735,0.0,0.0
111,0.25584001541137696,0.0,0.0,0.0,0.01,"(50, 50)",50,"{'NN__alpha': 0.01, 'NN__hidden_layer_sizes': (50, 50), 'ica__n_components': 50}",74,0.0,0.0,0.0,0.0,0.0,0.0,0.0,0.0,0.0,0.0,0.19772037995851677,0.0,0.0,0.0
112,0.19032001495361328,0.0,0.0,0.0,0.01,"(50, 50)",55,"{'NN__alpha': 0.01, 'NN__hidden_layer_sizes': (50, 50), 'ica__n_components': 55}",74,0.0,0.0,0.0,0.0,0.0,0.0,0.0,0.0,0.0,0.0,0.11896971666773715,0.0,0.0,0.0
113,0.17472000122070314,0.0,0.0,0.0,0.01,"(50, 50)",60,"{'NN__alpha': 0.01, 'NN__hidden_layer_sizes': (50, 50), 'ica__n_components': 60}",74,0.0,0.0,0.0,0.0,0.0,0.0,0.0,0.0,0.0,0.0,0.07073523737286722,0.0,0.0,0.0
114,0.09671993255615234,0.009359979629516601,0.0,0.0,0.01,"(50,)",2,"{'NN__alpha': 0.01, 'NN__hidden_layer_sizes': (50,), 'ica__n_components': 2}",74,0.0,0.0,0.0,0.0,0.0,0.0,0.0,0.0,0.0,0.0,0.018192505786728333,0.0187199592590332,0.0,0.0
115,0.07175998687744141,0.0,0.0,0.0,0.01,"(50,)",3,"{'NN__alpha': 0.01, 'NN__hidden_layer_sizes': (50,), 'ica__n_components': 3}",74,0.0,0.0,0.0,0.0,0.0,0.0,0.0,0.0,0.0,0.0,0.007642313498367468,0.0,0.0,0.0
116,0.06239995956420898,0.0,0.0,0.006225339763261716,0.01,"(50,)",4,"{'NN__alpha': 0.01, 'NN__hidden_layer_sizes': (50,), 'ica__n_components': 4}",74,0.0,0.0,0.0,0.0,0.0,0.031126698816308578,0.0,0.0,0.0,0.0,1.1680077279964342e-07,0.0,0.0,0.012450679526523432
117,0.08736004829406738,0.006239891052246094,0.047968542859266404,0.07678337328141961,0.01,"(50,)",5,"{'NN__alpha': 0.01, 'NN__hidden_layer_sizes': (50,), 'ica__n_components': 5}",19,0.06060606060606061,0.015669751698345426,0.11632796075683252,0.17232851750618228,0.0,0.0,0.0,0.0,0.0625,0.19591859720257035,0.007642391365053469,0.007642274564280669,0.043941165400585555,0.08814570180289026
118,0.06239995956420898,0.0,0.0,0.0,0.01,"(50,)",6,"{'NN__alpha': 0.01, 'NN__hidden_layer_sizes': (50,), 'ica__n_components': 6}",74,0.0,0.0,0.0,0.0,0.0,0.0,0.0,0.0,0.0,0.0,0.013952980501446973,0.0,0.0,0.0
119,0.062400007247924806,0.0,0.0,0.0,0.01,"(50,)",7,"{'NN__alpha': 0.01, 'NN__hidden_layer_sizes': (50,), 'ica__n_components': 7}",74,0.0,0.0,0.0,0.0,0.0,0.0,0.0,0.0,0.0,0.0,1.1680077279964342e-07,0.0,0.0,0.0
120,0.10607991218566895,0.0,0.04674107142857143,0.03880081630568395,0.01,"(50,)",8,"{'NN__alpha': 0.01, 'NN__hidden_layer_sizes': (50,), 'ica__n_components': 8}",20,0.0,0.0,0.0,0.0,0.17142857142857143,0.10446663163426148,0.0,0.0,0.0625,0.08953744989415827,0.011673983872827169,0.0,0.0668676534921476,0.04775503183669808
121,0.07488002777099609,0.0,0.0,0.0,0.01,"(50,)",9,"{'NN__alpha': 0.01, 'NN__hidden_layer_sizes': (50,), 'ica__n_components': 9}",74,0.0,0.0,0.0,0.0,0.0,0.0,0.0,0.0,0.0,0.0,0.006240081788931256,0.0,0.0,0.0
122,0.08112001419067383,0.0,0.012311086596800884,0.01795885182592196,0.01,"(50,)",10,"{'NN__alpha': 0.01, 'NN__hidden_layer_sizes': (50,), 'ica__n_components': 10}",61,0.0,0.0,0.0,0.0,0.0,0.0,0.0,0.0,0.06177606177606178,0.0897942591296098,0.006240010264040759,0.0,0.024677268749610178,0.03591770365184392
123,0.177839994430542,0.0,0.024234990545822573,0.04244193930298175,0.01,"(50,)",15,"{'NN__alpha': 0.01, 'NN__hidden_layer_sizes': (50,), 'ica__n_components': 15}",42,0.06013766453326893,0.06141856473535272,0.06060606060606061,0.10486298115000779,0.0,0.0,0.0,0.0,0.0,0.045928150629548255,0.08464337131351286,0.0,0.029593897507709778,0.03967691739809971
124,0.17160000801086425,0.0,0.024234990545822573,0.04244193930298175,0.01,"(50,)",20,"{'NN__alpha': 0.01, 'NN__hidden_layer_sizes': (50,), 'ica__n_components': 20}",42,0.06013766453326893,0.06141856473535272,0.06060606060606061,0.10486298115000779,0.0,0.0,0.0,0.0,0.0,0.045928150629548255,0.06394091505819713,0.0,0.029593897507709778,0.03967691739809971
125,0.20591998100280762,0.0031200408935546874,0.024234990545822573,0.04244193930298175,0.01,"(50,)",25,"{'NN__alpha': 0.01, 'NN__hidden_layer_sizes': (50,), 'ica__n_components': 25}",42,0.06013766453326893,0.06141856473535272,0.06060606060606061,0.10486298115000779,0.0,0.0,0.0,0.0,0.0,0.045928150629548255,0.0760410902766187,0.006240081787109375,0.029593897507709778,0.03967691739809971
126,0.19656004905700683,0.0,0.024234990545822573,0.04244193930298175,0.01,"(50,)",30,"{'NN__alpha': 0.01, 'NN__hidden_layer_sizes': (50,), 'ica__n_components': 30}",42,0.06013766453326893,0.06141856473535272,0.06060606060606061,0.10486298115000779,0.0,0.0,0.0,0.0,0.0,0.045928150629548255,0.10281806281982506,0.0,0.029593897507709778,0.03967691739809971
127,0.16847996711730956,0.0031199932098388674,0.024234990545822573,0.04244193930298175,0.01,"(50,)",35,"{'NN__alpha': 0.01, 'NN__hidden_layer_sizes': (50,), 'ica__n_components': 35}",42,0.06013766453326893,0.06141856473535272,0.06060606060606061,0.10486298115000779,0.0,0.0,0.0,0.0,0.0,0.045928150629548255,0.07604106288577467,0.006239986419677735,0.029593897507709778,0.03967691739809971
128,0.24959993362426758,0.0031200408935546874,0.024234990545822573,0.04244193930298175,0.01,"(50,)",40,"{'NN__alpha': 0.01, 'NN__hidden_layer_sizes': (50,), 'ica__n_components': 40}",42,0.06013766453326893,0.06141856473535272,0.06060606060606061,0.10486298115000779,0.0,0.0,0.0,0.0,0.0,0.045928150629548255,0.17088935767407581,0.006240081787109375,0.029593897507709778,0.03967691739809971
129,0.1747199535369873,0.0031200408935546874,0.024234990545822573,0.04244193930298175,0.01,"(50,)",45,"{'NN__alpha': 0.01, 'NN__hidden_layer_sizes': (50,), 'ica__n_components': 45}",42,0.06013766453326893,0.06141856473535272,0.06060606060606061,0.10486298115000779,0.0,0.0,0.0,0.0,0.0,0.045928150629548255,0.08395058729857967,0.006240081787109375,0.029593897507709778,0.03967691739809971
130,0.18095998764038085,0.0,0.024234990545822573,0.04244193930298175,0.01,"(50,)",50,"{'NN__alpha': 0.01, 'NN__hidden_layer_sizes': (50,), 'ica__n_components': 50}",42,0.06013766453326893,0.06141856473535272,0.06060606060606061,0.10486298115000779,0.0,0.0,0.0,0.0,0.0,0.045928150629548255,0.08171787618279952,0.0,0.029593897507709778,0.03967691739809971
131,0.17472009658813475,0.0,0.024234990545822573,0.04244193930298175,0.01,"(50,)",55,"{'NN__alpha': 0.01, 'NN__hidden_layer_sizes': (50,), 'ica__n_components': 55}",42,0.06013766453326893,0.06141856473535272,0.06060606060606061,0.10486298115000779,0.0,0.0,0.0,0.0,0.0,0.045928150629548255,0.08791548230187428,0.0,0.029593897507709778,0.03967691739809971
132,0.2184000015258789,0.0,0.024234990545822573,0.04244193930298175,0.01,"(50,)",60,"{'NN__alpha': 0.01, 'NN__hidden_layer_sizes': (50,), 'ica__n_components': 60}",42,0.06013766453326893,0.06141856473535272,0.06060606060606061,0.10486298115000779,0.0,0.0,0.0,0.0,0.0,0.045928150629548255,0.13126264297087023,0.0,0.029593897507709778,0.03967691739809971
133,0.04055995941162109,0.0,0.0,0.0,0.01,"(25,)",2,"{'NN__alpha': 0.01, 'NN__hidden_layer_sizes': (25,), 'ica__n_components': 2}",74,0.0,0.0,0.0,0.0,0.0,0.0,0.0,0.0,0.0,0.0,0.00764243029914026,0.0,0.0,0.0
134,0.05616006851196289,0.0,0.0,0.0,0.01,"(25,)",3,"{'NN__alpha': 0.01, 'NN__hidden_layer_sizes': (25,), 'ica__n_components': 3}",74,0.0,0.0,0.0,0.0,0.0,0.0,0.0,0.0,0.0,0.0,0.0211608445861828,0.0,0.0,0.0
135,0.0530400276184082,0.0,0.0,0.0,0.01,"(25,)",4,"{'NN__alpha': 0.01, 'NN__hidden_layer_sizes': (25,), 'ica__n_components': 4}",74,0.0,0.0,0.0,0.0,0.0,0.0,0.0,0.0,0.0,0.0,0.007642371899125761,0.0,0.0,0.0
136,0.05616002082824707,0.006239938735961914,0.6666666666666671,0.6666666666666641,0.01,"(25,)",5,"{'NN__alpha': 0.01, 'NN__hidden_layer_sizes': (25,), 'ica__n_components': 5}",1,0.666666666666667,0.6666666666666633,0.666666666666668,0.666666666666663,0.6666666666666673,0.6666666666666751,0.6666666666666666,0.6666666666666596,0.6666666666666666,0.6666666666666596,0.018720006943052675,0.007642332965038969,4.992742367668646e-16,5.6936150927091966e-15
137,0.05616006851196289,0.003119945526123047,0.02353189246178176,0.027674339289070104,0.01,"(25,)",6,"{'NN__alpha': 0.01, 'NN__hidden_layer_sizes': (25,), 'ica__n_components': 6}",54,0.0,0.0,0.0,0.0,0.0,0.0,0.0,0.0,0.11808118081180813,0.13837169644535052,0.0076423524319583986,0.006239891052246094,0.04716909672434713,0.05534867857814021
138,0.062400007247924806,0.0,0.0,0.027330736158392523,0.01,"(25,)",7,"{'NN__alpha': 0.01, 'NN__hidden_layer_sizes': (25,), 'ica__n_components': 7}",74,0.0,0.0,0.0,0.0,0.0,0.07582229816317798,0.0,0.06083138262878463,0.0,0.0,1.1680077279964342e-07,0.0,0.0,0.03380719543670294
139,0.10295991897583008,0.0031200408935546874,0.012121212121212121,0.015193592068118683,0.01,"(25,)",8,"{'NN__alpha': 0.01, 'NN__hidden_layer_sizes': (25,), 'ica__n_components': 8}",70,0.0,0.07596796034059342,0.0,0.0,0.06060606060606061,0.0,0.0,0.0,0.0,0.0,0.015908962368851524,0.006240081787109375,0.02424242424242424,0.030387184136237366
140,0.0530400276184082,0.0031200408935546874,0.0,0.0,0.01,"(25,)",9,"{'NN__alpha': 0.01, 'NN__hidden_layer_sizes': (25,), 'ica__n_components': 9}",74,0.0,0.0,0.0,0.0,0.0,0.0,0.0,0.0,0.0,0.0,0.007642371899125761,0.006240081787109375,0.0,0.0
141,0.0530400276184082,0.0031199932098388674,0.0,0.0,0.01,"(25,)",10,"{'NN__alpha': 0.01, 'NN__hidden_layer_sizes': (25,), 'ica__n_components': 10}",74,0.0,0.0,0.0,0.0,0.0,0.0,0.0,0.0,0.0,0.0,0.007642371899125761,0.006239986419677735,0.0,0.0
142,0.13104004859924318,0.0031199932098388674,0.0,0.0,0.01,"(25,)",15,"{'NN__alpha': 0.01, 'NN__hidden_layer_sizes': (25,), 'ica__n_components': 15}",74,0.0,0.0,0.0,0.0,0.0,0.0,0.0,0.0,0.0,0.0,0.07806242624588797,0.006239986419677735,0.0,0.0
143,0.12479991912841797,0.0,0.0,0.0,0.01,"(25,)",20,"{'NN__alpha': 0.01, 'NN__hidden_layer_sizes': (25,), 'ica__n_components': 20}",74,0.0,0.0,0.0,0.0,0.0,0.0,0.0,0.0,0.0,0.0,0.07045950419581168,0.0,0.0,0.0
144,0.12915992736816406,0.00039997100830078123,0.0,0.0,0.01,"(25,)",25,"{'NN__alpha': 0.01, 'NN__hidden_layer_sizes': (25,), 'ica__n_components': 25}",74,0.0,0.0,0.0,0.0,0.0,0.0,0.0,0.0,0.0,0.0,0.0711018030889215,0.0007999420166015623,0.0,0.0
145,0.12276005744934082,0.003319978713989258,0.0,0.0,0.01,"(25,)",30,"{'NN__alpha': 0.01, 'NN__hidden_layer_sizes': (25,), 'ica__n_components': 30}",74,0.0,0.0,0.0,0.0,0.0,0.0,0.0,0.0,0.0,0.0,0.07160423185673204,0.006152194770584953,0.0,0.0
146,0.1372800350189209,0.0,0.0,0.0,0.01,"(25,)",35,"{'NN__alpha': 0.01, 'NN__hidden_layer_sizes': (25,), 'ica__n_components': 35}",74,0.0,0.0,0.0,0.0,0.0,0.0,0.0,0.0,0.0,0.0,0.08567228528239947,0.0,0.0,0.0
147,0.12792000770568848,0.0,0.0,0.0,0.01,"(25,)",40,"{'NN__alpha': 0.01, 'NN__hidden_layer_sizes': (25,), 'ica__n_components': 40}",74,0.0,0.0,0.0,0.0,0.0,0.0,0.0,0.0,0.0,0.0,0.0803967565255123,0.0,0.0,0.0
148,0.12168002128601074,0.0031200408935546874,0.0,0.0,0.01,"(25,)",45,"{'NN__alpha': 0.01, 'NN__hidden_layer_sizes': (25,), 'ica__n_components': 45}",74,0.0,0.0,0.0,0.0,0.0,0.0,0.0,0.0,0.0,0.0,0.07277018465238848,0.006240081787109375,0.0,0.0
149,0.13103995323181153,0.0,0.0,0.0,0.01,"(25,)",50,"{'NN__alpha': 0.01, 'NN__hidden_layer_sizes': (25,), 'ica__n_components': 50}",74,0.0,0.0,0.0,0.0,0.0,0.0,0.0,0.0,0.0,0.0,0.08406640234964438,0.0,0.0,0.0
150,0.12792000770568848,0.0031200408935546874,0.0,0.0,0.01,"(25,)",55,"{'NN__alpha': 0.01, 'NN__hidden_layer_sizes': (25,), 'ica__n_components': 55}",74,0.0,0.0,0.0,0.0,0.0,0.0,0.0,0.0,0.0,0.0,0.07409589198565428,0.006240081787109375,0.0,0.0
151,0.13104004859924318,0.0,0.0,0.0,0.01,"(25,)",60,"{'NN__alpha': 0.01, 'NN__hidden_layer_sizes': (25,), 'ica__n_components': 60}",74,0.0,0.0,0.0,0.0,0.0,0.0,0.0,0.0,0.0,0.0,0.07155619313297451,0.0,0.0,0.0
152,0.06551995277404785,0.0031200408935546874,0.0,0.0,0.01,"(25, 25)",2,"{'NN__alpha': 0.01, 'NN__hidden_layer_sizes': (25, 25), 'ica__n_components': 2}",74,0.0,0.0,0.0,0.0,0.0,0.0,0.0,0.0,0.0,0.0,0.006239938736872875,0.006240081787109375,0.0,0.0
153,0.07176003456115723,0.0031199932098388674,0.0,0.0,0.01,"(25, 25)",3,"{'NN__alpha': 0.01, 'NN__hidden_layer_sizes': (25, 25), 'ica__n_components': 3}",74,0.0,0.0,0.0,0.0,0.0,0.0,0.0,0.0,0.0,0.0,0.0076423524319583986,0.006239986419677735,0.0,0.0
154,0.10920000076293945,0.0,0.0,0.0031249999999999937,0.01,"(25, 25)",4,"{'NN__alpha': 0.01, 'NN__hidden_layer_sizes': (25, 25), 'ica__n_components': 4}",74,0.0,0.0,0.0,0.0,0.0,0.0,0.0,0.0,0.0,0.015624999999999969,0.017088906603582234,0.0,0.0,0.006249999999999987
155,0.07175993919372559,0.0,0.0,0.0,0.01,"(25, 25)",5,"{'NN__alpha': 0.01, 'NN__hidden_layer_sizes': (25, 25), 'ica__n_components': 5}",74,0.0,0.0,0.0,0.0,0.0,0.0,0.0,0.0,0.0,0.0,0.007642469232731191,0.0,0.0,0.0
156,0.11543993949890137,0.0,0.023613445378151257,0.017991574942247564,0.01,"(25, 25)",6,"{'NN__alpha': 0.01, 'NN__hidden_layer_sizes': (25, 25), 'ica__n_components': 6}",52,0.0,0.0,0.11764705882352941,0.08995787471123783,0.0,0.0,0.0,0.0,0.0,0.0,0.015908878205582924,0.0,0.04712173166175694,0.03598314988449513
157,0.07488002777099609,0.0031200408935546874,0.0,0.0,0.01,"(25, 25)",7,"{'NN__alpha': 0.01, 'NN__hidden_layer_sizes': (25, 25), 'ica__n_components': 7}",74,0.0,0.0,0.0,0.0,0.0,0.0,0.0,0.0,0.0,0.0,0.006239962580324957,0.006240081787109375,0.0,0.0
158,0.12168011665344239,0.003119945526123047,0.0,0.0,0.01,"(25, 25)",8,"{'NN__alpha': 0.01, 'NN__hidden_layer_sizes': (25, 25), 'ica__n_components': 8}",74,0.0,0.0,0.0,0.0,0.0,0.0,0.0,0.0,0.0,0.0,0.011673920152816406,0.006239891052246094,0.0,0.0
159,0.09983997344970703,0.0031199932098388674,0.0,0.0,0.01,"(25, 25)",9,"{'NN__alpha': 0.01, 'NN__hidden_layer_sizes': (25, 25), 'ica__n_components': 9}",74,0.0,0.0,0.0,0.0,0.0,0.0,0.0,0.0,0.0,0.0,0.012479996681554986,0.006239986419677735,0.0,0.0
160,0.11855998039245605,0.0031199932098388674,0.0,0.0,0.01,"(25, 25)",10,"{'NN__alpha': 0.01, 'NN__hidden_layer_sizes': (25, 25), 'ica__n_components': 10}",74,0.0,0.0,0.0,0.0,0.0,0.0,0.0,0.0,0.0,0.0,0.007642488699898547,0.006239986419677735,0.0,0.0
161,0.15287995338439941,0.0,0.0,0.0,0.01,"(25, 25)",15,"{'NN__alpha': 0.01, 'NN__hidden_layer_sizes': (25, 25), 'ica__n_components': 15}",74,0.0,0.0,0.0,0.0,0.0,0.0,0.0,0.0,0.0,0.0,0.07343608260212971,0.0,0.0,0.0
162,0.14976005554199218,0.009359931945800782,0.0,0.0,0.01,"(25, 25)",20,"{'NN__alpha': 0.01, 'NN__hidden_layer_sizes': (25, 25), 'ica__n_components': 20}",74,0.0,0.0,0.0,0.0,0.0,0.0,0.0,0.0,0.0,0.0,0.07552721792539996,0.007642352431958399,0.0,0.0
163,0.14976000785827637,0.0031200408935546874,0.0,0.0,0.01,"(25, 25)",25,"{'NN__alpha': 0.01, 'NN__hidden_layer_sizes': (25, 25), 'ica__n_components': 25}",74,0.0,0.0,0.0,0.0,0.0,0.0,0.0,0.0,0.0,0.0,0.0755272533817886,0.006240081787109375,0.0,0.0
164,0.14976000785827637,0.0,0.0,0.0,0.01,"(25, 25)",30,"{'NN__alpha': 0.01, 'NN__hidden_layer_sizes': (25, 25), 'ica__n_components': 30}",74,0.0,0.0,0.0,0.0,0.0,0.0,0.0,0.0,0.0,0.0,0.06948584563178958,0.0,0.0,0.0
165,0.15600004196166992,0.0,0.0,0.0,0.01,"(25, 25)",35,"{'NN__alpha': 0.01, 'NN__hidden_layer_sizes': (25, 25), 'ica__n_components': 35}",74,0.0,0.0,0.0,0.0,0.0,0.0,0.0,0.0,0.0,0.0,0.07705833128767056,0.0,0.0,0.0
166,0.14975996017456056,0.0031199932098388674,0.0,0.0,0.01,"(25, 25)",40,"{'NN__alpha': 0.01, 'NN__hidden_layer_sizes': (25, 25), 'ica__n_components': 40}",74,0.0,0.0,0.0,0.0,0.0,0.0,0.0,0.0,0.0,0.0,0.06878167801990005,0.006239986419677735,0.0,0.0
167,0.15600004196166992,0.0,0.0,0.0,0.01,"(25, 25)",45,"{'NN__alpha': 0.01, 'NN__hidden_layer_sizes': (25, 25), 'ica__n_components': 45}",74,0.0,0.0,0.0,0.0,0.0,0.0,0.0,0.0,0.0,0.0,0.07705833128767056,0.0,0.0,0.0
168,0.1559999942779541,0.0,0.0,0.0,0.01,"(25, 25)",50,"{'NN__alpha': 0.01, 'NN__hidden_layer_sizes': (25, 25), 'ica__n_components': 50}",74,0.0,0.0,0.0,0.0,0.0,0.0,0.0,0.0,0.0,0.0,0.07705824440825347,0.0,0.0,0.0
169,0.15288000106811522,0.003119945526123047,0.0,0.0,0.01,"(25, 25)",55,"{'NN__alpha': 0.01, 'NN__hidden_layer_sizes': (25, 25), 'ica__n_components': 55}",74,0.0,0.0,0.0,0.0,0.0,0.0,0.0,0.0,0.0,0.0,0.0727703298064549,0.006239891052246094,0.0,0.0
170,0.15288004875183106,0.0,0.0,0.0,0.01,"(25, 25)",60,"{'NN__alpha': 0.01, 'NN__hidden_layer_sizes': (25, 25), 'ica__n_components': 60}",74,0.0,0.0,0.0,0.0,0.0,0.0,0.0,0.0,0.0,0.0,0.07917672628462162,0.0,0.0,0.0
171,0.16224007606506347,0.006239891052246094,0.0,0.0,0.01,"(100, 25, 100)",2,"{'NN__alpha': 0.01, 'NN__hidden_layer_sizes': (100, 25, 100), 'ica__n_components': 2}",74,0.0,0.0,0.0,0.0,0.0,0.0,0.0,0.0,0.0,0.0,0.012479937076881746,0.007642274564280669,0.0,0.0
172,0.15287995338439941,0.0,0.0,0.0,0.01,"(100, 25, 100)",3,"{'NN__alpha': 0.01, 'NN__hidden_layer_sizes': (100, 25, 100), 'ica__n_components': 3}",74,0.0,0.0,0.0,0.0,0.0,0.0,0.0,0.0,0.0,0.0,0.011674085824900038,0.0,0.0,0.0
173,0.1903200626373291,0.0,0.0,0.0,0.01,"(100, 25, 100)",4,"{'NN__alpha': 0.01, 'NN__hidden_layer_sizes': (100, 25, 100), 'ica__n_components': 4}",74,0.0,0.0,0.0,0.0,0.0,0.0,0.0,0.0,0.0,0.0,0.06113925258796431,0.0,0.0,0.0
174,0.15288004875183106,0.0031199932098388674,0.0,0.0,0.01,"(100, 25, 100)",5,"{'NN__alpha': 0.01, 'NN__hidden_layer_sizes': (100, 25, 100), 'ica__n_components': 5}",74,0.0,0.0,0.0,0.0,0.0,0.0,0.0,0.0,0.0,0.0,0.006239938736872875,0.006239986419677735,0.0,0.0
175,0.16224007606506347,0.0,0.0,0.0,0.01,"(100, 25, 100)",6,"{'NN__alpha': 0.01, 'NN__hidden_layer_sizes': (100, 25, 100), 'ica__n_components': 6}",74,0.0,0.0,0.0,0.0,0.0,0.0,0.0,0.0,0.0,0.0,0.00764243029914026,0.0,0.0,0.0
176,0.16224002838134766,0.0,0.0,0.0,0.01,"(100, 25, 100)",7,"{'NN__alpha': 0.01, 'NN__hidden_layer_sizes': (100, 25, 100), 'ica__n_components': 7}",74,0.0,0.0,0.0,0.0,0.0,0.0,0.0,0.0,0.0,0.0,0.007642371899125761,0.0,0.0,0.0
177,0.1653600215911865,0.0,0.0,0.0,0.01,"(100, 25, 100)",8,"{'NN__alpha': 0.01, 'NN__hidden_layer_sizes': (100, 25, 100), 'ica__n_components': 8}",74,0.0,0.0,0.0,0.0,0.0,0.0,0.0,0.0,0.0,0.0,0.0076424108327166895,0.0,0.0,0.0
178,0.16224007606506347,0.0,0.0,0.0,0.01,"(100, 25, 100)",9,"{'NN__alpha': 0.01, 'NN__hidden_layer_sizes': (100, 25, 100), 'ica__n_components': 9}",74,0.0,0.0,0.0,0.0,0.0,0.0,0.0,0.0,0.0,0.0,0.007642430299140261,0.0,0.0,0.0
179,0.1622398853302002,0.0,0.012164502164502164,0.0031464626060505206,0.01,"(100, 25, 100)",10,"{'NN__alpha': 0.01, 'NN__hidden_layer_sizes': (100, 25, 100), 'ica__n_components': 10}",64,0.0,0.0,0.06060606060606061,0.015732313030252604,0.0,0.0,0.0,0.0,0.0,0.0,0.007642391365053469,0.0,0.024274831462117213,0.00629292521210104
180,0.23712005615234374,0.0,0.0,0.0,0.01,"(100, 25, 100)",15,"{'NN__alpha': 0.01, 'NN__hidden_layer_sizes': (100, 25, 100), 'ica__n_components': 15}",74,0.0,0.0,0.0,0.0,0.0,0.0,0.0,0.0,0.0,0.0,0.08099995155985791,0.0,0.0,0.0
181,0.23087997436523439,0.003119945526123047,0.0,0.0,0.01,"(100, 25, 100)",20,"{'NN__alpha': 0.01, 'NN__hidden_layer_sizes': (100, 25, 100), 'ica__n_components': 20}",74,0.0,0.0,0.0,0.0,0.0,0.0,0.0,0.0,0.0,0.0,0.07917664548760238,0.006239891052246094,0.0,0.0
182,0.2371199607849121,0.0,0.0,0.0,0.01,"(100, 25, 100)",25,"{'NN__alpha': 0.01, 'NN__hidden_layer_sizes': (100, 25, 100), 'ica__n_components': 25}",74,0.0,0.0,0.0,0.0,0.0,0.0,0.0,0.0,0.0,0.0,0.08039679538574078,0.0,0.0,0.0
183,0.23712010383605958,0.003119945526123047,0.0,0.0,0.01,"(100, 25, 100)",30,"{'NN__alpha': 0.01, 'NN__hidden_layer_sizes': (100, 25, 100), 'ica__n_components': 30}",74,0.0,0.0,0.0,0.0,0.0,0.0,0.0,0.0,0.0,0.0,0.07409580765625844,0.006239891052246094,0.0,0.0
184,0.2308800220489502,0.006239986419677735,0.0,0.0,0.01,"(100, 25, 100)",35,"{'NN__alpha': 0.01, 'NN__hidden_layer_sizes': (100, 25, 100), 'ica__n_components': 35}",74,0.0,0.0,0.0,0.0,0.0,0.0,0.0,0.0,0.0,0.0,0.07917670373661986,0.007642391365053469,0.0,0.0
185,0.2340000629425049,0.0,0.0,0.0,0.01,"(100, 25, 100)",40,"{'NN__alpha': 0.01, 'NN__hidden_layer_sizes': (100, 25, 100), 'ica__n_components': 40}",74,0.0,0.0,0.0,0.0,0.0,0.0,0.0,0.0,0.0,0.0,0.0764241277853716,0.0,0.0,0.0
186,0.23712010383605958,0.003119945526123047,0.0,0.0,0.01,"(100, 25, 100)",45,"{'NN__alpha': 0.01, 'NN__hidden_layer_sizes': (100, 25, 100), 'ica__n_components': 45}",74,0.0,0.0,0.0,0.0,0.0,0.0,0.0,0.0,0.0,0.0,0.08039678058182219,0.006239891052246094,0.0,0.0
187,0.2371199607849121,0.0031199932098388674,0.0,0.0,0.01,"(100, 25, 100)",50,"{'NN__alpha': 0.01, 'NN__hidden_layer_sizes': (100, 25, 100), 'ica__n_components': 50}",74,0.0,0.0,0.0,0.0,0.0,0.0,0.0,0.0,0.0,0.0,0.0740959241112169,0.006239986419677735,0.0,0.0
188,0.2371199607849121,0.0031199932098388674,0.0,0.0,0.01,"(100, 25, 100)",55,"{'NN__alpha': 0.01, 'NN__hidden_layer_sizes': (100, 25, 100), 'ica__n_components': 55}",74,0.0,0.0,0.0,0.0,0.0,0.0,0.0,0.0,0.0,0.0,0.09636707365080949,0.006239986419677735,0.0,0.0
189,0.24023990631103515,0.0,0.0,0.0,0.01,"(100, 25, 100)",60,"{'NN__alpha': 0.01, 'NN__hidden_layer_sizes': (100, 25, 100), 'ica__n_components': 60}",74,0.0,0.0,0.0,0.0,0.0,0.0,0.0,0.0,0.0,0.0,0.07290399571252555,0.0,0.0,0.0
190,0.09672002792358399,0.006240034103393554,0.0,0.0,0.001,"(50, 50)",2,"{'NN__alpha': 0.001, 'NN__hidden_layer_sizes': (50, 50), 'ica__n_components': 2}",74,0.0,0.0,0.0,0.0,0.0,0.0,0.0,0.0,0.0,0.0,0.006240105629650488,0.007642449765811762,0.0,0.0
191,0.10920004844665528,0.0,0.0,0.0,0.001,"(50, 50)",3,"{'NN__alpha': 0.001, 'NN__hidden_layer_sizes': (50, 50), 'ica__n_components': 3}",74,0.0,0.0,0.0,0.0,0.0,0.0,0.0,0.0,0.0,0.0,0.009866360223250237,0.0,0.0,0.0
192,0.09983997344970703,0.0,0.0,0.0,0.001,"(50, 50)",4,"{'NN__alpha': 0.001, 'NN__hidden_layer_sizes': (50, 50), 'ica__n_components': 4}",74,0.0,0.0,0.0,0.0,0.0,0.0,0.0,0.0,0.0,0.0,0.007642332965038967,0.0,0.0,0.0
193,0.09984002113342286,0.0,0.0,0.0,0.001,"(50, 50)",5,"{'NN__alpha': 0.001, 'NN__hidden_layer_sizes': (50, 50), 'ica__n_components': 5}",74,0.0,0.0,0.0,0.0,0.0,0.0,0.0,0.0,0.0,0.0,0.007642391365053469,0.0,0.0,0.0
194,0.10296006202697754,0.0,0.0,0.0,0.001,"(50, 50)",6,"{'NN__alpha': 0.001, 'NN__hidden_layer_sizes': (50, 50), 'ica__n_components': 6}",74,0.0,0.0,0.0,0.0,0.0,0.0,0.0,0.0,0.0,0.0,0.007642430299140261,0.0,0.0,0.0
195,0.10607995986938476,0.0,0.0,0.0,0.001,"(50, 50)",7,"{'NN__alpha': 0.001, 'NN__hidden_layer_sizes': (50, 50), 'ica__n_components': 7}",74,0.0,0.0,0.0,0.0,0.0,0.0,0.0,0.0,0.0,0.0,0.006240081787109375,0.0,0.0,0.0
196,0.09984006881713867,0.0031199932098388674,0.0,0.0,0.001,"(50, 50)",8,"{'NN__alpha': 0.001, 'NN__hidden_layer_sizes': (50, 50), 'ica__n_components': 8}",74,0.0,0.0,0.0,0.0,0.0,0.0,0.0,0.0,0.0,0.0,0.007642449765811762,0.006239986419677735,0.0,0.0
197,0.1123199462890625,0.0,0.0,0.0,0.001,"(50, 50)",9,"{'NN__alpha': 0.001, 'NN__hidden_layer_sizes': (50, 50), 'ica__n_components': 9}",74,0.0,0.0,0.0,0.0,0.0,0.0,0.0,0.0,0.0,0.0,0.0062400102622188576,0.0,0.0,0.0
198,0.10608000755310058,0.0,0.0,0.0,0.001,"(50, 50)",10,"{'NN__alpha': 0.001, 'NN__hidden_layer_sizes': (50, 50), 'ica__n_components': 10}",74,0.0,0.0,0.0,0.0,0.0,0.0,0.0,0.0,0.0,0.0,0.006239986419677736,0.0,0.0,0.0
199,0.16847987174987794,0.0,0.0,0.0,0.001,"(50, 50)",15,"{'NN__alpha': 0.001, 'NN__hidden_layer_sizes': (50, 50), 'ica__n_components': 15}",74,0.0,0.0,0.0,0.0,0.0,0.0,0.0,0.0,0.0,0.0,0.07277031549544362,0.0,0.0,0.0
200,0.1684800624847412,0.006239986419677735,0.0,0.0,0.001,"(50, 50)",20,"{'NN__alpha': 0.001, 'NN__hidden_layer_sizes': (50, 50), 'ica__n_components': 20}",74,0.0,0.0,0.0,0.0,0.0,0.0,0.0,0.0,0.0,0.0,0.07343606842095131,0.007642391365053469,0.0,0.0
201,0.1684800624847412,0.006239938735961914,0.0,0.0,0.001,"(50, 50)",25,"{'NN__alpha': 0.001, 'NN__hidden_layer_sizes': (50, 50), 'ica__n_components': 25}",74,0.0,0.0,0.0,0.0,0.0,0.0,0.0,0.0,0.0,0.0,0.06647858699923978,0.007642332965038969,0.0,0.0
202,0.177839994430542,0.0,0.0,0.0,0.001,"(50, 50)",30,"{'NN__alpha': 0.001, 'NN__hidden_layer_sizes': (50, 50), 'ica__n_components': 30}",74,0.0,0.0,0.0,0.0,0.0,0.0,0.0,0.0,0.0,0.0,0.0715561577881735,0.0,0.0,0.0
203,0.17160000801086425,0.0031200408935546874,0.0,0.0,0.001,"(50, 50)",35,"{'NN__alpha': 0.001, 'NN__hidden_layer_sizes': (50, 50), 'ica__n_components': 35}",74,0.0,0.0,0.0,0.0,0.0,0.0,0.0,0.0,0.0,0.0,0.07705841816728479,0.006240081787109375,0.0,0.0
204,0.17159996032714844,0.0,0.0,0.0,0.001,"(50, 50)",40,"{'NN__alpha': 0.001, 'NN__hidden_layer_sizes': (50, 50), 'ica__n_components': 40}",74,0.0,0.0,0.0,0.0,0.0,0.0,0.0,0.0,0.0,0.0,0.0704594830810163,0.0,0.0,0.0
205,0.17472004890441895,0.003119945526123047,0.0,0.0,0.001,"(50, 50)",45,"{'NN__alpha': 0.001, 'NN__hidden_layer_sizes': (50, 50), 'ica__n_components': 45}",74,0.0,0.0,0.0,0.0,0.0,0.0,0.0,0.0,0.0,0.0,0.07409596627609069,0.006239891052246094,0.0,0.0
206,0.17160000801086425,0.0031199932098388674,0.0,0.0,0.001,"(50, 50)",50,"{'NN__alpha': 0.001, 'NN__hidden_layer_sizes': (50, 50), 'ica__n_components': 50}",74,0.0,0.0,0.0,0.0,0.0,0.0,0.0,0.0,0.0,0.0,0.0764239915179149,0.006239986419677735,0.0,0.0
207,0.18096003532409669,0.0031200408935546874,0.0,0.0,0.001,"(50, 50)",55,"{'NN__alpha': 0.001, 'NN__hidden_layer_sizes': (50, 50), 'ica__n_components': 55}",74,0.0,0.0,0.0,0.0,0.0,0.0,0.0,0.0,0.0,0.0,0.0687816585531459,0.006240081787109375,0.0,0.0
208,0.177839994430542,0.0,0.0,0.0,0.001,"(50, 50)",60,"{'NN__alpha': 0.001, 'NN__hidden_layer_sizes': (50, 50), 'ica__n_components': 60}",74,0.0,0.0,0.0,0.0,0.0,0.0,0.0,0.0,0.0,0.0,0.07806247960895255,0.0,0.0,0.0
209,0.08111991882324218,0.0,0.0,0.0,0.001,"(50,)",2,"{'NN__alpha': 0.001, 'NN__hidden_layer_sizes': (50,), 'ica__n_components': 2}",74,0.0,0.0,0.0,0.0,0.0,0.0,0.0,0.0,0.0,0.0,0.006240057945934672,0.0,0.0,0.0
210,0.07175993919372559,0.0,0.0,0.0,0.001,"(50,)",3,"{'NN__alpha': 0.001, 'NN__hidden_layer_sizes': (50,), 'ica__n_components': 3}",74,0.0,0.0,0.0,0.0,0.0,0.0,0.0,0.0,0.0,0.0,0.007642469232731191,0.0,0.0,0.0
211,0.07175989151000976,0.0,0.0,0.009265905383360504,0.001,"(50,)",4,"{'NN__alpha': 0.001, 'NN__hidden_layer_sizes': (50,), 'ica__n_components': 4}",74,0.0,0.0,0.0,0.0,0.0,0.046329526916802526,0.0,0.0,0.0,0.0,0.007642430299140261,0.0,0.0,0.01853181076672101
212,0.08735995292663574,0.0,0.07049649139467361,0.11353164257132006,0.001,"(50,)",5,"{'NN__alpha': 0.001, 'NN__hidden_layer_sizes': (50,), 'ica__n_components': 5}",15,0.06060606060606061,0.015685345338230048,0.16956077630234934,0.185358289000409,0.05921680993314231,0.1713940856970425,0.0,0.0,0.0625,0.19522049282091886,0.007642508165826268,0.0,0.054936152868626145,0.08676811564623997
213,0.06239991188049317,0.0,0.0,0.0,0.001,"(50,)",6,"{'NN__alpha': 0.001, 'NN__hidden_layer_sizes': (50,), 'ica__n_components': 6}",74,0.0,0.0,0.0,0.0,0.0,0.0,0.0,0.0,0.0,0.0,0.009866284827811395,0.0,0.0,0.0
214,0.06863999366760254,0.0,0.0,0.0,0.001,"(50,)",7,"{'NN__alpha': 0.001, 'NN__hidden_layer_sizes': (50,), 'ica__n_components': 7}",74,0.0,0.0,0.0,0.0,0.0,0.0,0.0,0.0,0.0,0.0,0.007642371899125761,0.0,0.0,0.0
215,0.1092000961303711,0.0,0.05689980158730159,0.059396972907186665,0.001,"(50,)",8,"{'NN__alpha': 0.001, 'NN__hidden_layer_sizes': (50,), 'ica__n_components': 8}",17,0.0,0.06118016727507964,0.0,0.0,0.2222222222222222,0.13221601489757887,0.0,0.0,0.0625,0.10358868236327479,0.00986628482804185,0.0,0.08612441936309832,0.05350644937627169
216,0.06552004814147949,0.0031199932098388674,0.0,0.0,0.001,"(50,)",9,"{'NN__alpha': 0.001, 'NN__hidden_layer_sizes': (50,), 'ica__n_components': 9}",74,0.0,0.0,0.0,0.0,0.0,0.0,0.0,0.0,0.0,0.0,0.01167395838466983,0.006239986419677735,0.0,0.0
217,0.07487993240356446,0.0,0.012311086596800884,0.01795885182592196,0.001,"(50,)",10,"{'NN__alpha': 0.001, 'NN__hidden_layer_sizes': (50,), 'ica__n_components': 10}",61,0.0,0.0,0.0,0.0,0.0,0.0,0.0,0.0,0.06177606177606178,0.0897942591296098,0.011674034848585363,0.0,0.024677268749610178,0.03591770365184392
218,0.17159996032714844,0.0,0.036690347688679716,0.04525982867560359,0.001,"(50,)",15,"{'NN__alpha': 0.001, 'NN__hidden_layer_sizes': (50,), 'ica__n_components': 15}",21,0.06013766453326893,0.06141856473535272,0.06060606060606061,0.11895242801311699,0.0,0.0,0.0,0.0,0.0625,0.045928150629548255,0.08371831838781729,0.0,0.029923431360144966,0.04424715761694082
219,0.1622398853302002,0.0,0.036690347688679716,0.04525982867560359,0.001,"(50,)",20,"{'NN__alpha': 0.001, 'NN__hidden_layer_sizes': (50,), 'ica__n_components': 20}",21,0.06013766453326893,0.06141856473535272,0.06060606060606061,0.11895242801311699,0.0,0.0,0.0,0.0,0.0625,0.045928150629548255,0.06589033990132032,0.0,0.029923431360144966,0.04424715761694082
220,0.1591200828552246,0.003119945526123047,0.036690347688679716,0.04525982867560359,0.001,"(50,)",25,"{'NN__alpha': 0.001, 'NN__hidden_layer_sizes': (50,), 'ica__n_components': 25}",21,0.06013766453326893,0.06141856473535272,0.06060606060606061,0.11895242801311699,0.0,0.0,0.0,0.0,0.0625,0.045928150629548255,0.07409596627593726,0.006239891052246094,0.029923431360144966,0.04424715761694082
221,0.1653599739074707,0.0,0.036690347688679716,0.04525982867560359,0.001,"(50,)",30,"{'NN__alpha': 0.001, 'NN__hidden_layer_sizes': (50,), 'ica__n_components': 30}",21,0.06013766453326893,0.06141856473535272,0.06060606060606061,0.11895242801311699,0.0,0.0,0.0,0.0,0.0625,0.045928150629548255,0.08802605051213828,0.0,0.029923431360144966,0.04424715761694082
222,0.15288004875183106,0.0031199932098388674,0.036690347688679716,0.04525982867560359,0.001,"(50,)",35,"{'NN__alpha': 0.001, 'NN__hidden_layer_sizes': (50,), 'ica__n_components': 35}",21,0.06013766453326893,0.06141856473535272,0.06060606060606061,0.11895242801311699,0.0,0.0,0.0,0.0,0.0625,0.045928150629548255,0.07277030118446078,0.006239986419677735,0.029923431360144966,0.04424715761694082
223,0.1653600215911865,0.0,0.036690347688679716,0.04525982867560359,0.001,"(50,)",40,"{'NN__alpha': 0.001, 'NN__hidden_layer_sizes': (50,), 'ica__n_components': 40}",21,0.06013766453326893,0.06141856473535272,0.06060606060606061,0.11895242801311699,0.0,0.0,0.0,0.0,0.0625,0.045928150629548255,0.06878160015288347,0.0,0.029923431360144966,0.04424715761694082
224,0.1591200351715088,0.0031199932098388674,0.036690347688679716,0.04525982867560359,0.001,"(50,)",45,"{'NN__alpha': 0.001, 'NN__hidden_layer_sizes': (50,), 'ica__n_components': 45}",21,0.06013766453326893,0.06141856473535272,0.06060606060606061,0.11895242801311699,0.0,0.0,0.0,0.0,0.0625,0.045928150629548255,0.07409591808778429,0.006239986419677735,0.029923431360144966,0.04424715761694082
225,0.1653599739074707,0.0,0.036690347688679716,0.04525982867560359,0.001,"(50,)",50,"{'NN__alpha': 0.001, 'NN__hidden_layer_sizes': (50,), 'ica__n_components': 50}",21,0.06013766453326893,0.06141856473535272,0.06060606060606061,0.11895242801311699,0.0,0.0,0.0,0.0,0.0625,0.045928150629548255,0.06878163908641931,0.0,0.029923431360144966,0.04424715761694082
226,0.16223998069763185,0.0031199932098388674,0.036690347688679716,0.04525982867560359,0.001,"(50,)",55,"{'NN__alpha': 0.001, 'NN__hidden_layer_sizes': (50,), 'ica__n_components': 55}",21,0.06013766453326893,0.06141856473535272,0.06060606060606061,0.11895242801311699,0.0,0.0,0.0,0.0,0.0625,0.045928150629548255,0.07806232142547113,0.006239986419677735,0.029923431360144966,0.04424715761694082
227,0.16223998069763185,0.006240034103393554,0.036690347688679716,0.04525982867560359,0.001,"(50,)",60,"{'NN__alpha': 0.001, 'NN__hidden_layer_sizes': (50,), 'ica__n_components': 60}",21,0.06013766453326893,0.06141856473535272,0.06060606060606061,0.11895242801311699,0.0,0.0,0.0,0.0,0.0625,0.045928150629548255,0.07806241671679146,0.007642449765811761,0.029923431360144966,0.04424715761694082
228,0.04992003440856933,0.0,0.0,0.0,0.001,"(25,)",2,"{'NN__alpha': 0.001, 'NN__hidden_layer_sizes': (25,), 'ica__n_components': 2}",74,0.0,0.0,0.0,0.0,0.0,0.0,0.0,0.0,0.0,0.0,0.006239914894787228,0.0,0.0,0.0
229,0.040559911727905275,0.003119945526123047,0.0,0.0,0.001,"(25,)",3,"{'NN__alpha': 0.001, 'NN__hidden_layer_sizes': (25,), 'ica__n_components': 3}",74,0.0,0.0,0.0,0.0,0.0,0.0,0.0,0.0,0.0,0.0,0.007642391365053469,0.006239891052246094,0.0,0.0
230,0.059280014038085936,0.0,0.0,0.0,0.001,"(25,)",4,"{'NN__alpha': 0.001, 'NN__hidden_layer_sizes': (25,), 'ica__n_components': 4}",74,0.0,0.0,0.0,0.0,0.0,0.0,0.0,0.0,0.0,0.0,0.006239938736872875,0.0,0.0,0.0
231,0.04992003440856933,0.0,0.6666666666666671,0.6666666666666641,0.001,"(25,)",5,"{'NN__alpha': 0.001, 'NN__hidden_layer_sizes': (25,), 'ica__n_components': 5}",1,0.666666666666667,0.6666666666666633,0.666666666666668,0.666666666666663,0.6666666666666673,0.6666666666666751,0.6666666666666666,0.6666666666666596,0.6666666666666666,0.6666666666666596,0.006239914894787228,0.0,4.992742367668646e-16,5.6936150927091966e-15
232,0.05616002082824707,0.0,0.02353189246178176,0.027674339289070104,0.001,"(25,)",6,"{'NN__alpha': 0.001, 'NN__hidden_layer_sizes': (25,), 'ica__n_components': 6}",54,0.0,0.0,0.0,0.0,0.0,0.0,0.0,0.0,0.11808118081180813,0.13837169644535052,0.012479865551080277,0.0,0.04716909672434713,0.05534867857814021
233,0.06552004814147949,0.006239986419677735,0.0,0.027316175170801177,0.001,"(25,)",7,"{'NN__alpha': 0.001, 'NN__hidden_layer_sizes': (25,), 'ica__n_components': 7}",74,0.0,0.0,0.0,0.0,0.0,0.07574949322522125,0.0,0.06083138262878463,0.0,0.0,0.006239891052246094,0.007642391365053469,0.0,0.033786315888530864
234,0.0935999870300293,0.0,0.012121212121212121,0.0,0.001,"(25,)",8,"{'NN__alpha': 0.001, 'NN__hidden_layer_sizes': (25,), 'ica__n_components': 8}",70,0.0,0.0,0.0,0.0,0.06060606060606061,0.0,0.0,0.0,0.0,0.0,0.009866209432948681,0.0,0.02424242424242424,0.0
235,0.05927996635437012,0.0,0.0,0.0,0.001,"(25,)",9,"{'NN__alpha': 0.001, 'NN__hidden_layer_sizes': (25,), 'ica__n_components': 9}",74,0.0,0.0,0.0,0.0,0.0,0.0,0.0,0.0,0.0,0.0,0.01167397112885284,0.0,0.0,0.0
236,0.053040075302124026,0.0031199932098388674,0.0,0.0,0.001,"(25,)",10,"{'NN__alpha': 0.001, 'NN__hidden_layer_sizes': (25,), 'ica__n_components': 10}",74,0.0,0.0,0.0,0.0,0.0,0.0,0.0,0.0,0.0,0.0,0.007642430299140261,0.006239986419677735,0.0,0.0
237,0.12479996681213379,0.0,0.0,0.0,0.001,"(25,)",15,"{'NN__alpha': 0.001, 'NN__hidden_layer_sizes': (25,), 'ica__n_components': 15}",74,0.0,0.0,0.0,0.0,0.0,0.0,0.0,0.0,0.0,0.0,0.07642410831853895,0.0,0.0,0.0
238,0.12480010986328124,0.003119945526123047,0.0,0.0,0.001,"(25,)",20,"{'NN__alpha': 0.001, 'NN__hidden_layer_sizes': (25,), 'ica__n_components': 20}",74,0.0,0.0,0.0,0.0,0.0,0.0,0.0,0.0,0.0,0.0,0.0770583119811419,0.006239891052246094,0.0,0.0
239,0.12479996681213379,0.0031200408935546874,0.0,0.0,0.001,"(25,)",25,"{'NN__alpha': 0.001, 'NN__hidden_layer_sizes': (25,), 'ica__n_components': 25}",74,0.0,0.0,0.0,0.0,0.0,0.0,0.0,0.0,0.0,0.0,0.07642410831853895,0.006240081787109375,0.0,0.0
240,0.12480001449584961,0.0,0.0,0.0,0.001,"(25,)",30,"{'NN__alpha': 0.001, 'NN__hidden_layer_sizes': (25,), 'ica__n_components': 30}",74,0.0,0.0,0.0,0.0,0.0,0.0,0.0,0.0,0.0,0.0,0.07642406938494802,0.0,0.0,0.0
241,0.12480001449584961,0.0,0.0,0.0,0.001,"(25,)",35,"{'NN__alpha': 0.001, 'NN__hidden_layer_sizes': (25,), 'ica__n_components': 35}",74,0.0,0.0,0.0,0.0,0.0,0.0,0.0,0.0,0.0,0.0,0.07642406938494802,0.0,0.0,0.0
242,0.12792000770568848,0.0,0.0,0.0,0.001,"(25,)",40,"{'NN__alpha': 0.001, 'NN__hidden_layer_sizes': (25,), 'ica__n_components': 40}",74,0.0,0.0,0.0,0.0,0.0,0.0,0.0,0.0,0.0,0.0,0.08039685830232195,0.0,0.0,0.0
243,0.12479987144470214,0.0,0.0,0.0,0.001,"(25,)",45,"{'NN__alpha': 0.001, 'NN__hidden_layer_sizes': (25,), 'ica__n_components': 45}",74,0.0,0.0,0.0,0.0,0.0,0.0,0.0,0.0,0.0,0.0,0.07045954642515756,0.0,0.0,0.0
244,0.12479996681213379,0.0,0.0,0.0,0.001,"(25,)",50,"{'NN__alpha': 0.001, 'NN__hidden_layer_sizes': (25,), 'ica__n_components': 50}",74,0.0,0.0,0.0,0.0,0.0,0.0,0.0,0.0,0.0,0.0,0.07045955698254655,0.0,0.0,0.0
245,0.12479996681213379,0.0,0.0,0.0,0.001,"(25,)",55,"{'NN__alpha': 0.001, 'NN__hidden_layer_sizes': (25,), 'ica__n_components': 55}",74,0.0,0.0,0.0,0.0,0.0,0.0,0.0,0.0,0.0,0.0,0.0704594619664082,0.0,0.0,0.0
246,0.1279200553894043,0.0,0.0,0.0,0.001,"(25,)",60,"{'NN__alpha': 0.001, 'NN__hidden_layer_sizes': (25,), 'ica__n_components': 60}",74,0.0,0.0,0.0,0.0,0.0,0.0,0.0,0.0,0.0,0.0,0.07409584982083027,0.0,0.0,0.0
247,0.06864004135131836,0.0,0.0,0.0,0.001,"(25, 25)",2,"{'NN__alpha': 0.001, 'NN__hidden_layer_sizes': (25, 25), 'ica__n_components': 2}",74,0.0,0.0,0.0,0.0,0.0,0.0,0.0,0.0,0.0,0.0,0.007642332965038967,0.0,0.0,0.0
248,0.06552000045776367,0.003119945526123047,0.0,0.0,0.001,"(25, 25)",3,"{'NN__alpha': 0.001, 'NN__hidden_layer_sizes': (25, 25), 'ica__n_components': 3}",74,0.0,0.0,0.0,0.0,0.0,0.0,0.0,0.0,0.0,0.0,0.0062401533133663025,0.006239891052246094,0.0,0.0
249,0.09983997344970703,0.0,0.0,0.0031249999999999937,0.001,"(25, 25)",4,"{'NN__alpha': 0.001, 'NN__hidden_layer_sizes': (25, 25), 'ica__n_components': 4}",74,0.0,0.0,0.0,0.0,0.0,0.0,0.0,0.0,0.0,0.015624999999999969,0.007642430300627835,0.0,0.0,0.006249999999999987
250,0.07799997329711914,0.0,0.0,0.0,0.001,"(25, 25)",5,"{'NN__alpha': 0.001, 'NN__hidden_layer_sizes': (25, 25), 'ica__n_components': 5}",74,0.0,0.0,0.0,0.0,0.0,0.0,0.0,0.0,0.0,0.0,1.9073486328125e-07,0.0,0.0,0.0
251,0.09983997344970703,0.0031200408935546874,0.02352452677941028,0.017991574942247564,0.001,"(25, 25)",6,"{'NN__alpha': 0.001, 'NN__hidden_layer_sizes': (25, 25), 'ica__n_components': 6}",58,0.0,0.0,0.11720404801129676,0.08995787471123783,0.0,0.0,0.0,0.0,0.0,0.0,0.00764243029914026,0.006240081787109375,0.04694429045051003,0.03598314988449513
252,0.07176008224487304,0.0,0.0,0.0,0.001,"(25, 25)",7,"{'NN__alpha': 0.001, 'NN__hidden_layer_sizes': (25, 25), 'ica__n_components': 7}",74,0.0,0.0,0.0,0.0,0.0,0.0,0.0,0.0,0.0,0.0,0.007642488699898547,0.0,0.0,0.0
253,0.11543993949890137,0.0,0.012164502164502164,0.0,0.001,"(25, 25)",8,"{'NN__alpha': 0.001, 'NN__hidden_layer_sizes': (25, 25), 'ica__n_components': 8}",64,0.0,0.0,0.06060606060606061,0.0,0.0,0.0,0.0,0.0,0.0,0.0,0.007642430299140261,0.0,0.024274831462117213,0.0
254,0.09672002792358399,0.003119945526123047,0.0,0.0,0.001,"(25, 25)",9,"{'NN__alpha': 0.001, 'NN__hidden_layer_sizes': (25, 25), 'ica__n_components': 9}",74,0.0,0.0,0.0,0.0,0.0,0.0,0.0,0.0,0.0,0.0,0.006239986419677735,0.006239891052246094,0.0,0.0
255,0.1123199462890625,0.0,0.0,0.0,0.001,"(25, 25)",10,"{'NN__alpha': 0.001, 'NN__hidden_layer_sizes': (25, 25), 'ica__n_components': 10}",74,0.0,0.0,0.0,0.0,0.0,0.0,0.0,0.0,0.0,0.0,0.006240010264040759,0.0,0.0,0.0
256,0.1559999942779541,0.006240034103393554,0.0,0.0,0.001,"(25, 25)",15,"{'NN__alpha': 0.001, 'NN__hidden_layer_sizes': (25, 25), 'ica__n_components': 15}",74,0.0,0.0,0.0,0.0,0.0,0.0,0.0,0.0,0.0,0.0,0.08313501735237303,0.007642449765811761,0.0,0.0
257,0.14976000785827637,0.0031200408935546874,0.0,0.0,0.001,"(25, 25)",20,"{'NN__alpha': 0.001, 'NN__hidden_layer_sizes': (25, 25), 'ica__n_components': 20}",74,0.0,0.0,0.0,0.0,0.0,0.0,0.0,0.0,0.0,0.0,0.06878163908641931,0.006240081787109375,0.0,0.0
258,0.15600004196166992,0.0,0.0,0.0,0.001,"(25, 25)",25,"{'NN__alpha': 0.001, 'NN__hidden_layer_sizes': (25, 25), 'ica__n_components': 25}",74,0.0,0.0,0.0,0.0,0.0,0.0,0.0,0.0,0.0,0.0,0.07642408885173108,0.0,0.0,0.0
259,0.15288000106811522,0.0031199932098388674,0.0,0.0,0.001,"(25, 25)",30,"{'NN__alpha': 0.001, 'NN__hidden_layer_sizes': (25, 25), 'ica__n_components': 30}",74,0.0,0.0,0.0,0.0,0.0,0.0,0.0,0.0,0.0,0.0,0.07917666803553457,0.006239986419677735,0.0,0.0
260,0.14975996017456056,0.006239938735961914,0.0,0.0,0.001,"(25, 25)",35,"{'NN__alpha': 0.001, 'NN__hidden_layer_sizes': (25, 25), 'ica__n_components': 35}",74,0.0,0.0,0.0,0.0,0.0,0.0,0.0,0.0,0.0,0.0,0.07552721004635408,0.007642332965038969,0.0,0.0
261,0.15288004875183106,0.0,0.0,0.0,0.001,"(25, 25)",40,"{'NN__alpha': 0.001, 'NN__hidden_layer_sizes': (25, 25), 'ica__n_components': 40}",74,0.0,0.0,0.0,0.0,0.0,0.0,0.0,0.0,0.0,0.0,0.07277029096237307,0.0,0.0,0.0
262,0.14975991249084472,0.009359979629516601,0.0,0.0,0.001,"(25, 25)",45,"{'NN__alpha': 0.001, 'NN__hidden_layer_sizes': (25, 25), 'ica__n_components': 45}",74,0.0,0.0,0.0,0.0,0.0,0.0,0.0,0.0,0.0,0.0,0.07087272687078623,0.007642391366541051,0.0,0.0
263,0.14352002143859863,0.0,0.0,0.0,0.001,"(25, 25)",50,"{'NN__alpha': 0.001, 'NN__hidden_layer_sizes': (25, 25), 'ica__n_components': 50}",74,0.0,0.0,0.0,0.0,0.0,0.0,0.0,0.0,0.0,0.0,0.07409595021324354,0.0,0.0,0.0
264,0.14664006233215332,0.003119945526123047,0.0,0.0,0.001,"(25, 25)",55,"{'NN__alpha': 0.001, 'NN__hidden_layer_sizes': (25, 25), 'ica__n_components': 55}",74,0.0,0.0,0.0,0.0,0.0,0.0,0.0,0.0,0.0,0.0,0.07155626174357962,0.006239891052246094,0.0,0.0
265,0.1559999942779541,0.0031200408935546874,0.0,0.0,0.001,"(25, 25)",60,"{'NN__alpha': 0.001, 'NN__hidden_layer_sizes': (25, 25), 'ica__n_components': 60}",74,0.0,0.0,0.0,0.0,0.0,0.0,0.0,0.0,0.0,0.0,0.0764241277853716,0.006240081787109375,0.0,0.0
266,0.16224007606506347,0.006239938735961914,0.0,0.0,0.001,"(100, 25, 100)",2,"{'NN__alpha': 0.001, 'NN__hidden_layer_sizes': (100, 25, 100), 'ica__n_components': 2}",74,0.0,0.0,0.0,0.0,0.0,0.0,0.0,0.0,0.0,0.0,0.012479996681554986,0.007642332965038968,0.0,0.0
267,0.14976005554199218,0.003119945526123047,0.0,0.0,0.001,"(100, 25, 100)",3,"{'NN__alpha': 0.001, 'NN__hidden_layer_sizes': (100, 25, 100), 'ica__n_components': 3}",74,0.0,0.0,0.0,0.0,0.0,0.0,0.0,0.0,0.0,0.0,0.0076424108327166895,0.006239891052246094,0.0,0.0
268,0.15911998748779296,0.0,0.0,0.0,0.001,"(100, 25, 100)",4,"{'NN__alpha': 0.001, 'NN__hidden_layer_sizes': (100, 25, 100), 'ica__n_components': 4}",74,0.0,0.0,0.0,0.0,0.0,0.0,0.0,0.0,0.0,0.0,0.011673983872827169,0.0,0.0,0.0
269,0.15288004875183106,0.0031199932098388674,0.0,0.0,0.001,"(100, 25, 100)",5,"{'NN__alpha': 0.001, 'NN__hidden_layer_sizes': (100, 25, 100), 'ica__n_components': 5}",74,0.0,0.0,0.0,0.0,0.0,0.0,0.0,0.0,0.0,0.0,0.006240057945934672,0.006239986419677735,0.0,0.0
270,0.1559999942779541,0.003119945526123047,0.0,0.0,0.001,"(100, 25, 100)",6,"{'NN__alpha': 0.001, 'NN__hidden_layer_sizes': (100, 25, 100), 'ica__n_components': 6}",74,0.0,0.0,0.0,0.0,0.0,0.0,0.0,0.0,0.0,0.0,0.009866209433179137,0.006239891052246094,0.0,0.0
271,0.16224002838134766,0.0,0.0,0.0,0.001,"(100, 25, 100)",7,"{'NN__alpha': 0.001, 'NN__hidden_layer_sizes': (100, 25, 100), 'ica__n_components': 7}",74,0.0,0.0,0.0,0.0,0.0,0.0,0.0,0.0,0.0,0.0,0.007642371899125761,0.0,0.0,0.0
272,0.1591200828552246,0.006239986419677735,0.0,0.0,0.001,"(100, 25, 100)",8,"{'NN__alpha': 0.001, 'NN__hidden_layer_sizes': (100, 25, 100), 'ica__n_components': 8}",74,0.0,0.0,0.0,0.0,0.0,0.0,0.0,0.0,0.0,0.0,0.015284792463799088,0.007642391365053469,0.0,0.0
273,0.15911993980407715,0.006240034103393554,0.0,0.0,0.001,"(100, 25, 100)",9,"{'NN__alpha': 0.001, 'NN__hidden_layer_sizes': (100, 25, 100), 'ica__n_components': 9}",74,0.0,0.0,0.0,0.0,0.0,0.0,0.0,0.0,0.0,0.0,0.006240081787109375,0.007642449765811761,0.0,0.0
274,0.1622398853302002,0.0031200408935546874,0.012164502164502164,0.0031464626060505206,0.001,"(100, 25, 100)",10,"{'NN__alpha': 0.001, 'NN__hidden_layer_sizes': (100, 25, 100), 'ica__n_components': 10}",64,0.0,0.0,0.06060606060606061,0.015732313030252604,0.0,0.0,0.0,0.0,0.0,0.0,0.01247997283935547,0.006240081787109375,0.024274831462117213,0.00629292521210104
275,0.22776007652282715,0.0,0.0,0.0,0.001,"(100, 25, 100)",15,"{'NN__alpha': 0.001, 'NN__hidden_layer_sizes': (100, 25, 100), 'ica__n_components': 15}",74,0.0,0.0,0.0,0.0,0.0,0.0,0.0,0.0,0.0,0.0,0.07552726323074069,0.0,0.0,0.0
276,0.230880069732666,0.003119945526123047,0.0,0.0,0.001,"(100, 25, 100)",20,"{'NN__alpha': 0.001, 'NN__hidden_layer_sizes': (100, 25, 100), 'ica__n_components': 20}",74,0.0,0.0,0.0,0.0,0.0,0.0,0.0,0.0,0.0,0.0,0.07343612514583422,0.006239891052246094,0.0,0.0
277,0.2246399402618408,0.0,0.0,0.0,0.001,"(100, 25, 100)",25,"{'NN__alpha': 0.001, 'NN__hidden_layer_sizes': (100, 25, 100), 'ica__n_components': 25}",74,0.0,0.0,0.0,0.0,0.0,0.0,0.0,0.0,0.0,0.0,0.0780624472100127,0.0,0.0,0.0
278,0.23712000846862794,0.0,0.0,0.0,0.001,"(100, 25, 100)",30,"{'NN__alpha': 0.001, 'NN__hidden_layer_sizes': (100, 25, 100), 'ica__n_components': 30}",74,0.0,0.0,0.0,0.0,0.0,0.0,0.0,0.0,0.0,0.0,0.08039684904991574,0.0,0.0,0.0
279,0.23399991989135743,0.006239986419677735,0.0,0.0,0.001,"(100, 25, 100)",35,"{'NN__alpha': 0.001, 'NN__hidden_layer_sizes': (100, 25, 100), 'ica__n_components': 35}",74,0.0,0.0,0.0,0.0,0.0,0.0,0.0,0.0,0.0,0.0,0.08313493682317813,0.007642391366541052,0.0,0.0
280,0.2308800220489502,0.0031200408935546874,0.0,0.0,0.001,"(100, 25, 100)",40,"{'NN__alpha': 0.001, 'NN__hidden_layer_sizes': (100, 25, 100), 'ica__n_components': 40}",74,0.0,0.0,0.0,0.0,0.0,0.0,0.0,0.0,0.0,0.0,0.07277037887256152,0.006240081787109375,0.0,0.0
281,0.22776012420654296,0.006239938735961914,0.0,0.0,0.001,"(100, 25, 100)",45,"{'NN__alpha': 0.001, 'NN__hidden_layer_sizes': (100, 25, 100), 'ica__n_components': 45}",74,0.0,0.0,0.0,0.0,0.0,0.0,0.0,0.0,0.0,0.0,0.06878160015271818,0.007642332965038969,0.0,0.0
282,0.2340000629425049,0.003119945526123047,0.0,0.0,0.001,"(100, 25, 100)",50,"{'NN__alpha': 0.001, 'NN__hidden_layer_sizes': (100, 25, 100), 'ica__n_components': 50}",74,0.0,0.0,0.0,0.0,0.0,0.0,0.0,0.0,0.0,0.0,0.0704594830810163,0.006239891052246094,0.0,0.0
283,0.22775988578796386,0.006240081787109375,0.0,0.0,0.001,"(100, 25, 100)",55,"{'NN__alpha': 0.001, 'NN__hidden_layer_sizes': (100, 25, 100), 'ica__n_components': 55}",74,0.0,0.0,0.0,0.0,0.0,0.0,0.0,0.0,0.0,0.0,0.07552721792539996,0.007642508165826268,0.0,0.0
284,0.2308800220489502,0.0031199932098388674,0.0,0.0,0.001,"(100, 25, 100)",60,"{'NN__alpha': 0.001, 'NN__hidden_layer_sizes': (100, 25, 100), 'ica__n_components': 60}",74,0.0,0.0,0.0,0.0,0.0,0.0,0.0,0.0,0.0,0.0,0.07277037887256152,0.006239986419677735,0.0,0.0
285,0.09672002792358399,0.003119945526123047,0.0,0.0,0.0001,"(50, 50)",2,"{'NN__alpha': 0.0001, 'NN__hidden_layer_sizes': (50, 50), 'ica__n_components': 2}",74,0.0,0.0,0.0,0.0,0.0,0.0,0.0,0.0,0.0,0.0,0.006240105629650488,0.006239891052246094,0.0,0.0
286,0.10295991897583008,0.0,0.0,0.0,0.0001,"(50, 50)",3,"{'NN__alpha': 0.0001, 'NN__hidden_layer_sizes': (50, 50), 'ica__n_components': 3}",74,0.0,0.0,0.0,0.0,0.0,0.0,0.0,0.0,0.0,0.0,0.007642508167313829,0.0,0.0,0.0
287,0.09672002792358399,0.003119945526123047,0.0,0.0,0.0001,"(50, 50)",4,"{'NN__alpha': 0.0001, 'NN__hidden_layer_sizes': (50, 50), 'ica__n_components': 4}",74,0.0,0.0,0.0,0.0,0.0,0.0,0.0,0.0,0.0,0.0,0.006240105629650488,0.006239891052246094,0.0,0.0
288,0.09671993255615234,0.0,0.0,0.0,0.0001,"(50, 50)",5,"{'NN__alpha': 0.0001, 'NN__hidden_layer_sizes': (50, 50), 'ica__n_components': 5}",74,0.0,0.0,0.0,0.0,0.0,0.0,0.0,0.0,0.0,0.0,0.006239914894787228,0.0,0.0,0.0
289,0.10296006202697754,0.0,0.0,0.0,0.0001,"(50, 50)",6,"{'NN__alpha': 0.0001, 'NN__hidden_layer_sizes': (50, 50), 'ica__n_components': 6}",74,0.0,0.0,0.0,0.0,0.0,0.0,0.0,0.0,0.0,0.0,0.007642430299140261,0.0,0.0,0.0
290,0.10920000076293945,0.0,0.0,0.0,0.0001,"(50, 50)",7,"{'NN__alpha': 0.0001, 'NN__hidden_layer_sizes': (50, 50), 'ica__n_components': 7}",74,0.0,0.0,0.0,0.0,0.0,0.0,0.0,0.0,0.0,0.0,2.132480599880018e-07,0.0,0.0,0.0
291,0.10296010971069336,0.003119945526123047,0.0,0.0,0.0001,"(50, 50)",8,"{'NN__alpha': 0.0001, 'NN__hidden_layer_sizes': (50, 50), 'ica__n_components': 8}",74,0.0,0.0,0.0,0.0,0.0,0.0,0.0,0.0,0.0,0.0,0.007642469232731191,0.006239891052246094,0.0,0.0
292,0.1123199462890625,0.0,0.0,0.0,0.0001,"(50, 50)",9,"{'NN__alpha': 0.0001, 'NN__hidden_layer_sizes': (50, 50), 'ica__n_components': 9}",74,0.0,0.0,0.0,0.0,0.0,0.0,0.0,0.0,0.0,0.0,0.006240010264040759,0.0,0.0,0.0
293,0.10296006202697754,0.0,0.0,0.0,0.0001,"(50, 50)",10,"{'NN__alpha': 0.0001, 'NN__hidden_layer_sizes': (50, 50), 'ica__n_components': 10}",74,0.0,0.0,0.0,0.0,0.0,0.0,0.0,0.0,0.0,0.0,0.007642430300627835,0.0,0.0,0.0
294,0.18096003532409669,0.0,0.0,0.0,0.0001,"(50, 50)",15,"{'NN__alpha': 0.0001, 'NN__hidden_layer_sizes': (50, 50), 'ica__n_components': 15}",74,0.0,0.0,0.0,0.0,0.0,0.0,0.0,0.0,0.0,0.0,0.08171765225230516,0.0,0.0,0.0
295,0.16847991943359375,0.006240034103393554,0.0,0.0,0.0001,"(50, 50)",20,"{'NN__alpha': 0.0001, 'NN__hidden_layer_sizes': (50, 50), 'ica__n_components': 20}",74,0.0,0.0,0.0,0.0,0.0,0.0,0.0,0.0,0.0,0.0,0.07277027665141665,0.007642449765811761,0.0,0.0
296,0.1684800624847412,0.006240034103393554,0.0,0.0,0.0001,"(50, 50)",25,"{'NN__alpha': 0.0001, 'NN__hidden_layer_sizes': (50, 50), 'ica__n_components': 25}",74,0.0,0.0,0.0,0.0,0.0,0.0,0.0,0.0,0.0,0.0,0.07343614945637432,0.007642449765811761,0.0,0.0
297,0.1684800148010254,0.0,0.0,0.0,0.0001,"(50, 50)",30,"{'NN__alpha': 0.0001, 'NN__hidden_layer_sizes': (50, 50), 'ica__n_components': 30}",74,0.0,0.0,0.0,0.0,0.0,0.0,0.0,0.0,0.0,0.0,0.072770198963363,0.0,0.0,0.0
298,0.17784013748168945,0.0,0.0,0.0,0.0001,"(50, 50)",35,"{'NN__alpha': 0.0001, 'NN__hidden_layer_sizes': (50, 50), 'ica__n_components': 35}",74,0.0,0.0,0.0,0.0,0.0,0.0,0.0,0.0,0.0,0.0,0.08464334319105135,0.0,0.0,0.0
299,0.17159996032714844,0.0031199932098388674,0.0,0.0,0.0001,"(50, 50)",40,"{'NN__alpha': 0.0001, 'NN__hidden_layer_sizes': (50, 50), 'ica__n_components': 40}",74,0.0,0.0,0.0,0.0,0.0,0.0,0.0,0.0,0.0,0.0,0.07642403045130748,0.006239986419677735,0.0,0.0
300,0.1684800148010254,0.0,0.0,0.0,0.0001,"(50, 50)",45,"{'NN__alpha': 0.0001, 'NN__hidden_layer_sizes': (50, 50), 'ica__n_components': 45}",74,0.0,0.0,0.0,0.0,0.0,0.0,0.0,0.0,0.0,0.0,0.07277039318349784,0.0,0.0,0.0
301,0.1716000556945801,0.0031199932098388674,0.0,0.0,0.0001,"(50, 50)",50,"{'NN__alpha': 0.0001, 'NN__hidden_layer_sizes': (50, 50), 'ica__n_components': 50}",74,0.0,0.0,0.0,0.0,0.0,0.0,0.0,0.0,0.0,0.0,0.07045951475314245,0.006239986419677735,0.0,0.0
302,0.17159996032714844,0.0,0.0,0.0,0.0001,"(50, 50)",55,"{'NN__alpha': 0.0001, 'NN__hidden_layer_sizes': (50, 50), 'ica__n_components': 55}",74,0.0,0.0,0.0,0.0,0.0,0.0,0.0,0.0,0.0,0.0,0.07642403045145624,0.0,0.0,0.0
303,0.1778400421142578,0.0,0.0,0.0,0.0001,"(50, 50)",60,"{'NN__alpha': 0.0001, 'NN__hidden_layer_sizes': (50, 50), 'ica__n_components': 60}",74,0.0,0.0,0.0,0.0,0.0,0.0,0.0,0.0,0.0,0.0,0.0846435259861051,0.0,0.0,0.0
304,0.07799992561340333,0.0031200408935546874,0.0,0.0,0.0001,"(50,)",2,"{'NN__alpha': 0.0001, 'NN__hidden_layer_sizes': (50,), 'ica__n_components': 2}",74,0.0,0.0,0.0,0.0,0.0,0.0,0.0,0.0,0.0,0.0,1.1680077279964343e-07,0.006240081787109375,0.0,0.0
305,0.07175998687744141,0.006240034103393554,0.0,0.0,0.0001,"(50,)",3,"{'NN__alpha': 0.0001, 'NN__hidden_layer_sizes': (50,), 'ica__n_components': 3}",74,0.0,0.0,0.0,0.0,0.0,0.0,0.0,0.0,0.0,0.0,0.007642508167313827,0.007642449765811762,0.0,0.0
306,0.06551990509033204,0.0,0.0,0.009265905383360504,0.0001,"(50,)",4,"{'NN__alpha': 0.0001, 'NN__hidden_layer_sizes': (50,), 'ica__n_components': 4}",74,0.0,0.0,0.0,0.0,0.0,0.046329526916802526,0.0,0.0,0.0,0.0,0.006239962578503042,0.0,0.0,0.01853181076672101
307,0.0873600959777832,0.0,0.07049649139467361,0.11095890479860185,0.0001,"(50,)",5,"{'NN__alpha': 0.0001, 'NN__hidden_layer_sizes': (50,), 'ica__n_components': 5}",15,0.06060606060606061,0.015685345338230048,0.16956077630234934,0.185358289000409,0.05921680993314231,0.1585303968334514,0.0,0.0,0.0625,0.19522049282091886,0.007642332965038967,0.0,0.054936152868626145,0.08519068038984867
308,0.05928006172180176,0.0031199932098388674,0.0,0.0,0.0001,"(50,)",6,"{'NN__alpha': 0.0001, 'NN__hidden_layer_sizes': (50,), 'ica__n_components': 6}",74,0.0,0.0,0.0,0.0,0.0,0.0,0.0,0.0,0.0,0.0,0.011673932896651614,0.006239986419677735,0.0,0.0
309,0.06240005493164062,0.0,0.0,0.0,0.0001,"(50,)",7,"{'NN__alpha': 0.0001, 'NN__hidden_layer_sizes': (50,), 'ica__n_components': 7}",74,0.0,0.0,0.0,0.0,0.0,0.0,0.0,0.0,0.0,0.0,9.5367431640625e-08,0.0,0.0,0.0
310,0.09984006881713867,0.0031199932098388674,0.05689980158730159,0.059396972907186665,0.0001,"(50,)",8,"{'NN__alpha': 0.0001, 'NN__hidden_layer_sizes': (50,), 'ica__n_components': 8}",17,0.0,0.06118016727507964,0.0,0.0,0.2222222222222222,0.13221601489757887,0.0,0.0,0.0625,0.10358868236327479,0.007642449765811762,0.006239986419677735,0.08612441936309832,0.05350644937627169
311,0.06552000045776367,0.0,0.0,0.0,0.0001,"(50,)",9,"{'NN__alpha': 0.0001, 'NN__hidden_layer_sizes': (50,), 'ica__n_components': 9}",74,0.0,0.0,0.0,0.0,0.0,0.0,0.0,0.0,0.0,0.0,0.006240034104304502,0.0,0.0,0.0
312,0.07800002098083496,0.0031199932098388674,0.012311086596800884,0.01795885182592196,0.0001,"(50,)",10,"{'NN__alpha': 0.0001, 'NN__hidden_layer_sizes': (50,), 'ica__n_components': 10}",61,0.0,0.0,0.0,0.0,0.0,0.0,0.0,0.0,0.06177606177606178,0.0897942591296098,0.009866284827811395,0.006239986419677735,0.024677268749610178,0.03591770365184392
313,0.15911998748779296,0.0031199932098388674,0.036690347688679716,0.04525982867560359,0.0001,"(50,)",15,"{'NN__alpha': 0.0001, 'NN__hidden_layer_sizes': (50,), 'ica__n_components': 15}",21,0.06013766453326893,0.06141856473535272,0.06060606060606061,0.11895242801311699,0.0,0.0,0.0,0.0,0.0625,0.045928150629548255,0.06792717634581476,0.006239986419677735,0.029923431360144966,0.04424715761694082
314,0.16224002838134766,0.0,0.036690347688679716,0.04525982867560359,0.0001,"(50,)",20,"{'NN__alpha': 0.0001, 'NN__hidden_layer_sizes': (50,), 'ica__n_components': 20}",21,0.06013766453326893,0.06141856473535272,0.06060606060606061,0.11895242801311699,0.0,0.0,0.0,0.0,0.0625,0.045928150629548255,0.07806228902649476,0.0,0.029923431360144966,0.04424715761694082
315,0.16223998069763185,0.0031199932098388674,0.036690347688679716,0.04525982867560359,0.0001,"(50,)",25,"{'NN__alpha': 0.0001, 'NN__hidden_layer_sizes': (50,), 'ica__n_components': 25}",21,0.06013766453326893,0.06141856473535272,0.06060606060606061,0.11895242801311699,0.0,0.0,0.0,0.0,0.0625,0.045928150629548255,0.07806242624588797,0.006239986419677735,0.029923431360144966,0.04424715761694082
316,0.1653600215911865,0.003119945526123047,0.036690347688679716,0.04525982867560359,0.0001,"(50,)",30,"{'NN__alpha': 0.0001, 'NN__hidden_layer_sizes': (50,), 'ica__n_components': 30}",21,0.06013766453326893,0.06141856473535272,0.06060606060606061,0.11895242801311699,0.0,0.0,0.0,0.0,0.0625,0.045928150629548255,0.07552711943561174,0.006239891052246094,0.029923431360144966,0.04424715761694082
317,0.15911993980407715,0.0031200408935546874,0.036690347688679716,0.04525982867560359,0.0001,"(50,)",35,"{'NN__alpha': 0.0001, 'NN__hidden_layer_sizes': (50,), 'ica__n_components': 35}",21,0.06013766453326893,0.06141856473535272,0.06060606060606061,0.11895242801311699,0.0,0.0,0.0,0.0,0.0625,0.045928150629548255,0.07409599237801041,0.006240081787109375,0.029923431360144966,0.04424715761694082
318,0.17472000122070314,0.0031200408935546874,0.036690347688679716,0.04525982867560359,0.0001,"(50,)",40,"{'NN__alpha': 0.0001, 'NN__hidden_layer_sizes': (50,), 'ica__n_components': 40}",21,0.06013766453326893,0.06141856473535272,0.06060606060606061,0.11895242801311699,0.0,0.0,0.0,0.0,0.0625,0.045928150629548255,0.06792723986105909,0.006240081787109375,0.029923431360144966,0.04424715761694082
319,0.16224002838134766,0.0031200408935546874,0.036690347688679716,0.04525982867560359,0.0001,"(50,)",45,"{'NN__alpha': 0.0001, 'NN__hidden_layer_sizes': (50,), 'ica__n_components': 45}",21,0.06013766453326893,0.06141856473535272,0.06060606060606061,0.11895242801311699,0.0,0.0,0.0,0.0,0.0625,0.045928150629548255,0.07155625134790282,0.006240081787109375,0.029923431360144966,0.04424715761694082
320,0.1653599739074707,0.0,0.036690347688679716,0.04525982867560359,0.0001,"(50,)",50,"{'NN__alpha': 0.0001, 'NN__hidden_layer_sizes': (50,), 'ica__n_components': 50}",21,0.06013766453326893,0.06141856473535272,0.06060606060606061,0.11895242801311699,0.0,0.0,0.0,0.0,0.0625,0.045928150629548255,0.07552716474101155,0.0,0.029923431360144966,0.04424715761694082
321,0.1653599262237549,0.0031200408935546874,0.036690347688679716,0.04525982867560359,0.0001,"(50,)",55,"{'NN__alpha': 0.0001, 'NN__hidden_layer_sizes': (50,), 'ica__n_components': 55}",21,0.06013766453326893,0.06141856473535272,0.06060606060606061,0.11895242801311699,0.0,0.0,0.0,0.0,0.0625,0.045928150629548255,0.07552728883813051,0.006240081787109375,0.029923431360144966,0.04424715761694082
322,0.17160000801086425,0.0,0.036690347688679716,0.04525982867560359,0.0001,"(50,)",60,"{'NN__alpha': 0.0001, 'NN__hidden_layer_sizes': (50,), 'ica__n_components': 60}",21,0.06013766453326893,0.06141856473535272,0.06060606060606061,0.11895242801311699,0.0,0.0,0.0,0.0,0.0625,0.045928150629548255,0.0764239915179149,0.0,0.029923431360144966,0.04424715761694082
323,0.04991998672485352,0.0,0.0,0.0,0.0001,"(25,)",2,"{'NN__alpha': 0.0001, 'NN__hidden_layer_sizes': (25,), 'ica__n_components': 2}",74,0.0,0.0,0.0,0.0,0.0,0.0,0.0,0.0,0.0,0.0,0.006239938736872875,0.0,0.0,0.0
324,0.049919939041137694,0.0,0.0,0.0,0.0001,"(25,)",3,"{'NN__alpha': 0.0001, 'NN__hidden_layer_sizes': (25,), 'ica__n_components': 3}",74,0.0,0.0,0.0,0.0,0.0,0.0,0.0,0.0,0.0,0.0,0.006239962578503043,0.0,0.0,0.0
325,0.05303988456726074,0.0,0.0,0.0,0.0001,"(25,)",4,"{'NN__alpha': 0.0001, 'NN__hidden_layer_sizes': (25,), 'ica__n_components': 4}",74,0.0,0.0,0.0,0.0,0.0,0.0,0.0,0.0,0.0,0.0,0.007642488699898548,0.0,0.0,0.0
326,0.04991998672485352,0.0031199932098388674,0.6666666666666671,0.6666666666666641,0.0001,"(25,)",5,"{'NN__alpha': 0.0001, 'NN__hidden_layer_sizes': (25,), 'ica__n_components': 5}",1,0.666666666666667,0.6666666666666633,0.666666666666668,0.666666666666663,0.6666666666666673,0.6666666666666751,0.6666666666666666,0.6666666666666596,0.6666666666666666,0.6666666666666596,0.006240057945934672,0.006239986419677735,4.992742367668646e-16,5.6936150927091966e-15
327,0.0592799186706543,0.0,0.02353189246178176,0.027674339289070104,0.0001,"(25,)",6,"{'NN__alpha': 0.0001, 'NN__hidden_layer_sizes': (25,), 'ica__n_components': 6}",54,0.0,0.0,0.0,0.0,0.0,0.0,0.0,0.0,0.11808118081180813,0.13837169644535052,0.0062400102622188576,0.0,0.04716909672434713,0.05534867857814021
328,0.06863999366760254,0.0,0.0,0.027316175170801177,0.0001,"(25,)",7,"{'NN__alpha': 0.0001, 'NN__hidden_layer_sizes': (25,), 'ica__n_components': 7}",74,0.0,0.0,0.0,0.0,0.0,0.07574949322522125,0.0,0.06083138262878463,0.0,0.0,0.007642371899125761,0.0,0.0,0.033786315888530864
329,0.08736000061035157,0.0031199932098388674,0.012121212121212121,0.0,0.0001,"(25,)",8,"{'NN__alpha': 0.0001, 'NN__hidden_layer_sizes': (25,), 'ica__n_components': 8}",70,0.0,0.0,0.0,0.0,0.06060606060606061,0.0,0.0,0.0,0.0,0.0,0.0076423524319583986,0.006239986419677735,0.02424242424242424,0.0
330,0.05927996635437012,0.0,0.0,0.0,0.0001,"(25,)",9,"{'NN__alpha': 0.0001, 'NN__hidden_layer_sizes': (25,), 'ica__n_components': 9}",74,0.0,0.0,0.0,0.0,0.0,0.0,0.0,0.0,0.0,0.0,0.011674034848585362,0.0,0.0,0.0
331,0.05303988456726074,0.0031200408935546874,0.0,0.0,0.0001,"(25,)",10,"{'NN__alpha': 0.0001, 'NN__hidden_layer_sizes': (25,), 'ica__n_components': 10}",74,0.0,0.0,0.0,0.0,0.0,0.0,0.0,0.0,0.0,0.0,0.007642391365053469,0.006240081787109375,0.0,0.0
332,0.12479996681213379,0.0031199932098388674,0.0,0.0,0.0001,"(25,)",15,"{'NN__alpha': 0.0001, 'NN__hidden_layer_sizes': (25,), 'ica__n_components': 15}",74,0.0,0.0,0.0,0.0,0.0,0.0,0.0,0.0,0.0,0.0,0.07642410831853895,0.006239986419677735,0.0,0.0
333,0.1279200553894043,0.0031200408935546874,0.0,0.0,0.0001,"(25,)",20,"{'NN__alpha': 0.0001, 'NN__hidden_layer_sizes': (25,), 'ica__n_components': 20}",74,0.0,0.0,0.0,0.0,0.0,0.0,0.0,0.0,0.0,0.0,0.08039671766523676,0.006240081787109375,0.0,0.0
334,0.12479991912841797,0.0031200408935546874,0.0,0.0,0.0001,"(25,)",25,"{'NN__alpha': 0.0001, 'NN__hidden_layer_sizes': (25,), 'ica__n_components': 25}",74,0.0,0.0,0.0,0.0,0.0,0.0,0.0,0.0,0.0,0.0,0.07642414725208029,0.006240081787109375,0.0,0.0
335,0.13415999412536622,0.0,0.0,0.0,0.0001,"(25,)",30,"{'NN__alpha': 0.0001, 'NN__hidden_layer_sizes': (25,), 'ica__n_components': 30}",74,0.0,0.0,0.0,0.0,0.0,0.0,0.0,0.0,0.0,0.0,0.07552719034828424,0.0,0.0,0.0
336,0.13104000091552734,0.0,0.0,0.0,0.0001,"(25,)",35,"{'NN__alpha': 0.0001, 'NN__hidden_layer_sizes': (25,), 'ica__n_components': 35}",74,0.0,0.0,0.0,0.0,0.0,0.0,0.0,0.0,0.0,0.0,0.07155622847772629,0.0,0.0,0.0
337,0.12479996681213379,0.0031199932098388674,0.0,0.0,0.0001,"(25,)",40,"{'NN__alpha': 0.0001, 'NN__hidden_layer_sizes': (25,), 'ica__n_components': 40}",74,0.0,0.0,0.0,0.0,0.0,0.0,0.0,0.0,0.0,0.0,0.07642410831853895,0.006239986419677735,0.0,0.0
338,0.12792000770568848,0.0031200408935546874,0.0,0.0,0.0001,"(25,)",45,"{'NN__alpha': 0.0001, 'NN__hidden_layer_sizes': (25,), 'ica__n_components': 45}",74,0.0,0.0,0.0,0.0,0.0,0.0,0.0,0.0,0.0,0.0,0.07474979194528338,0.006240081787109375,0.0,0.0
339,0.12480001449584961,0.0031200408935546874,0.0,0.0,0.0001,"(25,)",50,"{'NN__alpha': 0.0001, 'NN__hidden_layer_sizes': (25,), 'ica__n_components': 50}",74,0.0,0.0,0.0,0.0,0.0,0.0,0.0,0.0,0.0,0.0,0.07642406938494802,0.006240081787109375,0.0,0.0
340,0.1185600757598877,0.00935988426208496,0.0,0.0,0.0001,"(25,)",55,"{'NN__alpha': 0.0001, 'NN__hidden_layer_sizes': (25,), 'ica__n_components': 55}",74,0.0,0.0,0.0,0.0,0.0,0.0,0.0,0.0,0.0,0.0,0.06878173642032777,0.007642313498367468,0.0,0.0
341,0.12480006217956544,0.0,0.0,0.0,0.0001,"(25,)",60,"{'NN__alpha': 0.0001, 'NN__hidden_layer_sizes': (25,), 'ica__n_components': 60}",74,0.0,0.0,0.0,0.0,0.0,0.0,0.0,0.0,0.0,0.0,0.07642403045130748,0.0,0.0,0.0
342,0.06863999366760254,0.0031200408935546874,0.0,0.0,0.0001,"(25, 25)",2,"{'NN__alpha': 0.0001, 'NN__hidden_layer_sizes': (25, 25), 'ica__n_components': 2}",74,0.0,0.0,0.0,0.0,0.0,0.0,0.0,0.0,0.0,0.0,0.007642469234218758,0.006240081787109375,0.0,0.0
343,0.06863999366760254,0.006240034103393554,0.0,0.0,0.0001,"(25, 25)",3,"{'NN__alpha': 0.0001, 'NN__hidden_layer_sizes': (25, 25), 'ica__n_components': 3}",74,0.0,0.0,0.0,0.0,0.0,0.0,0.0,0.0,0.0,0.0,0.007642566566584555,0.007642449765811762,0.0,0.0
344,0.09984006881713867,0.0031200408935546874,0.0,0.0031249999999999937,0.0001,"(25, 25)",4,"{'NN__alpha': 0.0001, 'NN__hidden_layer_sizes': (25, 25), 'ica__n_components': 4}",74,0.0,0.0,0.0,0.0,0.0,0.0,0.0,0.0,0.0,0.015624999999999969,0.007642449765811761,0.006240081787109375,0.0,0.006249999999999987
345,0.07799997329711914,0.0,0.0,0.0,0.0001,"(25, 25)",5,"{'NN__alpha': 0.0001, 'NN__hidden_layer_sizes': (25, 25), 'ica__n_components': 5}",74,0.0,0.0,0.0,0.0,0.0,0.0,0.0,0.0,0.0,0.0,1.1680077279964343e-07,0.0,0.0,0.0
346,0.10920000076293945,0.0,0.02352452677941028,0.017991574942247564,0.0001,"(25, 25)",6,"{'NN__alpha': 0.0001, 'NN__hidden_layer_sizes': (25, 25), 'ica__n_components': 6}",58,0.0,0.0,0.11720404801129676,0.08995787471123783,0.0,0.0,0.0,0.0,0.0,0.0,0.00986628482850276,0.0,0.04694429045051003,0.03598314988449513
347,0.07487988471984863,0.0031199932098388674,0.0,0.0,0.0001,"(25, 25)",7,"{'NN__alpha': 0.0001, 'NN__hidden_layer_sizes': (25, 25), 'ica__n_components': 7}",74,0.0,0.0,0.0,0.0,0.0,0.0,0.0,0.0,0.0,0.0,0.0062400102622188576,0.006239986419677735,0.0,0.0
348,0.11543993949890137,0.0,0.012164502164502164,0.0,0.0001,"(25, 25)",8,"{'NN__alpha': 0.0001, 'NN__hidden_layer_sizes': (25, 25), 'ica__n_components': 8}",64,0.0,0.0,0.06060606060606061,0.0,0.0,0.0,0.0,0.0,0.0,0.0,0.007642430300627835,0.0,0.024274831462117213,0.0
349,0.09672007560729981,0.006239986419677735,0.0,0.0,0.0001,"(25, 25)",9,"{'NN__alpha': 0.0001, 'NN__hidden_layer_sizes': (25, 25), 'ica__n_components': 9}",74,0.0,0.0,0.0,0.0,0.0,0.0,0.0,0.0,0.0,0.0,0.006240081787109375,0.007642391366541052,0.0,0.0
350,0.11543989181518555,0.0,0.0,0.0,0.0001,"(25, 25)",10,"{'NN__alpha': 0.0001, 'NN__hidden_layer_sizes': (25, 25), 'ica__n_components': 10}",74,0.0,0.0,0.0,0.0,0.0,0.0,0.0,0.0,0.0,0.0,0.007642566566584555,0.0,0.0,0.0
351,0.16224007606506347,0.0,0.0,0.0,0.0001,"(25, 25)",15,"{'NN__alpha': 0.0001, 'NN__hidden_layer_sizes': (25, 25), 'ica__n_components': 15}",74,0.0,0.0,0.0,0.0,0.0,0.0,0.0,0.0,0.0,0.0,0.0780623519187296,0.0,0.0,0.0
352,0.15911998748779296,0.0,0.0,0.0,0.0001,"(25, 25)",20,"{'NN__alpha': 0.0001, 'NN__hidden_layer_sizes': (25, 25), 'ica__n_components': 20}",74,0.0,0.0,0.0,0.0,0.0,0.0,0.0,0.0,0.0,0.0,0.06792718729689057,0.0,0.0,0.0
353,0.16224007606506347,0.0,0.0,0.0,0.0001,"(25, 25)",25,"{'NN__alpha': 0.0001, 'NN__hidden_layer_sizes': (25, 25), 'ica__n_components': 25}",74,0.0,0.0,0.0,0.0,0.0,0.0,0.0,0.0,0.0,0.0,0.07806243768077312,0.0,0.0,0.0
354,0.15599994659423827,0.0031199932098388674,0.0,0.0,0.0001,"(25, 25)",30,"{'NN__alpha': 0.0001, 'NN__hidden_layer_sizes': (25, 25), 'ica__n_components': 30}",74,0.0,0.0,0.0,0.0,0.0,0.0,0.0,0.0,0.0,0.0,0.08313495471852504,0.006239986419677735,0.0,0.0
355,0.14976000785827637,0.0031199932098388674,0.0,0.0,0.0001,"(25, 25)",35,"{'NN__alpha': 0.0001, 'NN__hidden_layer_sizes': (25, 25), 'ica__n_components': 35}",74,0.0,0.0,0.0,0.0,0.0,0.0,0.0,0.0,0.0,0.0,0.07552715489189611,0.006239986419677735,0.0,0.0
356,0.14976000785827637,0.0031199932098388674,0.0,0.0,0.0001,"(25, 25)",40,"{'NN__alpha': 0.0001, 'NN__hidden_layer_sizes': (25, 25), 'ica__n_components': 40}",74,0.0,0.0,0.0,0.0,0.0,0.0,0.0,0.0,0.0,0.0,0.06878163908625402,0.006239986419677735,0.0,0.0
357,0.15287995338439941,0.0,0.0,0.0,0.0001,"(25, 25)",45,"{'NN__alpha': 0.0001, 'NN__hidden_layer_sizes': (25, 25), 'ica__n_components': 45}",74,0.0,0.0,0.0,0.0,0.0,0.0,0.0,0.0,0.0,0.0,0.07277018465238848,0.0,0.0,0.0
358,0.15911993980407715,0.0,0.0,0.0,0.0001,"(25, 25)",50,"{'NN__alpha': 0.0001, 'NN__hidden_layer_sizes': (25, 25), 'ica__n_components': 50}",74,0.0,0.0,0.0,0.0,0.0,0.0,0.0,0.0,0.0,0.0,0.08680093848427722,0.0,0.0,0.0
359,0.15287995338439941,0.0,0.0,0.0,0.0001,"(25, 25)",55,"{'NN__alpha': 0.0001, 'NN__hidden_layer_sizes': (25, 25), 'ica__n_components': 55}",74,0.0,0.0,0.0,0.0,0.0,0.0,0.0,0.0,0.0,0.0,0.07343617376709216,0.0,0.0,0.0
360,0.1591200351715088,0.0,0.0,0.0,0.0001,"(25, 25)",60,"{'NN__alpha': 0.0001, 'NN__hidden_layer_sizes': (25, 25), 'ica__n_components': 60}",74,0.0,0.0,0.0,0.0,0.0,0.0,0.0,0.0,0.0,0.0,0.07409590804842199,0.0,0.0,0.0
361,0.16224002838134766,0.0031200408935546874,0.0,0.0,0.0001,"(100, 25, 100)",2,"{'NN__alpha': 0.0001, 'NN__hidden_layer_sizes': (100, 25, 100), 'ica__n_components': 2}",74,0.0,0.0,0.0,0.0,0.0,0.0,0.0,0.0,0.0,0.0,0.007642371899125761,0.006240081787109375,0.0,0.0
362,0.16224002838134766,0.0,0.0,0.0,0.0001,"(100, 25, 100)",3,"{'NN__alpha': 0.0001, 'NN__hidden_layer_sizes': (100, 25, 100), 'ica__n_components': 3}",74,0.0,0.0,0.0,0.0,0.0,0.0,0.0,0.0,0.0,0.0,0.007642371899125761,0.0,0.0,0.0
363,0.15911998748779296,0.0,0.0,0.0,0.0001,"(100, 25, 100)",4,"{'NN__alpha': 0.0001, 'NN__hidden_layer_sizes': (100, 25, 100), 'ica__n_components': 4}",74,0.0,0.0,0.0,0.0,0.0,0.0,0.0,0.0,0.0,0.0,0.006240057945934672,0.0,0.0,0.0
364,0.14976000785827637,0.006239938735961914,0.0,0.0,0.0001,"(100, 25, 100)",5,"{'NN__alpha': 0.0001, 'NN__hidden_layer_sizes': (100, 25, 100), 'ica__n_components': 5}",74,0.0,0.0,0.0,0.0,0.0,0.0,0.0,0.0,0.0,0.0,0.007642371899125761,0.007642332965038969,0.0,0.0
365,0.16223998069763185,0.0,0.0,0.0,0.0001,"(100, 25, 100)",6,"{'NN__alpha': 0.0001, 'NN__hidden_layer_sizes': (100, 25, 100), 'ica__n_components': 6}",74,0.0,0.0,0.0,0.0,0.0,0.0,0.0,0.0,0.0,0.0,0.0076424108327166895,0.0,0.0,0.0
366,0.162239933013916,0.0031200408935546874,0.0,0.0,0.0001,"(100, 25, 100)",7,"{'NN__alpha': 0.0001, 'NN__hidden_layer_sizes': (100, 25, 100), 'ica__n_components': 7}",74,0.0,0.0,0.0,0.0,0.0,0.0,0.0,0.0,0.0,0.0,0.00764244976581176,0.006240081787109375,0.0,0.0
367,0.162239933013916,0.003119945526123047,0.0,0.0,0.0001,"(100, 25, 100)",8,"{'NN__alpha': 0.0001, 'NN__hidden_layer_sizes': (100, 25, 100), 'ica__n_components': 8}",74,0.0,0.0,0.0,0.0,0.0,0.0,0.0,0.0,0.0,0.0,0.0076423524319583986,0.006239891052246094,0.0,0.0
368,0.1653599739074707,0.0,0.0,0.0,0.0001,"(100, 25, 100)",9,"{'NN__alpha': 0.0001, 'NN__hidden_layer_sizes': (100, 25, 100), 'ica__n_components': 9}",74,0.0,0.0,0.0,0.0,0.0,0.0,0.0,0.0,0.0,0.0,0.007642371899125761,0.0,0.0,0.0
369,0.16848015785217285,0.006239938735961914,0.012164502164502164,0.0031464626060505206,0.0001,"(100, 25, 100)",10,"{'NN__alpha': 0.0001, 'NN__hidden_layer_sizes': (100, 25, 100), 'ica__n_components': 10}",64,0.0,0.0,0.06060606060606061,0.015732313030252604,0.0,0.0,0.0,0.0,0.0,0.0,0.011674022105445757,0.007642332965038969,0.024274831462117213,0.00629292521210104
370,0.24647994041442872,0.0,0.0,0.0,0.0001,"(100, 25, 100)",15,"{'NN__alpha': 0.0001, 'NN__hidden_layer_sizes': (100, 25, 100), 'ica__n_components': 15}",74,0.0,0.0,0.0,0.0,0.0,0.0,0.0,0.0,0.0,0.0,0.07917674883264567,0.0,0.0,0.0
371,0.24647989273071289,0.0,0.0,0.0,0.0001,"(100, 25, 100)",20,"{'NN__alpha': 0.0001, 'NN__hidden_layer_sizes': (100, 25, 100), 'ica__n_components': 20}",74,0.0,0.0,0.0,0.0,0.0,0.0,0.0,0.0,0.0,0.0,0.0734360582915365,0.0,0.0,0.0
372,0.24024004936218263,0.006239938735961914,0.0,0.0,0.0001,"(100, 25, 100)",25,"{'NN__alpha': 0.0001, 'NN__hidden_layer_sizes': (100, 25, 100), 'ica__n_components': 25}",74,0.0,0.0,0.0,0.0,0.0,0.0,0.0,0.0,0.0,0.0,0.07806232142561677,0.007642332965038968,0.0,0.0
373,0.24647998809814453,0.003119945526123047,0.0,0.0,0.0001,"(100, 25, 100)",30,"{'NN__alpha': 0.0001, 'NN__hidden_layer_sizes': (100, 25, 100), 'ica__n_components': 30}",74,0.0,0.0,0.0,0.0,0.0,0.0,0.0,0.0,0.0,0.0,0.07917670373661986,0.006239891052246094,0.0,0.0
374,0.24335999488830568,0.0,0.0,0.0,0.0001,"(100, 25, 100)",35,"{'NN__alpha': 0.0001, 'NN__hidden_layer_sizes': (100, 25, 100), 'ica__n_components': 35}",74,0.0,0.0,0.0,0.0,0.0,0.0,0.0,0.0,0.0,0.0,0.08171777787181572,0.0,0.0,0.0
375,0.24023995399475098,0.006240034103393554,0.0,0.0,0.0001,"(100, 25, 100)",40,"{'NN__alpha': 0.0001, 'NN__hidden_layer_sizes': (100, 25, 100), 'ica__n_components': 40}",74,0.0,0.0,0.0,0.0,0.0,0.0,0.0,0.0,0.0,0.0,0.07806239575268767,0.007642449765811761,0.0,0.0
376,0.2776798725128174,0.0031200408935546874,0.0,0.0,0.0001,"(100, 25, 100)",45,"{'NN__alpha': 0.0001, 'NN__hidden_layer_sizes': (100, 25, 100), 'ica__n_components': 45}",74,0.0,0.0,0.0,0.0,0.0,0.0,0.0,0.0,0.0,0.0,0.13506393499010858,0.006240081787109375,0.0,0.0
377,0.24959993362426758,0.0,0.0,0.0,0.0001,"(100, 25, 100)",50,"{'NN__alpha': 0.0001, 'NN__hidden_layer_sizes': (100, 25, 100), 'ica__n_components': 50}",74,0.0,0.0,0.0,0.0,0.0,0.0,0.0,0.0,0.0,0.0,0.08313499050928938,0.0,0.0,0.0
378,0.24648003578186034,0.0,0.0,0.0,0.0001,"(100, 25, 100)",55,"{'NN__alpha': 0.0001, 'NN__hidden_layer_sizes': (100, 25, 100), 'ica__n_components': 55}",74,0.0,0.0,0.0,0.0,0.0,0.0,0.0,0.0,0.0,0.0,0.07978911714536062,0.0,0.0,0.0
379,0.20591998100280762,0.0031199932098388674,0.0,0.0,0.0001,"(100, 25, 100)",60,"{'NN__alpha': 0.0001, 'NN__hidden_layer_sizes': (100, 25, 100), 'ica__n_components': 60}",74,0.0,0.0,0.0,0.0,0.0,0.0,0.0,0.0,0.0,0.0,0.08680104474952963,0.006239986419677735,0.0,0.0
