,mean_fit_time,std_fit_time,mean_score_time,std_score_time,param_NN__alpha,param_NN__hidden_layer_sizes,param_km__n_clusters,params,split0_test_score,split1_test_score,split2_test_score,split3_test_score,split4_test_score,mean_test_score,std_test_score,rank_test_score,split0_train_score,split1_train_score,split2_train_score,split3_train_score,split4_train_score,mean_train_score,std_train_score
0,0.11279988288879395,0.012998399014294977,0.0024001598358154297,0.0004899792418945042,0.1,"(50, 50)",2,"{'NN__alpha': 0.1, 'NN__hidden_layer_sizes': (50, 50), 'km__n_clusters': 2}",0.0,0.0,0.0,0.29896907216494845,0.29610611895592637,0.11871288912319952,0.145705352397396,5,0.0,0.0,0.0,0.10220588235294129,0.2258976266143753,0.06562070179346331,0.08938165088900271
1,0.12599992752075195,0.007238799921828048,0.002400064468383789,0.0004899597886342959,0.1,"(50, 50)",3,"{'NN__alpha': 0.1, 'NN__hidden_layer_sizes': (50, 50), 'km__n_clusters': 3}",0.0,0.0,0.0,0.0,0.0,0.0,0.0,21,0.0,0.0,0.0,0.0,0.0,0.0,0.0
2,0.11259989738464356,0.004223781740197451,0.0021999835968017577,0.000400018706226792,0.1,"(50, 50)",4,"{'NN__alpha': 0.1, 'NN__hidden_layer_sizes': (50, 50), 'km__n_clusters': 4}",0.0,0.0,0.0,0.0,0.0,0.0,0.0,21,0.0,0.0,0.0,0.0,0.0,0.0,0.0
3,0.12240004539489746,0.007631486590966715,0.001999950408935547,1.1680077279964342e-07,0.1,"(50, 50)",5,"{'NN__alpha': 0.1, 'NN__hidden_layer_sizes': (50, 50), 'km__n_clusters': 5}",0.0,0.0,0.0,0.0,0.0,0.0,0.0,21,0.0,0.0,0.0,0.0,0.0,0.0,0.0
4,0.1309999942779541,0.005215395352815062,0.0026000499725341796,0.0007999420308134472,0.1,"(50, 50)",6,"{'NN__alpha': 0.1, 'NN__hidden_layer_sizes': (50, 50), 'km__n_clusters': 6}",0.0,0.0,0.0,0.0,0.0,0.0,0.0,21,0.0,0.0,0.0,0.0,0.0,0.0,0.0
5,0.13959999084472657,0.011146312477788693,0.0021999359130859377,0.0004000425445315194,0.1,"(50, 50)",7,"{'NN__alpha': 0.1, 'NN__hidden_layer_sizes': (50, 50), 'km__n_clusters': 7}",0.0,0.0,0.0,0.0,0.0,0.0,0.0,21,0.0,0.0,0.0,0.0,0.0,0.0,0.0
6,0.14840006828308105,0.008236521963750928,0.002199888229370117,0.0003999471771024199,0.1,"(50, 50)",8,"{'NN__alpha': 0.1, 'NN__hidden_layer_sizes': (50, 50), 'km__n_clusters': 8}",0.0,0.0,0.0,0.0,0.0,0.0,0.0,21,0.0,0.0,0.0,0.0,0.0,0.0,0.0
7,0.1419999599456787,0.0040496568730196475,0.001999950408935547,1.1680077279964342e-07,0.1,"(50, 50)",9,"{'NN__alpha': 0.1, 'NN__hidden_layer_sizes': (50, 50), 'km__n_clusters': 9}",0.0,0.0,0.0,0.0,0.0,0.0,0.0,21,0.0,0.0,0.0,0.0,0.0,0.0,0.0
8,0.14419989585876464,0.004534338322715691,0.0024000167846679687,0.0004899013824479931,0.1,"(50, 50)",10,"{'NN__alpha': 0.1, 'NN__hidden_layer_sizes': (50, 50), 'km__n_clusters': 10}",0.0,0.0,0.0,0.0,0.0,0.0,0.0,21,0.0,0.0,0.0,0.0,0.0,0.0,0.0
9,0.15800008773803711,0.005403646101696358,0.0019999980926513673,1.1680077279964343e-07,0.1,"(50, 50)",15,"{'NN__alpha': 0.1, 'NN__hidden_layer_sizes': (50, 50), 'km__n_clusters': 15}",0.0,0.0,0.0,0.0,0.0,0.0,0.0,21,0.0,0.0,0.0,0.0,0.0,0.0,0.0
10,0.18259997367858888,0.002653409446446117,0.0021999835968017577,0.000400018706226792,0.1,"(50, 50)",20,"{'NN__alpha': 0.1, 'NN__hidden_layer_sizes': (50, 50), 'km__n_clusters': 20}",0.0,0.0,0.0,0.0,0.0,0.0,0.0,21,0.0,0.0,0.0,0.0,0.0,0.0,0.0
11,0.20580010414123534,0.004308151645089101,0.0021999359130859377,0.0004000425445315194,0.1,"(50, 50)",25,"{'NN__alpha': 0.1, 'NN__hidden_layer_sizes': (50, 50), 'km__n_clusters': 25}",0.0,0.0,0.0,0.0,0.0,0.0,0.0,21,0.0,0.0,0.0,0.0,0.0,0.0,0.0
12,0.24039993286132813,0.003611088462098122,0.0020000457763671873,1.784161275279017e-07,0.1,"(50, 50)",30,"{'NN__alpha': 0.1, 'NN__hidden_layer_sizes': (50, 50), 'km__n_clusters': 30}",0.0,0.0,0.0,0.0,0.0,0.0,0.0,21,0.0,0.0,0.0,0.0,0.0,0.0,0.0
13,0.24940004348754882,0.005713137629491066,0.0023999691009521486,0.000489940339242533,0.1,"(50, 50)",35,"{'NN__alpha': 0.1, 'NN__hidden_layer_sizes': (50, 50), 'km__n_clusters': 35}",0.0,0.0,0.0,0.0,0.0,0.0,0.0,21,0.0,0.0,0.0,0.0,0.0,0.0,0.0
14,0.2740000247955322,0.008221894357364236,0.0022000789642333983,0.00039997103672454983,0.1,"(50, 50)",40,"{'NN__alpha': 0.1, 'NN__hidden_layer_sizes': (50, 50), 'km__n_clusters': 40}",0.0,0.0,0.0,0.0,0.0,0.0,0.0,21,0.0,0.0,0.0,0.0,0.0,0.0,0.0
15,0.0847999095916748,0.0029258193002767692,0.0018000125885009766,0.00040004254453151935,0.1,"(50,)",2,"{'NN__alpha': 0.1, 'NN__hidden_layer_sizes': (50,), 'km__n_clusters': 2}",0.0,0.0,0.0,0.0,0.0,0.0,0.0,21,0.0,0.0,0.0,0.0,0.0,0.0,0.0
16,0.06319999694824219,0.0029257443274251123,0.001999950408935547,1.1680077279964343e-07,0.1,"(50,)",3,"{'NN__alpha': 0.1, 'NN__hidden_layer_sizes': (50,), 'km__n_clusters': 3}",0.0,0.0,0.0,0.0,0.0,0.0,0.0,21,0.0,0.0,0.0,0.0,0.0,0.0,0.0
17,0.07019996643066406,0.0020395254437727897,0.0019999980926513673,1.9073486328125e-07,0.1,"(50,)",4,"{'NN__alpha': 0.1, 'NN__hidden_layer_sizes': (50,), 'km__n_clusters': 4}",0.0,0.0,0.0,0.0,0.0,0.0,0.0,21,0.0,0.0,0.0,0.0,0.0,0.0,0.0
18,0.08340010643005372,0.0040297548091824936,0.001399993896484375,0.0004897845816770382,0.1,"(50,)",5,"{'NN__alpha': 0.1, 'NN__hidden_layer_sizes': (50,), 'km__n_clusters': 5}",0.0,0.0,0.0,0.0,0.0,0.0,0.0,21,0.0,0.0,0.0,0.0,0.0,0.0,0.0
19,0.0811999797821045,0.0027856366575880593,0.0020000457763671873,2.3360154559928684e-07,0.1,"(50,)",6,"{'NN__alpha': 0.1, 'NN__hidden_layer_sizes': (50,), 'km__n_clusters': 6}",0.0,0.0,0.0,0.0,0.0,0.0,0.0,21,0.0,0.0,0.0,0.0,0.0,0.0,0.0
20,0.09780011177062989,0.00426136112359109,0.0017999649047851563,0.00039989949338787065,0.1,"(50,)",7,"{'NN__alpha': 0.1, 'NN__hidden_layer_sizes': (50,), 'km__n_clusters': 7}",0.0,0.0,0.0,0.0,0.0,0.0,0.0,21,0.0,0.0,0.0,0.0,0.0,0.0,0.0
21,0.10800004005432129,0.003098362180868139,0.002199888229370117,0.0004000663757324219,0.1,"(50,)",8,"{'NN__alpha': 0.1, 'NN__hidden_layer_sizes': (50,), 'km__n_clusters': 8}",0.0,0.0,0.0,0.0,0.0,0.0,0.0,21,0.0,0.0,0.0,0.0,0.0,0.0,0.0
22,0.0997999668121338,0.0049557649298956966,0.002000093460083008,1.5078914929239175e-07,0.1,"(50,)",9,"{'NN__alpha': 0.1, 'NN__hidden_layer_sizes': (50,), 'km__n_clusters': 9}",0.0,0.0,0.0,0.0,0.0,0.0,0.0,21,0.0,0.0,0.0,0.0,0.0,0.0,0.0
23,0.11080007553100586,0.0031875137419864947,0.002199888229370117,0.0003999471771024199,0.1,"(50,)",10,"{'NN__alpha': 0.1, 'NN__hidden_layer_sizes': (50,), 'km__n_clusters': 10}",0.0,0.0,0.0,0.0,0.0,0.0,0.0,21,0.0,0.0,0.0,0.0,0.0,0.0,0.0
24,0.13479995727539062,0.006305502931826199,0.0017999649047851563,0.000400018706226792,0.1,"(50,)",15,"{'NN__alpha': 0.1, 'NN__hidden_layer_sizes': (50,), 'km__n_clusters': 15}",0.0,0.0,0.0,0.0,0.0,0.0,0.0,21,0.0,0.0,0.0,0.0,0.0,0.0,0.0
25,0.1409998893737793,0.004335901343599573,0.0022000789642333983,0.0003999710083007813,0.1,"(50,)",20,"{'NN__alpha': 0.1, 'NN__hidden_layer_sizes': (50,), 'km__n_clusters': 20}",0.0,0.0,0.0,0.0,0.0,0.0,0.0,21,0.0,0.0,0.0,0.0,0.0,0.0,0.0
26,0.17079997062683105,0.00594650811286918,0.001999950408935547,1.1680077279964342e-07,0.1,"(50,)",25,"{'NN__alpha': 0.1, 'NN__hidden_layer_sizes': (50,), 'km__n_clusters': 25}",0.0,0.0,0.0,0.0,0.0,0.0,0.0,21,0.0,0.0,0.0,0.0,0.0,0.0,0.0
27,0.2064000129699707,0.009810243080686856,0.0029999732971191405,0.0015492041783210476,0.1,"(50,)",30,"{'NN__alpha': 0.1, 'NN__hidden_layer_sizes': (50,), 'km__n_clusters': 30}",0.0,0.0,0.0,0.0,0.08600546855580411,0.017113333028961022,0.03433619166924577,13,0.0,0.0,0.0,0.0,0.08531764273237097,0.017063528546474194,0.03412705709294839
28,0.21360015869140625,0.004586961048843042,0.0017998695373535156,0.0003999710083007812,0.1,"(50,)",35,"{'NN__alpha': 0.1, 'NN__hidden_layer_sizes': (50,), 'km__n_clusters': 35}",0.0,0.0,0.0,0.0,0.0,0.0,0.0,21,0.0,0.0,0.0,0.0,0.0,0.0,0.0
29,0.24180006980895996,0.007386602389026876,0.0019999980926513673,1.1680077279964343e-07,0.1,"(50,)",40,"{'NN__alpha': 0.1, 'NN__hidden_layer_sizes': (50,), 'km__n_clusters': 40}",0.0,0.0,0.0,0.0,0.0,0.0,0.0,21,0.0,0.0,0.0,0.0,0.0,0.0,0.0
30,0.06520018577575684,0.005418484876112399,0.001999950408935547,0.0006324850929980568,0.1,"(25,)",2,"{'NN__alpha': 0.1, 'NN__hidden_layer_sizes': (25,), 'km__n_clusters': 2}",0.0,0.0,0.4100549882168107,0.0,0.0,0.08201099764336213,0.1640219952867243,9,0.0,0.0,0.5572832576635938,0.0,0.0,0.11145665153271875,0.2229133030654375
31,0.062400007247924806,0.002332252601699741,0.0015999317169189454,0.0004899013824479931,0.1,"(25,)",3,"{'NN__alpha': 0.1, 'NN__hidden_layer_sizes': (25,), 'km__n_clusters': 3}",0.0,0.0,0.0,0.0,0.0,0.0,0.0,21,0.0,0.0,0.0,0.0,0.0,0.0,0.0
32,0.05879998207092285,0.002227175561130179,0.002400064468383789,0.0018547178184778836,0.1,"(25,)",4,"{'NN__alpha': 0.1, 'NN__hidden_layer_sizes': (25,), 'km__n_clusters': 4}",0.0,0.0,0.0,0.0,0.0,0.0,0.0,21,0.0,0.0,0.0,0.0,0.0,0.0,0.0
33,0.09279999732971192,0.002638156264143822,0.0015999794006347657,0.0004898429878647236,0.1,"(25,)",5,"{'NN__alpha': 0.1, 'NN__hidden_layer_sizes': (25,), 'km__n_clusters': 5}",0.4027777777777779,0.0,0.0,0.0,0.46639707298286137,0.17377005250395938,0.21377272430628222,1,0.42808746535263376,0.0,0.0,0.0,0.39887374479854454,0.16539224203023567,0.20277385120508837
34,0.08259997367858887,0.004270745055777983,0.001600027084350586,0.000489979265096882,0.1,"(25,)",6,"{'NN__alpha': 0.1, 'NN__hidden_layer_sizes': (25,), 'km__n_clusters': 6}",0.0,0.0,0.0,0.0,0.0,0.0,0.0,21,0.0,0.0,0.0,0.0,0.0,0.0,0.0
35,0.09479994773864746,0.011016391014734353,0.0018000125885009766,0.00039992333879854,0.1,"(25,)",7,"{'NN__alpha': 0.1, 'NN__hidden_layer_sizes': (25,), 'km__n_clusters': 7}",0.0,0.0,0.0,0.0,0.0,0.0,0.0,21,0.0,0.0,0.0,0.0,0.0,0.0,0.0
36,0.08359999656677246,0.004363516091651874,0.0019999980926513673,1.1680077279964343e-07,0.1,"(25,)",8,"{'NN__alpha': 0.1, 'NN__hidden_layer_sizes': (25,), 'km__n_clusters': 8}",0.0,0.0,0.0,0.0,0.0,0.0,0.0,21,0.0,0.0,0.0,0.0,0.0,0.0,0.0
37,0.08740000724792481,0.0032618519813941886,0.0013999462127685547,0.0004899208473093903,0.1,"(25,)",9,"{'NN__alpha': 0.1, 'NN__hidden_layer_sizes': (25,), 'km__n_clusters': 9}",0.0,0.0,0.0,0.0,0.0,0.0,0.0,21,0.0,0.0,0.0,0.0,0.0,0.0,0.0
38,0.0941999912261963,0.0059126115928568425,0.0024000167846679687,0.0004898040465379741,0.1,"(25,)",10,"{'NN__alpha': 0.1, 'NN__hidden_layer_sizes': (25,), 'km__n_clusters': 10}",0.0,0.0,0.0,0.0,0.0,0.0,0.0,21,0.0,0.0,0.0,0.0,0.0,0.0,0.0
39,0.14240012168884278,0.0060530094203650985,0.0019999980926513673,1.1680077279964343e-07,0.1,"(25,)",15,"{'NN__alpha': 0.1, 'NN__hidden_layer_sizes': (25,), 'km__n_clusters': 15}",0.0,0.0,0.0,0.0,0.0,0.0,0.0,21,0.0,0.0,0.0,0.0,0.0,0.0,0.0
40,0.1435999393463135,0.0053142027695438545,0.001999950408935547,1.9073486328124998e-07,0.1,"(25,)",20,"{'NN__alpha': 0.1, 'NN__hidden_layer_sizes': (25,), 'km__n_clusters': 20}",0.0,0.0,0.0,0.0,0.0,0.0,0.0,21,0.0,0.0,0.0,0.0,0.0,0.0,0.0
41,0.17079997062683105,0.003249597003324178,0.0019999980926513673,1.9073486328125e-07,0.1,"(25,)",25,"{'NN__alpha': 0.1, 'NN__hidden_layer_sizes': (25,), 'km__n_clusters': 25}",0.0,0.0,0.0,0.0,0.0,0.0,0.0,21,0.0,0.0,0.0,0.0,0.0,0.0,0.0
42,0.1836000442504883,0.003878182485446094,0.0019999980926513673,1.1680077279964342e-07,0.1,"(25,)",30,"{'NN__alpha': 0.1, 'NN__hidden_layer_sizes': (25,), 'km__n_clusters': 30}",0.0,0.0,0.0,0.0,0.0,0.0,0.0,21,0.0,0.0,0.0,0.0,0.0,0.0,0.0
43,0.19360008239746093,0.004223689170598175,0.001999950408935547,1.9073486328124998e-07,0.1,"(25,)",35,"{'NN__alpha': 0.1, 'NN__hidden_layer_sizes': (25,), 'km__n_clusters': 35}",0.0,0.0,0.0,0.0,0.0,0.0,0.0,21,0.0,0.0,0.0,0.0,0.0,0.0,0.0
44,0.22519998550415038,0.009662325957787004,0.0021999835968017577,0.000400018706226792,0.1,"(25,)",40,"{'NN__alpha': 0.1, 'NN__hidden_layer_sizes': (25,), 'km__n_clusters': 40}",0.0,0.0,0.0,0.0,0.0,0.0,0.0,21,0.0,0.0,0.0,0.0,0.0,0.0,0.0
45,0.07800006866455078,0.003521324809828316,0.0025998592376708985,0.0017435261905124658,0.1,"(25, 25)",2,"{'NN__alpha': 0.1, 'NN__hidden_layer_sizes': (25, 25), 'km__n_clusters': 2}",0.0,0.0,0.0,0.0,0.0,0.0,0.0,21,0.0,0.0,0.0,0.0,0.0,0.0,0.0
46,0.07659997940063476,0.0017435261905124656,0.0018000602722167969,0.0004000663757324219,0.1,"(25, 25)",3,"{'NN__alpha': 0.1, 'NN__hidden_layer_sizes': (25, 25), 'km__n_clusters': 3}",0.0,0.0,0.0,0.0,0.0,0.0,0.0,21,0.0,0.0,0.0,0.0,0.0,0.0,0.0
47,0.10760002136230469,0.008260755623666535,0.0019999980926513673,1.1680077279964342e-07,0.1,"(25, 25)",4,"{'NN__alpha': 0.1, 'NN__hidden_layer_sizes': (25, 25), 'km__n_clusters': 4}",0.0,0.0,0.0,0.0,0.0,0.0,0.0,21,0.0,0.0,0.0,0.0,0.0,0.0,0.0
48,0.09099993705749512,0.003033071827573636,0.0020000457763671873,1.784161275279017e-07,0.1,"(25, 25)",5,"{'NN__alpha': 0.1, 'NN__hidden_layer_sizes': (25, 25), 'km__n_clusters': 5}",0.0,0.0,0.0,0.0,0.0,0.0,0.0,21,0.0,0.0,0.0,0.0,0.0,0.0,0.0
49,0.1427999496459961,0.008565076936262303,0.0020000457763671873,1.784161275279017e-07,0.1,"(25, 25)",6,"{'NN__alpha': 0.1, 'NN__hidden_layer_sizes': (25, 25), 'km__n_clusters': 6}",0.0,0.0,0.0,0.0,0.0,0.0,0.0,21,0.0,0.0,0.0,0.0,0.0,0.0,0.0
50,0.09460010528564453,0.004079322069678441,0.0019999027252197267,9.536743164062499e-08,0.1,"(25, 25)",7,"{'NN__alpha': 0.1, 'NN__hidden_layer_sizes': (25, 25), 'km__n_clusters': 7}",0.0,0.0,0.0,0.0,0.0,0.0,0.0,21,0.0,0.0,0.0,0.0,0.0,0.0,0.0
51,0.1359999656677246,0.0029664733527853967,0.0031999588012695313,0.0014697235954456108,0.1,"(25, 25)",8,"{'NN__alpha': 0.1, 'NN__hidden_layer_sizes': (25, 25), 'km__n_clusters': 8}",0.0,0.0,0.0,0.0,0.0,0.0,0.0,21,0.0,0.0,0.0,0.0,0.0,0.0,0.0
52,0.10539989471435547,0.0018548155144200126,0.0018000602722167969,0.0004000663757324219,0.1,"(25, 25)",9,"{'NN__alpha': 0.1, 'NN__hidden_layer_sizes': (25, 25), 'km__n_clusters': 9}",0.0,0.0,0.0,0.0,0.0,0.0,0.0,21,0.0,0.0,0.0,0.0,0.0,0.0,0.0
53,0.11580009460449218,0.007678584880068956,0.002399921417236328,0.0008000135475042733,0.1,"(25, 25)",10,"{'NN__alpha': 0.1, 'NN__hidden_layer_sizes': (25, 25), 'km__n_clusters': 10}",0.0,0.0,0.0,0.0,0.0,0.0,0.0,21,0.0,0.0,0.0,0.0,0.0,0.0,0.0
54,0.12379989624023438,0.004308187064482992,0.0014000415802001953,0.0004899403160383116,0.1,"(25, 25)",15,"{'NN__alpha': 0.1, 'NN__hidden_layer_sizes': (25, 25), 'km__n_clusters': 15}",0.0,0.0,0.0,0.0,0.0,0.0,0.0,21,0.0,0.0,0.0,0.0,0.0,0.0,0.0
55,0.16220011711120605,0.006968448475137632,0.001999950408935547,1.1680077279964343e-07,0.1,"(25, 25)",20,"{'NN__alpha': 0.1, 'NN__hidden_layer_sizes': (25, 25), 'km__n_clusters': 20}",0.0,0.0,0.0,0.0,0.0,0.0,0.0,21,0.0,0.0,0.0,0.0,0.0,0.0,0.0
56,0.2193997859954834,0.004630394606799493,0.0034001350402832033,0.0028000831685206376,0.1,"(25, 25)",25,"{'NN__alpha': 0.1, 'NN__hidden_layer_sizes': (25, 25), 'km__n_clusters': 25}",0.0,0.0,0.0,0.0,0.0,0.0,0.0,21,0.0,0.0,0.0,0.0,0.0,0.0,0.0
57,0.20359983444213867,0.007499409066043112,0.0026000499725341796,0.0007999420166015626,0.1,"(25, 25)",30,"{'NN__alpha': 0.1, 'NN__hidden_layer_sizes': (25, 25), 'km__n_clusters': 30}",0.0,0.0,0.0,0.0,0.0,0.0,0.0,21,0.0,0.0,0.0,0.0,0.0,0.0,0.0
58,0.22160005569458008,0.00458695065161447,0.001999950408935547,1.1680077279964343e-07,0.1,"(25, 25)",35,"{'NN__alpha': 0.1, 'NN__hidden_layer_sizes': (25, 25), 'km__n_clusters': 35}",0.0,0.0,0.0,0.0,0.0,0.0,0.0,21,0.0,0.0,0.0,0.0,0.0,0.0,0.0
59,0.23060002326965331,0.008546324046502516,0.002000093460083008,0.0006324851181625343,0.1,"(25, 25)",40,"{'NN__alpha': 0.1, 'NN__hidden_layer_sizes': (25, 25), 'km__n_clusters': 40}",0.0,0.0,0.0,0.0,0.0,0.0,0.0,21,0.0,0.0,0.0,0.0,0.0,0.0,0.0
60,0.24359993934631347,0.06162352887574172,0.0030000686645507814,0.0010953657221236769,0.1,"(100, 25, 100)",2,"{'NN__alpha': 0.1, 'NN__hidden_layer_sizes': (100, 25, 100), 'km__n_clusters': 2}",0.0,0.0,0.0,0.0,0.0,0.0,0.0,21,0.0,0.0,0.0,0.0,0.0,0.0,0.0
61,0.1883999824523926,0.008380981004714124,0.003399944305419922,0.0004899987222241536,0.1,"(100, 25, 100)",3,"{'NN__alpha': 0.1, 'NN__hidden_layer_sizes': (100, 25, 100), 'km__n_clusters': 3}",0.0,0.0,0.0,0.0,0.0,0.0,0.0,21,0.0,0.0,0.0,0.0,0.0,0.0,0.0
62,0.1998000144958496,0.017735884237847135,0.00279998779296875,0.0011663430164020187,0.1,"(100, 25, 100)",4,"{'NN__alpha': 0.1, 'NN__hidden_layer_sizes': (100, 25, 100), 'km__n_clusters': 4}",0.0,0.0,0.0,0.0,0.0,0.0,0.0,21,0.0,0.0,0.0,0.0,0.0,0.0,0.0
63,0.21199989318847656,0.018750950558181996,0.0021999835968017577,0.00039989949338787065,0.1,"(100, 25, 100)",5,"{'NN__alpha': 0.1, 'NN__hidden_layer_sizes': (100, 25, 100), 'km__n_clusters': 5}",0.0,0.0,0.0,0.0,0.0,0.0,0.0,21,0.0,0.0,0.0,0.0,0.0,0.0,0.0
64,0.20540008544921876,0.009351009678454281,0.0024000167846679687,0.0004899013824479931,0.1,"(100, 25, 100)",6,"{'NN__alpha': 0.1, 'NN__hidden_layer_sizes': (100, 25, 100), 'km__n_clusters': 6}",0.0,0.0,0.0,0.0,0.0,0.0,0.0,21,0.0,0.0,0.0,0.0,0.0,0.0,0.0
65,0.2227998733520508,0.020556138778691342,0.002400112152099609,0.0004898235384771108,0.1,"(100, 25, 100)",7,"{'NN__alpha': 0.1, 'NN__hidden_layer_sizes': (100, 25, 100), 'km__n_clusters': 7}",0.0,0.0,0.0,0.0,0.0,0.0,0.0,21,0.0,0.0,0.0,0.0,0.0,0.0,0.0
66,0.21559996604919435,0.02456492176845413,0.0026000022888183595,0.0004900182064194829,0.1,"(100, 25, 100)",8,"{'NN__alpha': 0.1, 'NN__hidden_layer_sizes': (100, 25, 100), 'km__n_clusters': 8}",0.0,0.0,0.0,0.0,0.0,0.0,0.0,21,0.0,0.0,0.0,0.0,0.0,0.0,0.0
67,0.23379988670349122,0.012560314775954517,0.0022000789642333983,0.0003999710367245498,0.1,"(100, 25, 100)",9,"{'NN__alpha': 0.1, 'NN__hidden_layer_sizes': (100, 25, 100), 'km__n_clusters': 9}",0.0,0.0,0.0,0.0,0.0,0.0,0.0,21,0.0,0.0,0.0,0.0,0.0,0.0,0.0
68,0.24000000953674316,0.02547158238313531,0.0026000022888183595,0.0004899208473093904,0.1,"(100, 25, 100)",10,"{'NN__alpha': 0.1, 'NN__hidden_layer_sizes': (100, 25, 100), 'km__n_clusters': 10}",0.0,0.0,0.0,0.0,0.0,0.0,0.0,21,0.0,0.0,0.0,0.0,0.0,0.0,0.0
69,0.2995999813079834,0.021181132828083444,0.0026000499725341796,0.000800061231219776,0.1,"(100, 25, 100)",15,"{'NN__alpha': 0.1, 'NN__hidden_layer_sizes': (100, 25, 100), 'km__n_clusters': 15}",0.0,0.0,0.0,0.0,0.0,0.0,0.0,21,0.0,0.0,0.0,0.0,0.0,0.0,0.0
70,0.34219989776611326,0.02424372865780946,0.0056000232696533205,0.006216160785885459,0.1,"(100, 25, 100)",20,"{'NN__alpha': 0.1, 'NN__hidden_layer_sizes': (100, 25, 100), 'km__n_clusters': 20}",0.0,0.0,0.0,0.0,0.0,0.0,0.0,21,0.0,0.0,0.0,0.0,0.0,0.0,0.0
71,0.38379993438720705,0.030583697320925644,0.0032000064849853514,0.0003999710651483163,0.1,"(100, 25, 100)",25,"{'NN__alpha': 0.1, 'NN__hidden_layer_sizes': (100, 25, 100), 'km__n_clusters': 25}",0.0,0.0,0.0,0.0,0.0,0.0,0.0,21,0.0,0.0,0.0,0.0,0.0,0.0,0.0
72,0.40919995307922363,0.017092640280222785,0.002800130844116211,0.000400018706226792,0.1,"(100, 25, 100)",30,"{'NN__alpha': 0.1, 'NN__hidden_layer_sizes': (100, 25, 100), 'km__n_clusters': 30}",0.0,0.0,0.0,0.0,0.0,0.0,0.0,21,0.0,0.0,0.0,0.0,0.0,0.0,0.0
73,0.4237999439239502,0.01941554769869123,0.0027999401092529295,0.0011661712798998742,0.1,"(100, 25, 100)",35,"{'NN__alpha': 0.1, 'NN__hidden_layer_sizes': (100, 25, 100), 'km__n_clusters': 35}",0.0,0.0,0.0,0.0,0.0,0.0,0.0,21,0.0,0.0,0.0,0.0,0.0,0.0,0.0
74,0.48600006103515625,0.04902249455196286,0.0028000354766845705,0.0004000902282460696,0.1,"(100, 25, 100)",40,"{'NN__alpha': 0.1, 'NN__hidden_layer_sizes': (100, 25, 100), 'km__n_clusters': 40}",0.0,0.0,0.0,0.0,0.08600546855580411,0.017113333028961022,0.03433619166924577,13,0.04425764956856758,0.0,0.0,0.0,0.022190693299749695,0.013289668573663455,0.017709262889621328
75,0.09019999504089356,0.008231754024586601,0.0019999980926513673,1.1680077279964343e-07,0.01,"(50, 50)",2,"{'NN__alpha': 0.01, 'NN__hidden_layer_sizes': (50, 50), 'km__n_clusters': 2}",0.0,0.0,0.0,0.29896907216494845,0.29610611895592637,0.11871288912319952,0.145705352397396,5,0.0,0.0,0.0,0.10220588235294129,0.2258976266143753,0.06562070179346331,0.08938165088900271
76,0.11559996604919434,0.003006584097538608,0.002400064468383789,0.0004898624643296147,0.01,"(50, 50)",3,"{'NN__alpha': 0.01, 'NN__hidden_layer_sizes': (50, 50), 'km__n_clusters': 3}",0.0,0.0,0.0,0.0,0.0,0.0,0.0,21,0.0,0.0,0.0,0.0,0.0,0.0,0.0
77,0.10960001945495605,0.0031999290005847586,0.0019999980926513673,1.1680077279964343e-07,0.01,"(50, 50)",4,"{'NN__alpha': 0.01, 'NN__hidden_layer_sizes': (50, 50), 'km__n_clusters': 4}",0.0,0.0,0.0,0.0,0.0,0.0,0.0,21,0.0,0.0,0.0,0.0,0.0,0.0,0.0
78,0.11779994964599609,0.0018329910716139803,0.0022000789642333983,0.00039997103672454983,0.01,"(50, 50)",5,"{'NN__alpha': 0.01, 'NN__hidden_layer_sizes': (50, 50), 'km__n_clusters': 5}",0.0,0.0,0.0,0.0,0.0,0.0,0.0,21,0.0,0.0,0.0,0.0,0.0,0.0,0.0
79,0.1251999855041504,0.002135439519827985,0.0019999980926513673,1.1680077279964342e-07,0.01,"(50, 50)",6,"{'NN__alpha': 0.01, 'NN__hidden_layer_sizes': (50, 50), 'km__n_clusters': 6}",0.0,0.0,0.0,0.0,0.0,0.0,0.0,21,0.0,0.0,0.0,0.0,0.0,0.0,0.0
80,0.12779979705810546,0.0023151643527509866,0.002000093460083008,1.5078914929239175e-07,0.01,"(50, 50)",7,"{'NN__alpha': 0.01, 'NN__hidden_layer_sizes': (50, 50), 'km__n_clusters': 7}",0.0,0.0,0.0,0.0,0.0,0.0,0.0,21,0.0,0.0,0.0,0.0,0.0,0.0,0.0
81,0.14340004920959473,0.002576862440154442,0.0021999835968017577,0.000400018706226792,0.01,"(50, 50)",8,"{'NN__alpha': 0.01, 'NN__hidden_layer_sizes': (50, 50), 'km__n_clusters': 8}",0.0,0.0,0.0,0.0,0.0,0.0,0.0,21,0.0,0.0,0.0,0.0,0.0,0.0,0.0
82,0.13880009651184083,0.0017205509982172477,0.0019998550415039062,0.0,0.01,"(50, 50)",9,"{'NN__alpha': 0.01, 'NN__hidden_layer_sizes': (50, 50), 'km__n_clusters': 9}",0.0,0.0,0.0,0.0,0.0,0.0,0.0,21,0.0,0.0,0.0,0.0,0.0,0.0,0.0
83,0.14379992485046386,0.004621780167833661,0.002200031280517578,0.0004001140736550456,0.01,"(50, 50)",10,"{'NN__alpha': 0.01, 'NN__hidden_layer_sizes': (50, 50), 'km__n_clusters': 10}",0.0,0.0,0.0,0.0,0.0,0.0,0.0,21,0.0,0.0,0.0,0.0,0.0,0.0,0.0
84,0.15979995727539062,0.0031874000471912856,0.0020000457763671873,1.784161275279017e-07,0.01,"(50, 50)",15,"{'NN__alpha': 0.01, 'NN__hidden_layer_sizes': (50, 50), 'km__n_clusters': 15}",0.0,0.0,0.0,0.0,0.0,0.0,0.0,21,0.0,0.0,0.0,0.0,0.0,0.0,0.0
85,0.18259997367858888,0.005003986387396066,0.002200031280517578,0.0003999948892390431,0.01,"(50, 50)",20,"{'NN__alpha': 0.01, 'NN__hidden_layer_sizes': (50, 50), 'km__n_clusters': 20}",0.0,0.0,0.0,0.0,0.0,0.0,0.0,21,0.0,0.0,0.0,0.0,0.0,0.0,0.0
86,0.2301999568939209,0.01923954647275308,0.0021999835968017577,0.000400018706226792,0.01,"(50, 50)",25,"{'NN__alpha': 0.01, 'NN__hidden_layer_sizes': (50, 50), 'km__n_clusters': 25}",0.0,0.0,0.0,0.0,0.0,0.0,0.0,21,0.0,0.0,0.0,0.0,0.0,0.0,0.0
87,0.24639997482299805,0.005747936788825114,0.0021999359130859377,0.00039992333879854,0.01,"(50, 50)",30,"{'NN__alpha': 0.01, 'NN__hidden_layer_sizes': (50, 50), 'km__n_clusters': 30}",0.0,0.0,0.0,0.0,0.0,0.0,0.0,21,0.0,0.0,0.0,0.0,0.0,0.0,0.0
88,0.25840015411376954,0.00733752100427026,0.002199888229370117,0.0003999471771024199,0.01,"(50, 50)",35,"{'NN__alpha': 0.01, 'NN__hidden_layer_sizes': (50, 50), 'km__n_clusters': 35}",0.0,0.0,0.0,0.0,0.0,0.0,0.0,21,0.0,0.0,0.0,0.0,0.0,0.0,0.0
89,0.2828000545501709,0.012139240697751633,0.001999950408935547,1.1680077279964343e-07,0.01,"(50, 50)",40,"{'NN__alpha': 0.01, 'NN__hidden_layer_sizes': (50, 50), 'km__n_clusters': 40}",0.0,0.0,0.0,0.0,0.0,0.0,0.0,21,0.0,0.0,0.0,0.0,0.0,0.0,0.0
90,0.08379983901977539,0.00305946739355083,0.0018000125885009766,0.0004000425445315194,0.01,"(50,)",2,"{'NN__alpha': 0.01, 'NN__hidden_layer_sizes': (50,), 'km__n_clusters': 2}",0.0,0.0,0.0,0.0,0.0,0.0,0.0,21,0.0,0.0,0.0,0.0,0.0,0.0,0.0
91,0.061800146102905275,0.0038678487252313313,0.001599884033203125,0.0004898624411217045,0.01,"(50,)",3,"{'NN__alpha': 0.01, 'NN__hidden_layer_sizes': (50,), 'km__n_clusters': 3}",0.0,0.0,0.0,0.0,0.0,0.0,0.0,21,0.0,0.0,0.0,0.0,0.0,0.0,0.0
92,0.06800007820129395,0.0024494679443041235,0.0018000125885009766,0.00040004257295020516,0.01,"(50,)",4,"{'NN__alpha': 0.01, 'NN__hidden_layer_sizes': (50,), 'km__n_clusters': 4}",0.0,0.0,0.0,0.0,0.0,0.0,0.0,21,0.0,0.0,0.0,0.0,0.0,0.0,0.0
93,0.07939996719360351,0.002059208360428157,0.0017999649047851563,0.000400018706226792,0.01,"(50,)",5,"{'NN__alpha': 0.01, 'NN__hidden_layer_sizes': (50,), 'km__n_clusters': 5}",0.0,0.0,0.0,0.0,0.0,0.0,0.0,21,0.0,0.0,0.0,0.0,0.0,0.0,0.0
94,0.07720007896423339,0.003249646893512752,0.0017999649047851563,0.000400018706226792,0.01,"(50,)",6,"{'NN__alpha': 0.01, 'NN__hidden_layer_sizes': (50,), 'km__n_clusters': 6}",0.0,0.0,0.0,0.0,0.0,0.0,0.0,21,0.0,0.0,0.0,0.0,0.0,0.0,0.0
95,0.10060000419616699,0.0058855638176022705,0.002200031280517578,0.00039999486081696955,0.01,"(50,)",7,"{'NN__alpha': 0.01, 'NN__hidden_layer_sizes': (50,), 'km__n_clusters': 7}",0.0,0.0,0.0,0.0,0.0,0.0,0.0,21,0.0,0.0,0.0,0.0,0.0,0.0,0.0
96,0.10899996757507324,0.003741794007673293,0.0019999980926513673,1.1680077279964342e-07,0.01,"(50,)",8,"{'NN__alpha': 0.01, 'NN__hidden_layer_sizes': (50,), 'km__n_clusters': 8}",0.0,0.0,0.0,0.0,0.0,0.0,0.0,21,0.0,0.0,0.0,0.0,0.0,0.0,0.0
97,0.09920005798339844,0.0015999913222298583,0.0019999980926513673,1.1680077279964343e-07,0.01,"(50,)",9,"{'NN__alpha': 0.01, 'NN__hidden_layer_sizes': (50,), 'km__n_clusters': 9}",0.0,0.0,0.0,0.0,0.0,0.0,0.0,21,0.0,0.0,0.0,0.0,0.0,0.0,0.0
98,0.1124000072479248,0.0022449081813341724,0.001999950408935547,1.1680077279964343e-07,0.01,"(50,)",10,"{'NN__alpha': 0.01, 'NN__hidden_layer_sizes': (50,), 'km__n_clusters': 10}",0.0,0.0,0.0,0.0,0.0,0.0,0.0,21,0.0,0.0,0.0,0.0,0.0,0.0,0.0
99,0.13840007781982422,0.006216042652270072,0.0021999359130859377,0.00040004254453151935,0.01,"(50,)",15,"{'NN__alpha': 0.01, 'NN__hidden_layer_sizes': (50,), 'km__n_clusters': 15}",0.0,0.0,0.0,0.0,0.0,0.0,0.0,21,0.0,0.0,0.0,0.0,0.0,0.0,0.0
100,0.14239997863769532,0.0030724466796060263,0.0020000457763671873,1.784161275279017e-07,0.01,"(50,)",20,"{'NN__alpha': 0.01, 'NN__hidden_layer_sizes': (50,), 'km__n_clusters': 20}",0.0,0.0,0.0,0.0,0.0,0.0,0.0,21,0.0,0.0,0.0,0.0,0.0,0.0,0.0
101,0.17019996643066407,0.0026381056548964916,0.0018000125885009766,0.0004000425445315194,0.01,"(50,)",25,"{'NN__alpha': 0.01, 'NN__hidden_layer_sizes': (50,), 'km__n_clusters': 25}",0.0,0.0,0.0,0.0,0.0,0.0,0.0,21,0.0,0.0,0.0,0.0,0.0,0.0,0.0
102,0.20220012664794923,0.005306592448799987,0.0019999027252197267,9.536743164062499e-08,0.01,"(50,)",30,"{'NN__alpha': 0.01, 'NN__hidden_layer_sizes': (50,), 'km__n_clusters': 30}",0.0,0.0,0.0,0.0,0.08600546855580411,0.017113333028961022,0.03433619166924577,13,0.0,0.0,0.0,0.0,0.08531764273237097,0.017063528546474194,0.03412705709294839
103,0.21200008392333985,0.0028982791677274592,0.0019999980926513673,1.1680077279964342e-07,0.01,"(50,)",35,"{'NN__alpha': 0.01, 'NN__hidden_layer_sizes': (50,), 'km__n_clusters': 35}",0.0,0.0,0.0,0.0,0.0,0.0,0.0,21,0.0,0.0,0.0,0.0,0.0,0.0,0.0
104,0.2388000965118408,0.00439999537203963,0.001999950408935547,1.1680077279964343e-07,0.01,"(50,)",40,"{'NN__alpha': 0.01, 'NN__hidden_layer_sizes': (50,), 'km__n_clusters': 40}",0.0,0.0,0.0,0.0,0.0,0.0,0.0,21,0.0,0.0,0.0,0.0,0.0,0.0,0.0
105,0.06300010681152343,0.0026077113918721007,0.0015999794006347657,0.0004899403160383116,0.01,"(25,)",2,"{'NN__alpha': 0.01, 'NN__hidden_layer_sizes': (25,), 'km__n_clusters': 2}",0.0,0.0,0.4100549882168107,0.0,0.0,0.08201099764336213,0.1640219952867243,9,0.0,0.0,0.5572832576635938,0.0,0.0,0.11145665153271875,0.2229133030654375
106,0.06179990768432617,0.0033703910511960694,0.0018001556396484374,0.00039999486081696955,0.01,"(25,)",3,"{'NN__alpha': 0.01, 'NN__hidden_layer_sizes': (25,), 'km__n_clusters': 3}",0.0,0.0,0.0,0.0,0.0,0.0,0.0,21,0.0,0.0,0.0,0.0,0.0,0.0,0.0
107,0.06179986000061035,0.0023151684687534877,0.0014000415802001953,0.0004898429878647236,0.01,"(25,)",4,"{'NN__alpha': 0.01, 'NN__hidden_layer_sizes': (25,), 'km__n_clusters': 4}",0.0,0.0,0.0,0.0,0.0,0.0,0.0,21,0.0,0.0,0.0,0.0,0.0,0.0,0.0
108,0.09360008239746094,0.0024166037336232006,0.001999950408935547,1.1680077279964342e-07,0.01,"(25,)",5,"{'NN__alpha': 0.01, 'NN__hidden_layer_sizes': (25,), 'km__n_clusters': 5}",0.4027777777777779,0.0,0.0,0.0,0.46639707298286137,0.17377005250395938,0.21377272430628222,1,0.42808746535263376,0.0,0.0,0.0,0.39887374479854454,0.16539224203023567,0.20277385120508837
109,0.0857999324798584,0.004707391455906748,0.0018000125885009766,0.00040004257295020516,0.01,"(25,)",6,"{'NN__alpha': 0.01, 'NN__hidden_layer_sizes': (25,), 'km__n_clusters': 6}",0.0,0.0,0.0,0.0,0.0,0.0,0.0,21,0.0,0.0,0.0,0.0,0.0,0.0,0.0
110,0.0952000617980957,0.009537142927612595,0.0018000125885009766,0.00040004257295020516,0.01,"(25,)",7,"{'NN__alpha': 0.01, 'NN__hidden_layer_sizes': (25,), 'km__n_clusters': 7}",0.0,0.0,0.0,0.0,0.0,0.0,0.0,21,0.0,0.0,0.0,0.0,0.0,0.0,0.0
111,0.08220009803771973,0.0029257736622887907,0.0019999980926513673,0.0006324097029183531,0.01,"(25,)",8,"{'NN__alpha': 0.01, 'NN__hidden_layer_sizes': (25,), 'km__n_clusters': 8}",0.0,0.0,0.0,0.0,0.0,0.0,0.0,21,0.0,0.0,0.0,0.0,0.0,0.0,0.0
112,0.08359994888305664,0.0014966628084958082,0.0020000457763671873,9.536743164062499e-08,0.01,"(25,)",9,"{'NN__alpha': 0.01, 'NN__hidden_layer_sizes': (25,), 'km__n_clusters': 9}",0.0,0.0,0.0,0.0,0.0,0.0,0.0,21,0.0,0.0,0.0,0.0,0.0,0.0,0.0
113,0.09140000343322754,0.002870488112846721,0.0015999794006347657,0.0004899403160383116,0.01,"(25,)",10,"{'NN__alpha': 0.01, 'NN__hidden_layer_sizes': (25,), 'km__n_clusters': 10}",0.0,0.0,0.0,0.0,0.0,0.0,0.0,21,0.0,0.0,0.0,0.0,0.0,0.0,0.0
114,0.13899993896484375,0.006449834056005907,0.0020000457763671873,9.536743164062499e-08,0.01,"(25,)",15,"{'NN__alpha': 0.01, 'NN__hidden_layer_sizes': (25,), 'km__n_clusters': 15}",0.0,0.0,0.0,0.0,0.0,0.0,0.0,21,0.0,0.0,0.0,0.0,0.0,0.0,0.0
115,0.13659987449645997,0.005571276735611773,0.0020000457763671873,1.7841612752790173e-07,0.01,"(25,)",20,"{'NN__alpha': 0.01, 'NN__hidden_layer_sizes': (25,), 'km__n_clusters': 20}",0.0,0.0,0.0,0.0,0.0,0.0,0.0,21,0.0,0.0,0.0,0.0,0.0,0.0,0.0
116,0.1669999122619629,0.007949878370483355,0.002000093460083008,1.5078914929239175e-07,0.01,"(25,)",25,"{'NN__alpha': 0.01, 'NN__hidden_layer_sizes': (25,), 'km__n_clusters': 25}",0.0,0.0,0.0,0.0,0.0,0.0,0.0,21,0.0,0.0,0.0,0.0,0.0,0.0,0.0
117,0.1812000274658203,0.005635664791172615,0.0018000125885009766,0.0007483792082861202,0.01,"(25,)",30,"{'NN__alpha': 0.01, 'NN__hidden_layer_sizes': (25,), 'km__n_clusters': 30}",0.0,0.0,0.0,0.0,0.0,0.0,0.0,21,0.0,0.0,0.0,0.0,0.0,0.0,0.0
118,0.19699997901916505,0.004335923338881517,0.001999950408935547,1.9073486328124998e-07,0.01,"(25,)",35,"{'NN__alpha': 0.01, 'NN__hidden_layer_sizes': (25,), 'km__n_clusters': 35}",0.0,0.0,0.0,0.0,0.0,0.0,0.0,21,0.0,0.0,0.0,0.0,0.0,0.0,0.0
119,0.22180004119873048,0.007304770053535332,0.002599954605102539,0.0011999607133552708,0.01,"(25,)",40,"{'NN__alpha': 0.01, 'NN__hidden_layer_sizes': (25,), 'km__n_clusters': 40}",0.0,0.0,0.0,0.0,0.0,0.0,0.0,21,0.0,0.0,0.0,0.0,0.0,0.0,0.0
120,0.07900004386901856,0.003033197592690589,0.0021999359130859377,0.00039992333879854,0.01,"(25, 25)",2,"{'NN__alpha': 0.01, 'NN__hidden_layer_sizes': (25, 25), 'km__n_clusters': 2}",0.0,0.0,0.0,0.0,0.0,0.0,0.0,21,0.0,0.0,0.0,0.0,0.0,0.0,0.0
121,0.07220005989074707,0.0013266544100026354,0.001999950408935547,1.9073486328124998e-07,0.01,"(25, 25)",3,"{'NN__alpha': 0.01, 'NN__hidden_layer_sizes': (25, 25), 'km__n_clusters': 3}",0.0,0.0,0.0,0.0,0.0,0.0,0.0,21,0.0,0.0,0.0,0.0,0.0,0.0,0.0
122,0.10700001716613769,0.007070939685609998,0.0019999980926513673,1.1680077279964343e-07,0.01,"(25, 25)",4,"{'NN__alpha': 0.01, 'NN__hidden_layer_sizes': (25, 25), 'km__n_clusters': 4}",0.0,0.0,0.0,0.0,0.0,0.0,0.0,21,0.0,0.0,0.0,0.0,0.0,0.0,0.0
123,0.08819994926452637,0.00305946116048895,0.0017999649047851563,0.000400018706226792,0.01,"(25, 25)",5,"{'NN__alpha': 0.01, 'NN__hidden_layer_sizes': (25, 25), 'km__n_clusters': 5}",0.0,0.0,0.0,0.0,0.0,0.0,0.0,21,0.0,0.0,0.0,0.0,0.0,0.0,0.0
124,0.1381999969482422,0.010107393374014504,0.0020000457763671873,0.0006322589101754216,0.01,"(25, 25)",6,"{'NN__alpha': 0.01, 'NN__hidden_layer_sizes': (25, 25), 'km__n_clusters': 6}",0.0,0.0,0.0,0.0,0.0,0.0,0.0,21,0.0,0.0,0.0,0.0,0.0,0.0,0.0
125,0.09720001220703126,0.006046430031960032,0.0017999649047851563,0.00039989949338787065,0.01,"(25, 25)",7,"{'NN__alpha': 0.01, 'NN__hidden_layer_sizes': (25, 25), 'km__n_clusters': 7}",0.0,0.0,0.0,0.0,0.0,0.0,0.0,21,0.0,0.0,0.0,0.0,0.0,0.0,0.0
126,0.13999996185302735,0.00663317137136881,0.0019999980926513673,1.9073486328124998e-07,0.01,"(25, 25)",8,"{'NN__alpha': 0.01, 'NN__hidden_layer_sizes': (25, 25), 'km__n_clusters': 8}",0.0,0.0,0.0,0.0,0.0,0.0,0.0,21,0.0,0.0,0.0,0.0,0.0,0.0,0.0
127,0.11180009841918945,0.004578235722630125,0.002199888229370117,0.0004000663757324219,0.01,"(25, 25)",9,"{'NN__alpha': 0.01, 'NN__hidden_layer_sizes': (25, 25), 'km__n_clusters': 9}",0.0,0.0,0.0,0.0,0.0,0.0,0.0,21,0.0,0.0,0.0,0.0,0.0,0.0,0.0
128,0.12220005989074707,0.0073047439428231345,0.0017999172210693359,0.00039999486081696955,0.01,"(25, 25)",10,"{'NN__alpha': 0.01, 'NN__hidden_layer_sizes': (25, 25), 'km__n_clusters': 10}",0.0,0.0,0.0,0.0,0.0,0.0,0.0,21,0.0,0.0,0.0,0.0,0.0,0.0,0.0
129,0.1260000228881836,0.004427234048948516,0.0021999359130859377,0.0009799000863030785,0.01,"(25, 25)",15,"{'NN__alpha': 0.01, 'NN__hidden_layer_sizes': (25, 25), 'km__n_clusters': 15}",0.0,0.0,0.0,0.0,0.0,0.0,0.0,21,0.0,0.0,0.0,0.0,0.0,0.0,0.0
130,0.1696000576019287,0.008592878162176132,0.0023999691009521486,0.0007999897074229017,0.01,"(25, 25)",20,"{'NN__alpha': 0.01, 'NN__hidden_layer_sizes': (25, 25), 'km__n_clusters': 20}",0.0,0.0,0.0,0.0,0.0,0.0,0.0,21,0.0,0.0,0.0,0.0,0.0,0.0,0.0
131,0.225800085067749,0.006615152074748396,0.001999950408935547,1.1680077279964343e-07,0.01,"(25, 25)",25,"{'NN__alpha': 0.01, 'NN__hidden_layer_sizes': (25, 25), 'km__n_clusters': 25}",0.0,0.0,0.0,0.0,0.0,0.0,0.0,21,0.0,0.0,0.0,0.0,0.0,0.0,0.0
132,0.20580005645751953,0.00930372797638116,0.0015999317169189454,0.0004899013824479931,0.01,"(25, 25)",30,"{'NN__alpha': 0.01, 'NN__hidden_layer_sizes': (25, 25), 'km__n_clusters': 30}",0.0,0.0,0.0,0.0,0.0,0.0,0.0,21,0.0,0.0,0.0,0.0,0.0,0.0,0.0
133,0.21959996223449707,0.004923368465462689,0.001999950408935547,1.1680077279964343e-07,0.01,"(25, 25)",35,"{'NN__alpha': 0.01, 'NN__hidden_layer_sizes': (25, 25), 'km__n_clusters': 35}",0.0,0.0,0.0,0.0,0.0,0.0,0.0,21,0.0,0.0,0.0,0.0,0.0,0.0,0.0
134,0.23480000495910644,0.010047804392919572,0.0018000125885009766,0.0004000425445315194,0.01,"(25, 25)",40,"{'NN__alpha': 0.01, 'NN__hidden_layer_sizes': (25, 25), 'km__n_clusters': 40}",0.0,0.0,0.0,0.0,0.0,0.0,0.0,21,0.0,0.0,0.0,0.0,0.0,0.0,0.0
135,0.25639986991882324,0.07900530638058421,0.007200050354003906,0.007413520885701034,0.01,"(100, 25, 100)",2,"{'NN__alpha': 0.01, 'NN__hidden_layer_sizes': (100, 25, 100), 'km__n_clusters': 2}",0.0,0.0,0.0,0.0,0.0,0.0,0.0,21,0.0,0.0,0.0,0.0,0.0,0.0,0.0
136,0.19679999351501465,0.015302296375469062,0.0026000022888183595,0.0007999777842735448,0.01,"(100, 25, 100)",3,"{'NN__alpha': 0.01, 'NN__hidden_layer_sizes': (100, 25, 100), 'km__n_clusters': 3}",0.0,0.0,0.0,0.0,0.0,0.0,0.0,21,0.0,0.0,0.0,0.0,0.0,0.0,0.0
137,0.19379987716674804,0.004707478568154464,0.004200124740600586,0.003429178919070143,0.01,"(100, 25, 100)",4,"{'NN__alpha': 0.01, 'NN__hidden_layer_sizes': (100, 25, 100), 'km__n_clusters': 4}",0.0,0.0,0.0,0.0,0.0,0.0,0.0,21,0.0,0.0,0.0,0.0,0.0,0.0,0.0
138,0.19640007019042968,0.006053045657997139,0.0028000354766845705,0.0004000902282460696,0.01,"(100, 25, 100)",5,"{'NN__alpha': 0.01, 'NN__hidden_layer_sizes': (100, 25, 100), 'km__n_clusters': 5}",0.0,0.0,0.0,0.0,0.0,0.0,0.0,21,0.0,0.0,0.0,0.0,0.0,0.0,0.0
139,0.20760006904602052,0.007889343144086972,0.003399944305419922,0.0004899013824479931,0.01,"(100, 25, 100)",6,"{'NN__alpha': 0.01, 'NN__hidden_layer_sizes': (100, 25, 100), 'km__n_clusters': 6}",0.0,0.0,0.0,0.0,0.0,0.0,0.0,21,0.0,0.0,0.0,0.0,0.0,0.0,0.0
140,0.21479997634887696,0.013105655265227733,0.0029999732971191405,0.000632409699322999,0.01,"(100, 25, 100)",7,"{'NN__alpha': 0.01, 'NN__hidden_layer_sizes': (100, 25, 100), 'km__n_clusters': 7}",0.0,0.0,0.0,0.0,0.0,0.0,0.0,21,0.0,0.0,0.0,0.0,0.0,0.0,0.0
141,0.236199951171875,0.02333578010852609,0.0021999835968017577,0.000400018706226792,0.01,"(100, 25, 100)",8,"{'NN__alpha': 0.01, 'NN__hidden_layer_sizes': (100, 25, 100), 'km__n_clusters': 8}",0.0,0.0,0.0,0.0,0.0,0.0,0.0,21,0.0,0.0,0.0,0.0,0.0,0.0,0.0
142,0.2265998363494873,0.013632373745220217,0.0026000499725341796,0.0004898624411217045,0.01,"(100, 25, 100)",9,"{'NN__alpha': 0.01, 'NN__hidden_layer_sizes': (100, 25, 100), 'km__n_clusters': 9}",0.0,0.0,0.0,0.0,0.0,0.0,0.0,21,0.0,0.0,0.0,0.0,0.0,0.0,0.0
143,0.2442000389099121,0.013847830014215362,0.002599954605102539,0.0004899792418945042,0.01,"(100, 25, 100)",10,"{'NN__alpha': 0.01, 'NN__hidden_layer_sizes': (100, 25, 100), 'km__n_clusters': 10}",0.0,0.0,0.0,0.0,0.0,0.0,0.0,21,0.0,0.0,0.0,0.0,0.0,0.0,0.0
144,0.29199995994567873,0.017285807036887615,0.0028000354766845705,0.0003999710083007813,0.01,"(100, 25, 100)",15,"{'NN__alpha': 0.01, 'NN__hidden_layer_sizes': (100, 25, 100), 'km__n_clusters': 15}",0.0,0.0,0.0,0.0,0.0,0.0,0.0,21,0.0,0.0,0.0,0.0,0.0,0.0,0.0
145,0.33280000686645506,0.02697696010512958,0.0026000022888183595,0.000490018183218949,0.01,"(100, 25, 100)",20,"{'NN__alpha': 0.01, 'NN__hidden_layer_sizes': (100, 25, 100), 'km__n_clusters': 20}",0.0,0.0,0.0,0.0,0.0,0.0,0.0,21,0.0,0.0,0.0,0.0,0.0,0.0,0.0
146,0.4236000061035156,0.035239715106123976,0.0030000686645507814,0.0006324850894031313,0.01,"(100, 25, 100)",25,"{'NN__alpha': 0.01, 'NN__hidden_layer_sizes': (100, 25, 100), 'km__n_clusters': 25}",0.0,0.0,0.0,0.0,0.0,0.0,0.0,21,0.06502923976608195,0.0,0.0,0.0,0.0,0.01300584795321639,0.02601169590643278
147,0.5927999973297119,0.18587459167728465,0.004600000381469726,0.003382242216144237,0.01,"(100, 25, 100)",30,"{'NN__alpha': 0.01, 'NN__hidden_layer_sizes': (100, 25, 100), 'km__n_clusters': 30}",0.0,0.0,0.0,0.0,0.0,0.0,0.0,21,0.0,0.0,0.0,0.0,0.0,0.0,0.0
148,0.7763999938964844,0.14322230560120597,0.002599954605102539,0.0004898819214545809,0.01,"(100, 25, 100)",35,"{'NN__alpha': 0.01, 'NN__hidden_layer_sizes': (100, 25, 100), 'km__n_clusters': 35}",0.0,0.0,0.0,0.0,0.0,0.0,0.0,21,0.0,0.0,0.0,0.0,0.0,0.0,0.0
149,0.6409999847412109,0.07883911064977435,0.004799985885620117,0.002712847851446834,0.01,"(100, 25, 100)",40,"{'NN__alpha': 0.01, 'NN__hidden_layer_sizes': (100, 25, 100), 'km__n_clusters': 40}",0.0,0.0,0.0,0.0,0.08600546855580411,0.017113333028961022,0.03433619166924577,13,0.04431973982080802,0.0,0.0,0.0,0.022190693299749695,0.013302086624111541,0.017730982285992146
150,0.1390000343322754,0.003577742673042873,0.0024000167846679687,0.0004899013824479931,0.001,"(50, 50)",2,"{'NN__alpha': 0.001, 'NN__hidden_layer_sizes': (50, 50), 'km__n_clusters': 2}",0.0,0.0,0.0,0.29896907216494845,0.29610611895592637,0.11871288912319952,0.145705352397396,5,0.0,0.0,0.0,0.10220588235294129,0.2258976266143753,0.06562070179346331,0.08938165088900271
151,0.1700000286102295,0.018750856467243004,0.0033999919891357423,0.0004898624411217045,0.001,"(50, 50)",3,"{'NN__alpha': 0.001, 'NN__hidden_layer_sizes': (50, 50), 'km__n_clusters': 3}",0.0,0.0,0.0,0.0,0.0,0.0,0.0,21,0.0,0.0,0.0,0.0,0.0,0.0,0.0
152,0.14840011596679686,0.011876015909971338,0.0026000022888183595,0.0004899208473093904,0.001,"(50, 50)",4,"{'NN__alpha': 0.001, 'NN__hidden_layer_sizes': (50, 50), 'km__n_clusters': 4}",0.0,0.0,0.0,0.0,0.0,0.0,0.0,21,0.0,0.0,0.0,0.0,0.0,0.0,0.0
153,0.18240003585815429,0.029533707931506264,0.0033998966217041017,0.0007999897074229017,0.001,"(50, 50)",5,"{'NN__alpha': 0.001, 'NN__hidden_layer_sizes': (50, 50), 'km__n_clusters': 5}",0.0,0.0,0.0,0.0,0.0,0.0,0.0,21,0.0,0.0,0.0,0.0,0.0,0.0,0.0
154,0.20279989242553711,0.03680983786765232,0.0030000686645507814,0.0008944156791001296,0.001,"(50, 50)",6,"{'NN__alpha': 0.001, 'NN__hidden_layer_sizes': (50, 50), 'km__n_clusters': 6}",0.0,0.0,0.0,0.0,0.0,0.0,0.0,21,0.0,0.0,0.0,0.0,0.0,0.0,0.0
155,0.21279993057250976,0.019792935076888365,0.002200031280517578,0.0003999948892390431,0.001,"(50, 50)",7,"{'NN__alpha': 0.001, 'NN__hidden_layer_sizes': (50, 50), 'km__n_clusters': 7}",0.0,0.0,0.0,0.0,0.0,0.0,0.0,21,0.0,0.0,0.0,0.0,0.0,0.0,0.0
156,0.20059995651245116,0.011551597551242958,0.00540013313293457,0.003072431160905418,0.001,"(50, 50)",8,"{'NN__alpha': 0.001, 'NN__hidden_layer_sizes': (50, 50), 'km__n_clusters': 8}",0.0,0.0,0.0,0.0,0.0,0.0,0.0,21,0.0,0.0,0.0,0.0,0.0,0.0,0.0
157,0.2068000316619873,0.030122443516409737,0.003999948501586914,0.002280311037773448,0.001,"(50, 50)",9,"{'NN__alpha': 0.001, 'NN__hidden_layer_sizes': (50, 50), 'km__n_clusters': 9}",0.0,0.0,0.0,0.0,0.0,0.0,0.0,21,0.0,0.0,0.0,0.0,0.0,0.0,0.0
158,0.1909998893737793,0.022671533857158387,0.0026000022888183595,0.0008000969935623676,0.001,"(50, 50)",10,"{'NN__alpha': 0.001, 'NN__hidden_layer_sizes': (50, 50), 'km__n_clusters': 10}",0.0,0.0,0.0,0.0,0.0,0.0,0.0,21,0.0,0.0,0.0,0.0,0.0,0.0,0.0
159,0.1774000644683838,0.010744257017330837,0.0021999835968017577,0.000400018706226792,0.001,"(50, 50)",15,"{'NN__alpha': 0.001, 'NN__hidden_layer_sizes': (50, 50), 'km__n_clusters': 15}",0.0,0.0,0.0,0.0,0.0,0.0,0.0,21,0.0,0.0,0.0,0.0,0.0,0.0,0.0
160,0.19539995193481446,0.006887687392557322,0.0019999980926513673,1.1680077279964343e-07,0.001,"(50, 50)",20,"{'NN__alpha': 0.001, 'NN__hidden_layer_sizes': (50, 50), 'km__n_clusters': 20}",0.0,0.0,0.0,0.0,0.0,0.0,0.0,21,0.0,0.0,0.0,0.0,0.0,0.0,0.0
161,0.21020007133483887,0.003544032023856358,0.0019999980926513673,1.1680077279964343e-07,0.001,"(50, 50)",25,"{'NN__alpha': 0.001, 'NN__hidden_layer_sizes': (50, 50), 'km__n_clusters': 25}",0.0,0.0,0.0,0.0,0.0,0.0,0.0,21,0.0,0.0,0.0,0.0,0.0,0.0,0.0
162,0.2944000244140625,0.03013045595047472,0.001999950408935547,1.1680077279964343e-07,0.001,"(50, 50)",30,"{'NN__alpha': 0.001, 'NN__hidden_layer_sizes': (50, 50), 'km__n_clusters': 30}",0.0,0.0,0.0,0.0,0.0,0.0,0.0,21,0.0,0.0,0.0,0.0,0.0,0.0,0.0
163,0.2572000980377197,0.007730444215784592,0.0021999359130859377,0.00039992333879854,0.001,"(50, 50)",35,"{'NN__alpha': 0.001, 'NN__hidden_layer_sizes': (50, 50), 'km__n_clusters': 35}",0.0,0.0,0.0,0.0,0.0,0.0,0.0,21,0.0,0.0,0.0,0.0,0.0,0.0,0.0
164,0.2817999839782715,0.010628290679137257,0.0023999691009521486,0.0004899403160383116,0.001,"(50, 50)",40,"{'NN__alpha': 0.001, 'NN__hidden_layer_sizes': (50, 50), 'km__n_clusters': 40}",0.0,0.0,0.0,0.0,0.0,0.0,0.0,21,0.0,0.0,0.0,0.0,0.0,0.0,0.0
165,0.0878000259399414,0.0032495383086214246,0.002000093460083008,1.5078914929239175e-07,0.001,"(50,)",2,"{'NN__alpha': 0.001, 'NN__hidden_layer_sizes': (50,), 'km__n_clusters': 2}",0.0,0.0,0.0,0.0,0.0,0.0,0.0,21,0.0,0.0,0.0,0.0,0.0,0.0,0.0
166,0.06679997444152833,0.008182899816389424,0.0017998695373535156,0.0003999710083007813,0.001,"(50,)",3,"{'NN__alpha': 0.001, 'NN__hidden_layer_sizes': (50,), 'km__n_clusters': 3}",0.0,0.0,0.0,0.0,0.0,0.0,0.0,21,0.0,0.0,0.0,0.0,0.0,0.0,0.0
167,0.08120012283325195,0.010777839977493297,0.0023998737335205076,0.0007999777842735448,0.001,"(50,)",4,"{'NN__alpha': 0.001, 'NN__hidden_layer_sizes': (50,), 'km__n_clusters': 4}",0.0,0.0,0.0,0.0,0.0,0.0,0.0,21,0.0,0.0,0.0,0.0,0.0,0.0,0.0
168,0.11319994926452637,0.02254240955582855,0.003600025177001953,0.0018547795241641062,0.001,"(50,)",5,"{'NN__alpha': 0.001, 'NN__hidden_layer_sizes': (50,), 'km__n_clusters': 5}",0.0,0.0,0.0,0.0,0.0,0.0,0.0,21,0.0,0.0,0.0,0.0,0.0,0.0,0.0
169,0.12060003280639649,0.028478723530867438,0.002599954605102539,0.0013565153285513434,0.001,"(50,)",6,"{'NN__alpha': 0.001, 'NN__hidden_layer_sizes': (50,), 'km__n_clusters': 6}",0.0,0.0,0.0,0.0,0.0,0.0,0.0,21,0.0,0.0,0.0,0.0,0.0,0.0,0.0
170,0.14879999160766602,0.03355230316831219,0.0030001163482666015,0.0010955833687233197,0.001,"(50,)",7,"{'NN__alpha': 0.001, 'NN__hidden_layer_sizes': (50,), 'km__n_clusters': 7}",0.0,0.0,0.0,0.0,0.0,0.0,0.0,21,0.0,0.0,0.0,0.0,0.0,0.0,0.0
171,0.12200002670288086,0.006870310680073298,0.0021999835968017577,0.000400018706226792,0.001,"(50,)",8,"{'NN__alpha': 0.001, 'NN__hidden_layer_sizes': (50,), 'km__n_clusters': 8}",0.0,0.0,0.0,0.0,0.0,0.0,0.0,21,0.0,0.0,0.0,0.0,0.0,0.0,0.0
172,0.12119998931884765,0.009785663145877215,0.0019999980926513673,0.0006325604920650743,0.001,"(50,)",9,"{'NN__alpha': 0.001, 'NN__hidden_layer_sizes': (50,), 'km__n_clusters': 9}",0.0,0.0,0.0,0.0,0.0,0.0,0.0,21,0.0,0.0,0.0,0.0,0.0,0.0,0.0
173,0.12459988594055176,0.009393735032781876,0.002000093460083008,0.000632409710109061,0.001,"(50,)",10,"{'NN__alpha': 0.001, 'NN__hidden_layer_sizes': (50,), 'km__n_clusters': 10}",0.0,0.0,0.0,0.0,0.0,0.0,0.0,21,0.0,0.0,0.0,0.0,0.0,0.0,0.0
174,0.14659996032714845,0.007059860153484751,0.0028000354766845705,0.001166105854367313,0.001,"(50,)",15,"{'NN__alpha': 0.001, 'NN__hidden_layer_sizes': (50,), 'km__n_clusters': 15}",0.0,0.0,0.0,0.0,0.0,0.0,0.0,21,0.0,0.0,0.0,0.0,0.0,0.0,0.0
175,0.1438000202178955,0.007678517812315969,0.0017999649047851563,0.000400018706226792,0.001,"(50,)",20,"{'NN__alpha': 0.001, 'NN__hidden_layer_sizes': (50,), 'km__n_clusters': 20}",0.0,0.0,0.0,0.0,0.0,0.0,0.0,21,0.0,0.0,0.0,0.0,0.0,0.0,0.0
176,0.18199987411499025,0.007771769411411879,0.0020001411437988283,1.784161275279017e-07,0.001,"(50,)",25,"{'NN__alpha': 0.001, 'NN__hidden_layer_sizes': (50,), 'km__n_clusters': 25}",0.0,0.0,0.0,0.0,0.0,0.0,0.0,21,0.0,0.0,0.0,0.0,0.0,0.0,0.0
177,0.2039999008178711,0.00565687414375321,0.0015999794006347657,0.0004899403160383116,0.001,"(50,)",30,"{'NN__alpha': 0.001, 'NN__hidden_layer_sizes': (50,), 'km__n_clusters': 30}",0.0,0.0,0.0,0.0,0.08600546855580411,0.017113333028961022,0.03433619166924577,13,0.0,0.0,0.0,0.0,0.08531764273237097,0.017063528546474194,0.03412705709294839
178,0.21219992637634277,0.0009797638313056678,0.0024000167846679687,0.0004899014056540585,0.001,"(50,)",35,"{'NN__alpha': 0.001, 'NN__hidden_layer_sizes': (50,), 'km__n_clusters': 35}",0.0,0.0,0.0,0.0,0.0,0.0,0.0,21,0.0,0.0,0.0,0.0,0.0,0.0,0.0
179,0.2442000389099121,0.004069485038343312,0.0021999359130859377,0.0009798027532929533,0.001,"(50,)",40,"{'NN__alpha': 0.001, 'NN__hidden_layer_sizes': (50,), 'km__n_clusters': 40}",0.0,0.0,0.0,0.0,0.0,0.0,0.0,21,0.0,0.0,0.0,0.0,0.0,0.0,0.0
180,0.06719980239868165,0.0024000128113374894,0.0018000602722167969,0.0003999471771024199,0.001,"(25,)",2,"{'NN__alpha': 0.001, 'NN__hidden_layer_sizes': (25,), 'km__n_clusters': 2}",0.0,0.0,0.4100549882168107,0.0,0.0,0.08201099764336213,0.1640219952867243,9,0.0,0.0,0.5572832576635938,0.0,0.0,0.11145665153271875,0.2229133030654375
181,0.061600017547607425,0.0027276938773925217,0.0015999317169189454,0.0004899013824479931,0.001,"(25,)",3,"{'NN__alpha': 0.001, 'NN__hidden_layer_sizes': (25,), 'km__n_clusters': 3}",0.0,0.0,0.0,0.0,0.0,0.0,0.0,21,0.0,0.0,0.0,0.0,0.0,0.0,0.0
182,0.06400003433227539,0.0030983467905028876,0.0017999172210693359,0.00039999486081696955,0.001,"(25,)",4,"{'NN__alpha': 0.001, 'NN__hidden_layer_sizes': (25,), 'km__n_clusters': 4}",0.0,0.0,0.0,0.0,0.0,0.0,0.0,21,0.0,0.0,0.0,0.0,0.0,0.0,0.0
183,0.10140004158020019,0.002939499094753766,0.001999950408935547,1.1680077279964343e-07,0.001,"(25,)",5,"{'NN__alpha': 0.001, 'NN__hidden_layer_sizes': (25,), 'km__n_clusters': 5}",0.4027777777777779,0.0,0.0,0.0,0.46639707298286137,0.17377005250395938,0.21377272430628222,1,0.42808746535263376,0.0,0.0,0.0,0.39887374479854454,0.16539224203023567,0.20277385120508837
184,0.08840003013610839,0.003136832483859927,0.0018000602722167969,0.0003999471771024199,0.001,"(25,)",6,"{'NN__alpha': 0.001, 'NN__hidden_layer_sizes': (25,), 'km__n_clusters': 6}",0.0,0.0,0.0,0.0,0.0,0.0,0.0,21,0.0,0.0,0.0,0.0,0.0,0.0,0.0
185,0.09360013008117676,0.008236480280101084,0.0021999835968017577,0.000400018706226792,0.001,"(25,)",7,"{'NN__alpha': 0.001, 'NN__hidden_layer_sizes': (25,), 'km__n_clusters': 7}",0.0,0.0,0.0,0.0,0.0,0.0,0.0,21,0.0,0.0,0.0,0.0,0.0,0.0,0.0
186,0.08960003852844238,0.007310316140054054,0.0020000457763671873,1.784161275279017e-07,0.001,"(25,)",8,"{'NN__alpha': 0.001, 'NN__hidden_layer_sizes': (25,), 'km__n_clusters': 8}",0.0,0.0,0.0,0.0,0.0,0.0,0.0,21,0.0,0.0,0.0,0.0,0.0,0.0,0.0
187,0.09220008850097657,0.0037629405027000775,0.0015999317169189454,0.0004899013824479931,0.001,"(25,)",9,"{'NN__alpha': 0.001, 'NN__hidden_layer_sizes': (25,), 'km__n_clusters': 9}",0.0,0.0,0.0,0.0,0.0,0.0,0.0,21,0.0,0.0,0.0,0.0,0.0,0.0,0.0
188,0.09939994812011718,0.005986759531389803,0.0024000167846679687,0.0007999658637887706,0.001,"(25,)",10,"{'NN__alpha': 0.001, 'NN__hidden_layer_sizes': (25,), 'km__n_clusters': 10}",0.0,0.0,0.0,0.0,0.0,0.0,0.0,21,0.0,0.0,0.0,0.0,0.0,0.0,0.0
189,0.14419994354248047,0.0061774814960930385,0.0020000457763671873,1.784161275279017e-07,0.001,"(25,)",15,"{'NN__alpha': 0.001, 'NN__hidden_layer_sizes': (25,), 'km__n_clusters': 15}",0.0,0.0,0.0,0.0,0.0,0.0,0.0,21,0.0,0.0,0.0,0.0,0.0,0.0,0.0
190,0.14319992065429688,0.005775861933408171,0.002200031280517578,0.0009797832855306249,0.001,"(25,)",20,"{'NN__alpha': 0.001, 'NN__hidden_layer_sizes': (25,), 'km__n_clusters': 20}",0.0,0.0,0.0,0.0,0.0,0.0,0.0,21,0.0,0.0,0.0,0.0,0.0,0.0,0.0
191,0.175,0.004898955348093681,0.0018000125885009766,0.00040004257295020516,0.001,"(25,)",25,"{'NN__alpha': 0.001, 'NN__hidden_layer_sizes': (25,), 'km__n_clusters': 25}",0.0,0.0,0.0,0.0,0.0,0.0,0.0,21,0.0,0.0,0.0,0.0,0.0,0.0,0.0
192,0.18919997215270995,0.006046534127784067,0.002000093460083008,1.5078914929239175e-07,0.001,"(25,)",30,"{'NN__alpha': 0.001, 'NN__hidden_layer_sizes': (25,), 'km__n_clusters': 30}",0.0,0.0,0.0,0.0,0.0,0.0,0.0,21,0.0,0.0,0.0,0.0,0.0,0.0,0.0
193,0.20339999198913575,0.008800052513345306,0.0019999980926513673,1.9073486328125e-07,0.001,"(25,)",35,"{'NN__alpha': 0.001, 'NN__hidden_layer_sizes': (25,), 'km__n_clusters': 35}",0.0,0.0,0.0,0.0,0.0,0.0,0.0,21,0.0,0.0,0.0,0.0,0.0,0.0,0.0
194,0.22060008049011232,0.00440894366056837,0.0019999980926513673,1.1680077279964342e-07,0.001,"(25,)",40,"{'NN__alpha': 0.001, 'NN__hidden_layer_sizes': (25,), 'km__n_clusters': 40}",0.0,0.0,0.0,0.0,0.0,0.0,0.0,21,0.0,0.0,0.0,0.0,0.0,0.0,0.0
195,0.07479996681213379,0.0009798027532929533,0.001999950408935547,1.1680077279964343e-07,0.001,"(25, 25)",2,"{'NN__alpha': 0.001, 'NN__hidden_layer_sizes': (25, 25), 'km__n_clusters': 2}",0.0,0.0,0.0,0.0,0.0,0.0,0.0,21,0.0,0.0,0.0,0.0,0.0,0.0,0.0
196,0.07100000381469726,0.004098785705988845,0.0018000602722167969,0.0004000664041494148,0.001,"(25, 25)",3,"{'NN__alpha': 0.001, 'NN__hidden_layer_sizes': (25, 25), 'km__n_clusters': 3}",0.0,0.0,0.0,0.0,0.0,0.0,0.0,21,0.0,0.0,0.0,0.0,0.0,0.0,0.0
197,0.10399994850158692,0.008366603685249175,0.0020001411437988283,1.784161275279017e-07,0.001,"(25, 25)",4,"{'NN__alpha': 0.001, 'NN__hidden_layer_sizes': (25, 25), 'km__n_clusters': 4}",0.0,0.0,0.0,0.0,0.0,0.0,0.0,21,0.0,0.0,0.0,0.0,0.0,0.0,0.0
198,0.0896000862121582,0.003322612510464122,0.0035999298095703127,0.0027276938773925217,0.001,"(25, 25)",5,"{'NN__alpha': 0.001, 'NN__hidden_layer_sizes': (25, 25), 'km__n_clusters': 5}",0.0,0.0,0.0,0.0,0.0,0.0,0.0,21,0.0,0.0,0.0,0.0,0.0,0.0,0.0
199,0.1566000461578369,0.0199057500658121,0.0021999359130859377,0.0009798027532929533,0.001,"(25, 25)",6,"{'NN__alpha': 0.001, 'NN__hidden_layer_sizes': (25, 25), 'km__n_clusters': 6}",0.0,0.0,0.0,0.0,0.0,0.0,0.0,21,0.0,0.0,0.0,0.0,0.0,0.0,0.0
200,0.10540003776550293,0.013032287562645944,0.0027998924255371095,0.0015999555614414648,0.001,"(25, 25)",7,"{'NN__alpha': 0.001, 'NN__hidden_layer_sizes': (25, 25), 'km__n_clusters': 7}",0.0,0.0,0.0,0.0,0.0,0.0,0.0,21,0.0,0.0,0.0,0.0,0.0,0.0,0.0
201,0.14120001792907716,0.002856564641881368,0.0018000125885009766,0.00039992333879854,0.001,"(25, 25)",8,"{'NN__alpha': 0.001, 'NN__hidden_layer_sizes': (25, 25), 'km__n_clusters': 8}",0.0,0.0,0.0,0.0,0.0,0.0,0.0,21,0.0,0.0,0.0,0.0,0.0,0.0,0.0
202,0.11200008392333985,0.007536562693027453,0.0019999980926513673,0.0006324850929980568,0.001,"(25, 25)",9,"{'NN__alpha': 0.001, 'NN__hidden_layer_sizes': (25, 25), 'km__n_clusters': 9}",0.0,0.0,0.0,0.0,0.0,0.0,0.0,21,0.0,0.0,0.0,0.0,0.0,0.0,0.0
203,0.12000002861022949,0.005796591237823297,0.002000093460083008,0.0006324096921322909,0.001,"(25, 25)",10,"{'NN__alpha': 0.001, 'NN__hidden_layer_sizes': (25, 25), 'km__n_clusters': 10}",0.0,0.0,0.0,0.0,0.0,0.0,0.0,21,0.0,0.0,0.0,0.0,0.0,0.0,0.0
204,0.12840003967285157,0.0043173654023767214,0.001999950408935547,1.1680077279964343e-07,0.001,"(25, 25)",15,"{'NN__alpha': 0.001, 'NN__hidden_layer_sizes': (25, 25), 'km__n_clusters': 15}",0.0,0.0,0.0,0.0,0.0,0.0,0.0,21,0.0,0.0,0.0,0.0,0.0,0.0,0.0
205,0.16359996795654297,0.006887643083566669,0.0021999359130859377,0.00040004254453151935,0.001,"(25, 25)",20,"{'NN__alpha': 0.001, 'NN__hidden_layer_sizes': (25, 25), 'km__n_clusters': 20}",0.0,0.0,0.0,0.0,0.0,0.0,0.0,21,0.0,0.0,0.0,0.0,0.0,0.0,0.0
206,0.22300004959106445,0.006324421118672477,0.001600027084350586,0.0004897845816770382,0.001,"(25, 25)",25,"{'NN__alpha': 0.001, 'NN__hidden_layer_sizes': (25, 25), 'km__n_clusters': 25}",0.0,0.0,0.0,0.0,0.0,0.0,0.0,21,0.0,0.0,0.0,0.0,0.0,0.0,0.0
207,0.20239996910095215,0.014263266112529307,0.0018000125885009766,0.00039992333879854,0.001,"(25, 25)",30,"{'NN__alpha': 0.001, 'NN__hidden_layer_sizes': (25, 25), 'km__n_clusters': 30}",0.0,0.0,0.0,0.0,0.0,0.0,0.0,21,0.0,0.0,0.0,0.0,0.0,0.0,0.0
208,0.225,0.027129348547201667,0.0020000457763671873,1.784161275279017e-07,0.001,"(25, 25)",35,"{'NN__alpha': 0.001, 'NN__hidden_layer_sizes': (25, 25), 'km__n_clusters': 35}",0.0,0.0,0.0,0.0,0.0,0.0,0.0,21,0.0,0.0,0.0,0.0,0.0,0.0,0.0
209,0.24100003242492676,0.02209980964097041,0.0017999172210693359,0.00039999486081696955,0.001,"(25, 25)",40,"{'NN__alpha': 0.001, 'NN__hidden_layer_sizes': (25, 25), 'km__n_clusters': 40}",0.0,0.0,0.0,0.0,0.0,0.0,0.0,21,0.0,0.0,0.0,0.0,0.0,0.0,0.0
210,0.2396000862121582,0.07967587443070767,0.0023999691009521486,0.0004899403160383115,0.001,"(100, 25, 100)",2,"{'NN__alpha': 0.001, 'NN__hidden_layer_sizes': (100, 25, 100), 'km__n_clusters': 2}",0.0,0.0,0.0,0.0,0.0,0.0,0.0,21,0.0,0.0,0.0,0.0,0.0,0.0,0.0
211,0.19039993286132811,0.014636998716541805,0.0026000499725341796,0.000800061231219776,0.001,"(100, 25, 100)",3,"{'NN__alpha': 0.001, 'NN__hidden_layer_sizes': (100, 25, 100), 'km__n_clusters': 3}",0.0,0.0,0.0,0.0,0.0,0.0,0.0,21,0.0,0.0,0.0,0.0,0.0,0.0,0.0
212,0.19160003662109376,0.009645706542201005,0.0027998924255371095,0.000400018706226792,0.001,"(100, 25, 100)",4,"{'NN__alpha': 0.001, 'NN__hidden_layer_sizes': (100, 25, 100), 'km__n_clusters': 4}",0.0,0.0,0.0,0.0,0.0,0.0,0.0,21,0.0,0.0,0.0,0.0,0.0,0.0,0.0
213,0.19739985466003418,0.008380933212318942,0.0026001930236816406,0.0004897845816770382,0.001,"(100, 25, 100)",5,"{'NN__alpha': 0.001, 'NN__hidden_layer_sizes': (100, 25, 100), 'km__n_clusters': 5}",0.0,0.0,0.0,0.0,0.0,0.0,0.0,21,0.0,0.0,0.0,0.0,0.0,0.0,0.0
214,0.21939997673034667,0.019663052238890092,0.002400112152099609,0.000489726187095153,0.001,"(100, 25, 100)",6,"{'NN__alpha': 0.001, 'NN__hidden_layer_sizes': (100, 25, 100), 'km__n_clusters': 6}",0.0,0.0,0.0,0.0,0.0,0.0,0.0,21,0.0,0.0,0.0,0.0,0.0,0.0,0.0
215,0.2245999813079834,0.03158860506309288,0.0023999691009521486,0.0004897456635623499,0.001,"(100, 25, 100)",7,"{'NN__alpha': 0.001, 'NN__hidden_layer_sizes': (100, 25, 100), 'km__n_clusters': 7}",0.0,0.0,0.0,0.0,0.0,0.0,0.0,21,0.0,0.0,0.0,0.0,0.0,0.0,0.0
216,0.21539998054504395,0.03206607044377027,0.002400064468383789,0.0004899597886342959,0.001,"(100, 25, 100)",8,"{'NN__alpha': 0.001, 'NN__hidden_layer_sizes': (100, 25, 100), 'km__n_clusters': 8}",0.0,0.0,0.0,0.0,0.0,0.0,0.0,21,0.0,0.0,0.0,0.0,0.0,0.0,0.0
217,0.22439999580383302,0.022966022242668957,0.0032000064849853514,0.000979724882243409,0.001,"(100, 25, 100)",9,"{'NN__alpha': 0.001, 'NN__hidden_layer_sizes': (100, 25, 100), 'km__n_clusters': 9}",0.0,0.0,0.0,0.0,0.0,0.0,0.0,21,0.0,0.0,0.0,0.0,0.0,0.0,0.0
218,0.2489999294281006,0.034658298178257434,0.003000020980834961,0.0010954963078004358,0.001,"(100, 25, 100)",10,"{'NN__alpha': 0.001, 'NN__hidden_layer_sizes': (100, 25, 100), 'km__n_clusters': 10}",0.0,0.0,0.0,0.0,0.0,0.0,0.0,21,0.0,0.0,0.0,0.0,0.0,0.0,0.0
219,0.30699992179870605,0.06744178183971977,0.0029999732971191405,0.0006324851073777583,0.001,"(100, 25, 100)",15,"{'NN__alpha': 0.001, 'NN__hidden_layer_sizes': (100, 25, 100), 'km__n_clusters': 15}",0.0,0.0,0.0,0.0,0.0,0.0,0.0,21,0.0,0.0,0.0,0.0,0.0,0.0,0.0
220,0.3375999450683594,0.06036426902307508,0.003000020980834961,0.0006325604812815834,0.001,"(100, 25, 100)",20,"{'NN__alpha': 0.001, 'NN__hidden_layer_sizes': (100, 25, 100), 'km__n_clusters': 20}",0.0,0.0,0.0,0.0,0.0,0.0,0.0,21,0.0,0.0,0.0,0.0,0.0,0.0,0.0
221,0.40440001487731936,0.04641813376358259,0.0036000728607177733,0.001356430959765604,0.001,"(100, 25, 100)",25,"{'NN__alpha': 0.001, 'NN__hidden_layer_sizes': (100, 25, 100), 'km__n_clusters': 25}",0.0,0.0,0.0,0.0,0.0,0.0,0.0,21,0.06502923976608195,0.0,0.0,0.0,0.0,0.01300584795321639,0.02601169590643278
222,0.40960001945495605,0.022455343600431343,0.0035999298095703127,0.0008000373982433937,0.001,"(100, 25, 100)",30,"{'NN__alpha': 0.001, 'NN__hidden_layer_sizes': (100, 25, 100), 'km__n_clusters': 30}",0.0,0.0,0.0,0.0,0.0,0.0,0.0,21,0.0,0.0,0.0,0.0,0.0,0.0,0.0
223,0.4642000675201416,0.10074603573337289,0.0035999298095703127,0.0011999368703131544,0.001,"(100, 25, 100)",35,"{'NN__alpha': 0.001, 'NN__hidden_layer_sizes': (100, 25, 100), 'km__n_clusters': 35}",0.0,0.0,0.0,0.0,0.0,0.0,0.0,21,0.0,0.0,0.0,0.0,0.0,0.0,0.0
224,0.425800085067749,0.044781279779129594,0.0033998966217041017,0.0007999897074229017,0.001,"(100, 25, 100)",40,"{'NN__alpha': 0.001, 'NN__hidden_layer_sizes': (100, 25, 100), 'km__n_clusters': 40}",0.0,0.0,0.0,0.0,0.08600546855580411,0.017113333028961022,0.03433619166924577,13,0.04431973982080802,0.0,0.0,0.0,0.022190693299749695,0.013302086624111541,0.017730982285992146
225,0.09459996223449707,0.0031369571354918297,0.0022000789642333983,0.0003998518381055636,0.0001,"(50, 50)",2,"{'NN__alpha': 0.0001, 'NN__hidden_layer_sizes': (50, 50), 'km__n_clusters': 2}",0.0,0.0,0.0,0.29896907216494845,0.29610611895592637,0.11871288912319952,0.145705352397396,5,0.0,0.0,0.0,0.10220588235294129,0.2258976266143753,0.06562070179346331,0.08938165088900271
226,0.10999999046325684,0.005176874074618475,0.002400064468383789,0.0004898624411217045,0.0001,"(50, 50)",3,"{'NN__alpha': 0.0001, 'NN__hidden_layer_sizes': (50, 50), 'km__n_clusters': 3}",0.0,0.0,0.0,0.0,0.0,0.0,0.0,21,0.0,0.0,0.0,0.0,0.0,0.0,0.0
227,0.10340003967285157,0.0012000242874322417,0.002200031280517578,0.00039999486081696955,0.0001,"(50, 50)",4,"{'NN__alpha': 0.0001, 'NN__hidden_layer_sizes': (50, 50), 'km__n_clusters': 4}",0.0,0.0,0.0,0.0,0.0,0.0,0.0,21,0.0,0.0,0.0,0.0,0.0,0.0,0.0
228,0.11459999084472657,0.007172191110689819,0.0024000167846679687,0.0004899014288601227,0.0001,"(50, 50)",5,"{'NN__alpha': 0.0001, 'NN__hidden_layer_sizes': (50, 50), 'km__n_clusters': 5}",0.0,0.0,0.0,0.0,0.0,0.0,0.0,21,0.0,0.0,0.0,0.0,0.0,0.0,0.0
229,0.13459997177124022,0.021978239068669803,0.0021999835968017577,0.000400018706226792,0.0001,"(50, 50)",6,"{'NN__alpha': 0.0001, 'NN__hidden_layer_sizes': (50, 50), 'km__n_clusters': 6}",0.0,0.0,0.0,0.0,0.0,0.0,0.0,21,0.0,0.0,0.0,0.0,0.0,0.0,0.0
230,0.13120002746582032,0.017543057748173246,0.001999950408935547,1.1680077279964343e-07,0.0001,"(50, 50)",7,"{'NN__alpha': 0.0001, 'NN__hidden_layer_sizes': (50, 50), 'km__n_clusters': 7}",0.0,0.0,0.0,0.0,0.0,0.0,0.0,21,0.0,0.0,0.0,0.0,0.0,0.0,0.0
231,0.14159998893737794,0.01423521122292281,0.0021999359130859377,0.00040004254453151935,0.0001,"(50, 50)",8,"{'NN__alpha': 0.0001, 'NN__hidden_layer_sizes': (50, 50), 'km__n_clusters': 8}",0.0,0.0,0.0,0.0,0.0,0.0,0.0,21,0.0,0.0,0.0,0.0,0.0,0.0,0.0
232,0.14440007209777833,0.01163786402262147,0.0019999980926513673,0.0006324850929980568,0.0001,"(50, 50)",9,"{'NN__alpha': 0.0001, 'NN__hidden_layer_sizes': (50, 50), 'km__n_clusters': 9}",0.0,0.0,0.0,0.0,0.0,0.0,0.0,21,0.0,0.0,0.0,0.0,0.0,0.0,0.0
233,0.14759998321533202,0.010131222891465348,0.0021999835968017577,0.0003998995218167223,0.0001,"(50, 50)",10,"{'NN__alpha': 0.0001, 'NN__hidden_layer_sizes': (50, 50), 'km__n_clusters': 10}",0.0,0.0,0.0,0.0,0.0,0.0,0.0,21,0.0,0.0,0.0,0.0,0.0,0.0,0.0
234,0.1704000473022461,0.02276492770950109,0.0023998737335205076,0.0004899208473093903,0.0001,"(50, 50)",15,"{'NN__alpha': 0.0001, 'NN__hidden_layer_sizes': (50, 50), 'km__n_clusters': 15}",0.0,0.0,0.0,0.0,0.0,0.0,0.0,21,0.0,0.0,0.0,0.0,0.0,0.0,0.0
235,0.1826000213623047,0.011056156981332532,0.0022000789642333983,0.00039997103672454983,0.0001,"(50, 50)",20,"{'NN__alpha': 0.0001, 'NN__hidden_layer_sizes': (50, 50), 'km__n_clusters': 20}",0.0,0.0,0.0,0.0,0.0,0.0,0.0,21,0.0,0.0,0.0,0.0,0.0,0.0,0.0
236,0.19819989204406738,0.007025715911567463,0.0021999835968017577,0.000400018706226792,0.0001,"(50, 50)",25,"{'NN__alpha': 0.0001, 'NN__hidden_layer_sizes': (50, 50), 'km__n_clusters': 25}",0.0,0.0,0.0,0.0,0.0,0.0,0.0,21,0.0,0.0,0.0,0.0,0.0,0.0,0.0
237,0.23519997596740722,0.006144887149894246,0.0020001411437988283,1.7841612752790173e-07,0.0001,"(50, 50)",30,"{'NN__alpha': 0.0001, 'NN__hidden_layer_sizes': (50, 50), 'km__n_clusters': 30}",0.0,0.0,0.0,0.0,0.0,0.0,0.0,21,0.0,0.0,0.0,0.0,0.0,0.0,0.0
238,0.2513998508453369,0.005713157659985282,0.002400112152099609,0.0004899208473093903,0.0001,"(50, 50)",35,"{'NN__alpha': 0.0001, 'NN__hidden_layer_sizes': (50, 50), 'km__n_clusters': 35}",0.0,0.0,0.0,0.0,0.0,0.0,0.0,21,0.0,0.0,0.0,0.0,0.0,0.0,0.0
239,0.2929999351501465,0.013145284589268114,0.0019999980926513673,1.1680077279964342e-07,0.0001,"(50, 50)",40,"{'NN__alpha': 0.0001, 'NN__hidden_layer_sizes': (50, 50), 'km__n_clusters': 40}",0.0,0.0,0.0,0.0,0.0,0.0,0.0,21,0.0,0.0,0.0,0.0,0.0,0.0,0.0
240,0.08839993476867676,0.0038780324798505916,0.0020000457763671873,9.536743164062499e-08,0.0001,"(50,)",2,"{'NN__alpha': 0.0001, 'NN__hidden_layer_sizes': (50,), 'km__n_clusters': 2}",0.0,0.0,0.0,0.0,0.0,0.0,0.0,21,0.0,0.0,0.0,0.0,0.0,0.0,0.0
241,0.0639998435974121,0.0028284244297595495,0.002000093460083008,0.0,0.0001,"(50,)",3,"{'NN__alpha': 0.0001, 'NN__hidden_layer_sizes': (50,), 'km__n_clusters': 3}",0.0,0.0,0.0,0.0,0.0,0.0,0.0,21,0.0,0.0,0.0,0.0,0.0,0.0,0.0
242,0.07080001831054687,0.003124035229352583,0.0015999794006347657,0.0004899403160383116,0.0001,"(50,)",4,"{'NN__alpha': 0.0001, 'NN__hidden_layer_sizes': (50,), 'km__n_clusters': 4}",0.0,0.0,0.0,0.0,0.0,0.0,0.0,21,0.0,0.0,0.0,0.0,0.0,0.0,0.0
243,0.08420000076293946,0.0017205731678373787,0.0021999359130859377,0.00039992333879854,0.0001,"(50,)",5,"{'NN__alpha': 0.0001, 'NN__hidden_layer_sizes': (50,), 'km__n_clusters': 5}",0.0,0.0,0.0,0.0,0.0,0.0,0.0,21,0.0,0.0,0.0,0.0,0.0,0.0,0.0
244,0.0820000171661377,0.0033466825103405226,0.0018000602722167969,0.0003999471771024199,0.0001,"(50,)",6,"{'NN__alpha': 0.0001, 'NN__hidden_layer_sizes': (50,), 'km__n_clusters': 6}",0.0,0.0,0.0,0.0,0.0,0.0,0.0,21,0.0,0.0,0.0,0.0,0.0,0.0,0.0
245,0.10260000228881835,0.004498853089915569,0.0018000125885009766,0.00040004257295020516,0.0001,"(50,)",7,"{'NN__alpha': 0.0001, 'NN__hidden_layer_sizes': (50,), 'km__n_clusters': 7}",0.0,0.0,0.0,0.0,0.0,0.0,0.0,21,0.0,0.0,0.0,0.0,0.0,0.0,0.0
246,0.10699987411499023,0.005549733391647075,0.0022001743316650392,0.00039992333879854,0.0001,"(50,)",8,"{'NN__alpha': 0.0001, 'NN__hidden_layer_sizes': (50,), 'km__n_clusters': 8}",0.0,0.0,0.0,0.0,0.0,0.0,0.0,21,0.0,0.0,0.0,0.0,0.0,0.0,0.0
247,0.1008000373840332,0.005912647078525668,0.0026000022888183595,0.0012000560902599954,0.0001,"(50,)",9,"{'NN__alpha': 0.0001, 'NN__hidden_layer_sizes': (50,), 'km__n_clusters': 9}",0.0,0.0,0.0,0.0,0.0,0.0,0.0,21,0.0,0.0,0.0,0.0,0.0,0.0,0.0
248,0.11059999465942383,0.0014966564308620633,0.001600027084350586,0.0004899792418945042,0.0001,"(50,)",10,"{'NN__alpha': 0.0001, 'NN__hidden_layer_sizes': (50,), 'km__n_clusters': 10}",0.0,0.0,0.0,0.0,0.0,0.0,0.0,21,0.0,0.0,0.0,0.0,0.0,0.0,0.0
249,0.13499999046325684,0.005585786302667149,0.0018000125885009766,0.0004000425445315194,0.0001,"(50,)",15,"{'NN__alpha': 0.0001, 'NN__hidden_layer_sizes': (50,), 'km__n_clusters': 15}",0.0,0.0,0.0,0.0,0.0,0.0,0.0,21,0.0,0.0,0.0,0.0,0.0,0.0,0.0
250,0.14279990196228026,0.0033105507706733344,0.0019999980926513673,1.1680077279964343e-07,0.0001,"(50,)",20,"{'NN__alpha': 0.0001, 'NN__hidden_layer_sizes': (50,), 'km__n_clusters': 20}",0.0,0.0,0.0,0.0,0.0,0.0,0.0,21,0.0,0.0,0.0,0.0,0.0,0.0,0.0
251,0.17539992332458496,0.0017435426025643938,0.002000093460083008,1.5078914929239175e-07,0.0001,"(50,)",25,"{'NN__alpha': 0.0001, 'NN__hidden_layer_sizes': (50,), 'km__n_clusters': 25}",0.0,0.0,0.0,0.0,0.0,0.0,0.0,21,0.0,0.0,0.0,0.0,0.0,0.0,0.0
252,0.22039999961853027,0.013215249444430508,0.001600027084350586,0.0004898819446615681,0.0001,"(50,)",30,"{'NN__alpha': 0.0001, 'NN__hidden_layer_sizes': (50,), 'km__n_clusters': 30}",0.0,0.0,0.0,0.0,0.08600546855580411,0.017113333028961022,0.03433619166924577,13,0.0,0.0,0.0,0.0,0.08531764273237097,0.017063528546474194,0.03412705709294839
253,0.2105998992919922,0.0007999539459686984,0.001999950408935547,1.1680077279964342e-07,0.0001,"(50,)",35,"{'NN__alpha': 0.0001, 'NN__hidden_layer_sizes': (50,), 'km__n_clusters': 35}",0.0,0.0,0.0,0.0,0.0,0.0,0.0,21,0.0,0.0,0.0,0.0,0.0,0.0,0.0
254,0.2487999439239502,0.012512387868799942,0.0024001598358154297,0.0008000135617148872,0.0001,"(50,)",40,"{'NN__alpha': 0.0001, 'NN__hidden_layer_sizes': (50,), 'km__n_clusters': 40}",0.0,0.0,0.0,0.0,0.0,0.0,0.0,21,0.0,0.0,0.0,0.0,0.0,0.0,0.0
255,0.06319999694824219,0.002400040633039077,0.0018000602722167969,0.0004000663757324219,0.0001,"(25,)",2,"{'NN__alpha': 0.0001, 'NN__hidden_layer_sizes': (25,), 'km__n_clusters': 2}",0.0,0.0,0.4100549882168107,0.0,0.0,0.08201099764336213,0.1640219952867243,9,0.0,0.0,0.5572832576635938,0.0,0.0,0.11145665153271875,0.2229133030654375
256,0.061600017547607425,0.0033226326000435997,0.0019999980926513673,1.1680077279964342e-07,0.0001,"(25,)",3,"{'NN__alpha': 0.0001, 'NN__hidden_layer_sizes': (25,), 'km__n_clusters': 3}",0.0,0.0,0.0,0.0,0.0,0.0,0.0,21,0.0,0.0,0.0,0.0,0.0,0.0,0.0
257,0.06299996376037598,0.002280415593058327,0.0018000125885009766,0.0004000425445315194,0.0001,"(25,)",4,"{'NN__alpha': 0.0001, 'NN__hidden_layer_sizes': (25,), 'km__n_clusters': 4}",0.0,0.0,0.0,0.0,0.0,0.0,0.0,21,0.0,0.0,0.0,0.0,0.0,0.0,0.0
258,0.09579997062683106,0.0024820046017260695,0.0032001018524169924,0.0024000167846679687,0.0001,"(25,)",5,"{'NN__alpha': 0.0001, 'NN__hidden_layer_sizes': (25,), 'km__n_clusters': 5}",0.4027777777777779,0.0,0.0,0.0,0.46639707298286137,0.17377005250395938,0.21377272430628222,1,0.42808746535263376,0.0,0.0,0.0,0.39887374479854454,0.16539224203023567,0.20277385120508837
259,0.08480005264282227,0.0019391035415670759,0.0015999794006347657,0.0004899403160383116,0.0001,"(25,)",6,"{'NN__alpha': 0.0001, 'NN__hidden_layer_sizes': (25,), 'km__n_clusters': 6}",0.0,0.0,0.0,0.0,0.0,0.0,0.0,21,0.0,0.0,0.0,0.0,0.0,0.0,0.0
260,0.09419994354248047,0.010979957243546784,0.0015999794006347657,0.0004899403160383116,0.0001,"(25,)",7,"{'NN__alpha': 0.0001, 'NN__hidden_layer_sizes': (25,), 'km__n_clusters': 7}",0.0,0.0,0.0,0.0,0.0,0.0,0.0,21,0.0,0.0,0.0,0.0,0.0,0.0,0.0
261,0.0824000358581543,0.002416524806524092,0.0019999980926513673,1.1680077279964343e-07,0.0001,"(25,)",8,"{'NN__alpha': 0.0001, 'NN__hidden_layer_sizes': (25,), 'km__n_clusters': 8}",0.0,0.0,0.0,0.0,0.0,0.0,0.0,21,0.0,0.0,0.0,0.0,0.0,0.0,0.0
262,0.08520011901855469,0.0022270856399617444,0.0017999172210693359,0.00039999486081696955,0.0001,"(25,)",9,"{'NN__alpha': 0.0001, 'NN__hidden_layer_sizes': (25,), 'km__n_clusters': 9}",0.0,0.0,0.0,0.0,0.0,0.0,0.0,21,0.0,0.0,0.0,0.0,0.0,0.0,0.0
263,0.09940004348754883,0.010707051351373722,0.0015999317169189454,0.0004899013824479931,0.0001,"(25,)",10,"{'NN__alpha': 0.0001, 'NN__hidden_layer_sizes': (25,), 'km__n_clusters': 10}",0.0,0.0,0.0,0.0,0.0,0.0,0.0,21,0.0,0.0,0.0,0.0,0.0,0.0,0.0
264,0.14499993324279786,0.008342645487970795,0.002000093460083008,1.5078914929239175e-07,0.0001,"(25,)",15,"{'NN__alpha': 0.0001, 'NN__hidden_layer_sizes': (25,), 'km__n_clusters': 15}",0.0,0.0,0.0,0.0,0.0,0.0,0.0,21,0.0,0.0,0.0,0.0,0.0,0.0,0.0
265,0.14900012016296388,0.00782300616826266,0.0019999980926513673,1.1680077279964343e-07,0.0001,"(25,)",20,"{'NN__alpha': 0.0001, 'NN__hidden_layer_sizes': (25,), 'km__n_clusters': 20}",0.0,0.0,0.0,0.0,0.0,0.0,0.0,21,0.0,0.0,0.0,0.0,0.0,0.0,0.0
266,0.17420005798339844,0.004489894951917676,0.0019999027252197267,9.536743164062499e-08,0.0001,"(25,)",25,"{'NN__alpha': 0.0001, 'NN__hidden_layer_sizes': (25,), 'km__n_clusters': 25}",0.0,0.0,0.0,0.0,0.0,0.0,0.0,21,0.0,0.0,0.0,0.0,0.0,0.0,0.0
267,0.19419994354248046,0.002637975520377153,0.0019999027252197267,9.536743164062499e-08,0.0001,"(25,)",30,"{'NN__alpha': 0.0001, 'NN__hidden_layer_sizes': (25,), 'km__n_clusters': 30}",0.0,0.0,0.0,0.0,0.0,0.0,0.0,21,0.0,0.0,0.0,0.0,0.0,0.0,0.0
268,0.20460000038146972,0.004176087107437722,0.0015999317169189454,0.0004899013824479931,0.0001,"(25,)",35,"{'NN__alpha': 0.0001, 'NN__hidden_layer_sizes': (25,), 'km__n_clusters': 35}",0.0,0.0,0.0,0.0,0.0,0.0,0.0,21,0.0,0.0,0.0,0.0,0.0,0.0,0.0
269,0.22959985733032226,0.003611035643175361,0.0020001411437988283,9.536743164062499e-08,0.0001,"(25,)",40,"{'NN__alpha': 0.0001, 'NN__hidden_layer_sizes': (25,), 'km__n_clusters': 40}",0.0,0.0,0.0,0.0,0.0,0.0,0.0,21,0.0,0.0,0.0,0.0,0.0,0.0,0.0
270,0.07939996719360351,0.0010197299880985327,0.0017999649047851563,0.000400018706226792,0.0001,"(25, 25)",2,"{'NN__alpha': 0.0001, 'NN__hidden_layer_sizes': (25, 25), 'km__n_clusters': 2}",0.0,0.0,0.0,0.0,0.0,0.0,0.0,21,0.0,0.0,0.0,0.0,0.0,0.0,0.0
271,0.0760000228881836,0.0030330718268239873,0.001999950408935547,1.1680077279964342e-07,0.0001,"(25, 25)",3,"{'NN__alpha': 0.0001, 'NN__hidden_layer_sizes': (25, 25), 'km__n_clusters': 3}",0.0,0.0,0.0,0.0,0.0,0.0,0.0,21,0.0,0.0,0.0,0.0,0.0,0.0,0.0
272,0.10999994277954102,0.00829455023608847,0.0019999980926513673,1.1680077279964342e-07,0.0001,"(25, 25)",4,"{'NN__alpha': 0.0001, 'NN__hidden_layer_sizes': (25, 25), 'km__n_clusters': 4}",0.0,0.0,0.0,0.0,0.0,0.0,0.0,21,0.0,0.0,0.0,0.0,0.0,0.0,0.0
273,0.0938000202178955,0.0024818624298247357,0.0015999317169189454,0.0004899013824479931,0.0001,"(25, 25)",5,"{'NN__alpha': 0.0001, 'NN__hidden_layer_sizes': (25, 25), 'km__n_clusters': 5}",0.0,0.0,0.0,0.0,0.0,0.0,0.0,21,0.0,0.0,0.0,0.0,0.0,0.0,0.0
274,0.14199981689453126,0.00853219293140532,0.0020001888275146484,1.1680077279964342e-07,0.0001,"(25, 25)",6,"{'NN__alpha': 0.0001, 'NN__hidden_layer_sizes': (25, 25), 'km__n_clusters': 6}",0.0,0.0,0.0,0.0,0.0,0.0,0.0,21,0.0,0.0,0.0,0.0,0.0,0.0,0.0
275,0.09399991035461426,0.003405798423343489,0.0020000457763671873,1.784161275279017e-07,0.0001,"(25, 25)",7,"{'NN__alpha': 0.0001, 'NN__hidden_layer_sizes': (25, 25), 'km__n_clusters': 7}",0.0,0.0,0.0,0.0,0.0,0.0,0.0,21,0.0,0.0,0.0,0.0,0.0,0.0,0.0
276,0.13519997596740724,0.004791710182828494,0.0024000167846679687,0.0007999658637887706,0.0001,"(25, 25)",8,"{'NN__alpha': 0.0001, 'NN__hidden_layer_sizes': (25, 25), 'km__n_clusters': 8}",0.0,0.0,0.0,0.0,0.0,0.0,0.0,21,0.0,0.0,0.0,0.0,0.0,0.0,0.0
277,0.10739994049072266,0.0030066665596933757,0.0022000789642333983,0.00040009022824606964,0.0001,"(25, 25)",9,"{'NN__alpha': 0.0001, 'NN__hidden_layer_sizes': (25, 25), 'km__n_clusters': 9}",0.0,0.0,0.0,0.0,0.0,0.0,0.0,21,0.0,0.0,0.0,0.0,0.0,0.0,0.0
278,0.1202000617980957,0.00559999602241646,0.001999950408935547,1.1680077279964343e-07,0.0001,"(25, 25)",10,"{'NN__alpha': 0.0001, 'NN__hidden_layer_sizes': (25, 25), 'km__n_clusters': 10}",0.0,0.0,0.0,0.0,0.0,0.0,0.0,21,0.0,0.0,0.0,0.0,0.0,0.0,0.0
279,0.13020009994506837,0.003059439339841648,0.0017999649047851563,0.000400018706226792,0.0001,"(25, 25)",15,"{'NN__alpha': 0.0001, 'NN__hidden_layer_sizes': (25, 25), 'km__n_clusters': 15}",0.0,0.0,0.0,0.0,0.0,0.0,0.0,21,0.0,0.0,0.0,0.0,0.0,0.0,0.0
280,0.16800003051757811,0.005549699024509546,0.0019999027252197267,9.5367431640625e-08,0.0001,"(25, 25)",20,"{'NN__alpha': 0.0001, 'NN__hidden_layer_sizes': (25, 25), 'km__n_clusters': 20}",0.0,0.0,0.0,0.0,0.0,0.0,0.0,21,0.0,0.0,0.0,0.0,0.0,0.0,0.0
281,0.22880005836486816,0.004955905406171307,0.0019999980926513673,1.1680077279964342e-07,0.0001,"(25, 25)",25,"{'NN__alpha': 0.0001, 'NN__hidden_layer_sizes': (25, 25), 'km__n_clusters': 25}",0.0,0.0,0.0,0.0,0.0,0.0,0.0,21,0.0,0.0,0.0,0.0,0.0,0.0,0.0
282,0.2155998706817627,0.005122500464309239,0.0018000125885009766,0.00039980412595877306,0.0001,"(25, 25)",30,"{'NN__alpha': 0.0001, 'NN__hidden_layer_sizes': (25, 25), 'km__n_clusters': 30}",0.0,0.0,0.0,0.0,0.0,0.0,0.0,21,0.0,0.0,0.0,0.0,0.0,0.0,0.0
283,0.22680001258850097,0.006305587628678353,0.0023998737335205076,0.0008000373840332031,0.0001,"(25, 25)",35,"{'NN__alpha': 0.0001, 'NN__hidden_layer_sizes': (25, 25), 'km__n_clusters': 35}",0.0,0.0,0.0,0.0,0.0,0.0,0.0,21,0.0,0.0,0.0,0.0,0.0,0.0,0.0
284,0.2371999740600586,0.008795412238097412,0.0015999317169189454,0.0004899013824479931,0.0001,"(25, 25)",40,"{'NN__alpha': 0.0001, 'NN__hidden_layer_sizes': (25, 25), 'km__n_clusters': 40}",0.0,0.0,0.0,0.0,0.0,0.0,0.0,21,0.0,0.0,0.0,0.0,0.0,0.0,0.0
285,0.3501999855041504,0.12130680622594066,0.002599954605102539,0.0004899792418945042,0.0001,"(100, 25, 100)",2,"{'NN__alpha': 0.0001, 'NN__hidden_layer_sizes': (100, 25, 100), 'km__n_clusters': 2}",0.0,0.0,0.0,0.0,0.0,0.0,0.0,21,0.0,0.0,0.0,0.0,0.0,0.0,0.0
286,0.27300000190734863,0.06249482533518462,0.0023999691009521486,0.0004899403160383116,0.0001,"(100, 25, 100)",3,"{'NN__alpha': 0.0001, 'NN__hidden_layer_sizes': (100, 25, 100), 'km__n_clusters': 3}",0.0,0.0,0.0,0.0,0.0,0.0,0.0,21,0.0,0.0,0.0,0.0,0.0,0.0,0.0
287,0.20260019302368165,0.022826354556065256,0.0023999691009521486,0.0004898429878647236,0.0001,"(100, 25, 100)",4,"{'NN__alpha': 0.0001, 'NN__hidden_layer_sizes': (100, 25, 100), 'km__n_clusters': 4}",0.0,0.0,0.0,0.0,0.0,0.0,0.0,21,0.0,0.0,0.0,0.0,0.0,0.0,0.0
288,0.2,0.01952436472488189,0.003000020980834961,0.0010954092565636944,0.0001,"(100, 25, 100)",5,"{'NN__alpha': 0.0001, 'NN__hidden_layer_sizes': (100, 25, 100), 'km__n_clusters': 5}",0.0,0.0,0.0,0.0,0.0,0.0,0.0,21,0.0,0.0,0.0,0.0,0.0,0.0,0.0
289,0.21599998474121093,0.01969770650211484,0.0031999588012695313,0.0009798806204745123,0.0001,"(100, 25, 100)",6,"{'NN__alpha': 0.0001, 'NN__hidden_layer_sizes': (100, 25, 100), 'km__n_clusters': 6}",0.0,0.0,0.0,0.0,0.0,0.0,0.0,21,0.0,0.0,0.0,0.0,0.0,0.0,0.0
290,0.20939998626708983,0.02299210469631569,0.0028000831604003905,0.00039999486081696955,0.0001,"(100, 25, 100)",7,"{'NN__alpha': 0.0001, 'NN__hidden_layer_sizes': (100, 25, 100), 'km__n_clusters': 7}",0.0,0.0,0.0,0.0,0.0,0.0,0.0,21,0.0,0.0,0.0,0.0,0.0,0.0,0.0
291,0.22899994850158692,0.01570984177931956,0.0022000789642333983,0.0004000902282460696,0.0001,"(100, 25, 100)",8,"{'NN__alpha': 0.0001, 'NN__hidden_layer_sizes': (100, 25, 100), 'km__n_clusters': 8}",0.0,0.0,0.0,0.0,0.0,0.0,0.0,21,0.0,0.0,0.0,0.0,0.0,0.0,0.0
292,0.251200008392334,0.023844558991205987,0.001999950408935547,1.1680077279964343e-07,0.0001,"(100, 25, 100)",9,"{'NN__alpha': 0.0001, 'NN__hidden_layer_sizes': (100, 25, 100), 'km__n_clusters': 9}",0.0,0.0,0.0,0.0,0.0,0.0,0.0,21,0.0,0.0,0.0,0.0,0.0,0.0,0.0
293,0.25459990501403806,0.043093413851365794,0.002599954605102539,0.0004898819214545809,0.0001,"(100, 25, 100)",10,"{'NN__alpha': 0.0001, 'NN__hidden_layer_sizes': (100, 25, 100), 'km__n_clusters': 10}",0.0,0.0,0.0,0.0,0.0,0.0,0.0,21,0.0,0.0,0.0,0.0,0.0,0.0,0.0
294,0.3076000690460205,0.0751919173351959,0.003199911117553711,0.000979793020620455,0.0001,"(100, 25, 100)",15,"{'NN__alpha': 0.0001, 'NN__hidden_layer_sizes': (100, 25, 100), 'km__n_clusters': 15}",0.0,0.0,0.0,0.0,0.0,0.0,0.0,21,0.0,0.0,0.0,0.0,0.0,0.0,0.0
295,0.3534001350402832,0.0669256416663967,0.0021999359130859377,0.00039992333879854,0.0001,"(100, 25, 100)",20,"{'NN__alpha': 0.0001, 'NN__hidden_layer_sizes': (100, 25, 100), 'km__n_clusters': 20}",0.0,0.0,0.0,0.0,0.0,0.0,0.0,21,0.0,0.0,0.0,0.0,0.0,0.0,0.0
296,0.4667998790740967,0.05704872472681723,0.003200054168701172,0.0009798611681820493,0.0001,"(100, 25, 100)",25,"{'NN__alpha': 0.0001, 'NN__hidden_layer_sizes': (100, 25, 100), 'km__n_clusters': 25}",0.0,0.0,0.0,0.0,0.0,0.0,0.0,21,0.0,0.0,0.0,0.0,0.0,0.0,0.0
297,0.5717999458312988,0.11240884564522238,0.0032000064849853514,0.0007482135312876193,0.0001,"(100, 25, 100)",30,"{'NN__alpha': 0.0001, 'NN__hidden_layer_sizes': (100, 25, 100), 'km__n_clusters': 30}",0.0,0.0,0.0,0.0,0.0,0.0,0.0,21,0.0,0.0,0.0,0.0,0.0,0.0,0.0
298,0.5264000415802002,0.09319346240870045,0.005000066757202148,0.0032862567615029414,0.0001,"(100, 25, 100)",35,"{'NN__alpha': 0.0001, 'NN__hidden_layer_sizes': (100, 25, 100), 'km__n_clusters': 35}",0.0,0.0,0.0,0.0,0.0,0.0,0.0,21,0.0,0.0,0.0,0.0,0.0,0.0,0.0
299,0.3675999164581299,0.08435313836797721,0.0019999980926513673,0.0006324097029183531,0.0001,"(100, 25, 100)",40,"{'NN__alpha': 0.0001, 'NN__hidden_layer_sizes': (100, 25, 100), 'km__n_clusters': 40}",0.0,0.0,0.0,0.0,0.08600546855580411,0.017113333028961022,0.03433619166924577,13,0.04431973982080802,0.0,0.0,0.0,0.022190693299749695,0.013302086624111541,0.017730982285992146
