,mean_fit_time,std_fit_time,mean_score_time,std_score_time,param_NN__alpha,param_NN__hidden_layer_sizes,param_gmm__n_components,params,split0_test_score,split1_test_score,split2_test_score,split3_test_score,split4_test_score,mean_test_score,std_test_score,rank_test_score,split0_train_score,split1_train_score,split2_train_score,split3_train_score,split4_train_score,mean_train_score,std_train_score
0,0.10039992332458496,0.007914570007871612,0.0028000831604003905,0.000748353705076902,0.1,"(50, 50)",2,"{'NN__alpha': 0.1, 'NN__hidden_layer_sizes': (50, 50), 'gmm__n_components': 2}",0.0,0.0,0.0,0.0,0.0,0.0,0.0,94,0.0,0.0,0.0,0.0,0.0,0.0,0.0
1,0.11040005683898926,0.006086026895653593,0.0027999401092529295,0.0011661303930280823,0.1,"(50, 50)",3,"{'NN__alpha': 0.1, 'NN__hidden_layer_sizes': (50, 50), 'gmm__n_components': 3}",0.0,0.0,0.0,0.0,0.0,0.0,0.0,94,0.0,0.0,0.0,0.0,0.0,0.0,0.0
2,0.09000005722045898,0.0042894001941463184,0.0023998737335205076,0.0004899208473093903,0.1,"(50, 50)",4,"{'NN__alpha': 0.1, 'NN__hidden_layer_sizes': (50, 50), 'gmm__n_components': 4}",0.0,0.0,0.0,0.0,0.0,0.0,0.0,94,0.0,0.0,0.0,0.0,0.0,0.0,0.0
3,0.09300007820129394,0.0026076382491603853,0.0025999069213867186,0.0004898429878647236,0.1,"(50, 50)",5,"{'NN__alpha': 0.1, 'NN__hidden_layer_sizes': (50, 50), 'gmm__n_components': 5}",0.0,0.0,0.0,0.0,0.0,0.0,0.0,94,0.0,0.0,0.0,0.0,0.0,0.0,0.0
4,0.1053999900817871,0.004409172937252311,0.002400064468383789,0.0004899597886342959,0.1,"(50, 50)",6,"{'NN__alpha': 0.1, 'NN__hidden_layer_sizes': (50, 50), 'gmm__n_components': 6}",0.0,0.0,0.0,0.0,0.0,0.0,0.0,94,0.0,0.0,0.0,0.0,0.0,0.0,0.0
5,0.09959998130798339,0.0021541621582838876,0.0024000167846679687,0.0004898040697486511,0.1,"(50, 50)",7,"{'NN__alpha': 0.1, 'NN__hidden_layer_sizes': (50, 50), 'gmm__n_components': 7}",0.0,0.0,0.0,0.0,0.0,0.0,0.0,94,0.0,0.0,0.0,0.0,0.0,0.0,0.0
6,0.10619997978210449,0.004578250302478708,0.00279998779296875,0.0004000664041494148,0.1,"(50, 50)",8,"{'NN__alpha': 0.1, 'NN__hidden_layer_sizes': (50, 50), 'gmm__n_components': 8}",0.0,0.0,0.0,0.0,0.0,0.0,0.0,94,0.0,0.0,0.0,0.0,0.0,0.0,0.0
7,0.12240004539489746,0.0053142063562961125,0.0031999588012695313,0.00039999486081696955,0.1,"(50, 50)",9,"{'NN__alpha': 0.1, 'NN__hidden_layer_sizes': (50, 50), 'gmm__n_components': 9}",0.0,0.0,0.0,0.0,0.0,0.0,0.0,94,0.0,0.0,0.0,0.0,0.0,0.0,0.0
8,0.12100000381469726,0.006752767942401046,0.00279998779296875,0.0007483282192290589,0.1,"(50, 50)",10,"{'NN__alpha': 0.1, 'NN__hidden_layer_sizes': (50, 50), 'gmm__n_components': 10}",0.0,0.0,0.0,0.0,0.0,0.0,0.0,94,0.0,0.0,0.0,0.0,0.0,0.0,0.0
9,0.13200011253356933,0.006572723913801573,0.0029998779296875,1.1680077279964343e-07,0.1,"(50, 50)",15,"{'NN__alpha': 0.1, 'NN__hidden_layer_sizes': (50, 50), 'gmm__n_components': 15}",0.0,0.0,0.0,0.0,0.0,0.0,0.0,94,0.0,0.0,0.0,0.0,0.0,0.0,0.0
10,0.1606001377105713,0.005122479983550272,0.0033998966217041017,0.0004899403160383116,0.1,"(50, 50)",20,"{'NN__alpha': 0.1, 'NN__hidden_layer_sizes': (50, 50), 'gmm__n_components': 20}",0.0,0.0,0.0,0.0,0.0,0.0,0.0,94,0.0,0.0,0.0,0.0,0.0,0.0,0.0
11,0.18379998207092285,0.011989941285288925,0.0034000396728515623,0.0004898235152673564,0.1,"(50, 50)",25,"{'NN__alpha': 0.1, 'NN__hidden_layer_sizes': (50, 50), 'gmm__n_components': 25}",0.0,0.0,0.0,0.0,0.0,0.0,0.0,94,0.0,0.0,0.0,0.0,0.0,0.0,0.0
12,0.22120003700256347,0.008975448684974569,0.004600048065185547,0.001200079921460192,0.1,"(50, 50)",30,"{'NN__alpha': 0.1, 'NN__hidden_layer_sizes': (50, 50), 'gmm__n_components': 30}",0.0,0.0,0.0,0.0,0.0,0.0,0.0,94,0.0,0.0,0.0,0.0,0.06485680561595322,0.012971361123190644,0.02594272224638129
13,0.214400053024292,0.0053888956555709615,0.003999948501586914,0.0,0.1,"(50, 50)",35,"{'NN__alpha': 0.1, 'NN__hidden_layer_sizes': (50, 50), 'gmm__n_components': 35}",0.0,0.16492890995260664,0.0,0.0,0.0,0.03298578199052133,0.06597156398104265,45,0.0,0.042870140484525164,0.0,0.022127767960902333,0.0,0.012999581689085498,0.017219416015872457
14,0.2529998779296875,0.037656241541428416,0.004400014877319336,0.000489979265096882,0.1,"(50, 50)",40,"{'NN__alpha': 0.1, 'NN__hidden_layer_sizes': (50, 50), 'gmm__n_components': 40}",0.0,0.0,0.0,0.0,0.0,0.0,0.0,94,0.0,0.0,0.0,0.0,0.0,0.0,0.0
15,0.08540010452270508,0.004029811606006885,0.0021999835968017577,0.000400018706226792,0.1,"(50,)",2,"{'NN__alpha': 0.1, 'NN__hidden_layer_sizes': (50,), 'gmm__n_components': 2}",0.0,0.0,0.0,0.0,0.0,0.0,0.0,94,0.0,0.0,0.0,0.0,0.0,0.0,0.0
16,0.0698000431060791,0.0033704334980853316,0.0021999835968017577,0.000400018706226792,0.1,"(50,)",3,"{'NN__alpha': 0.1, 'NN__hidden_layer_sizes': (50,), 'gmm__n_components': 3}",0.0,0.0,0.0,0.0,0.0,0.0,0.0,94,0.0,0.0,0.0,0.0,0.0,0.0,0.0
17,0.0764000415802002,0.005851610887318344,0.0021999359130859377,0.00039992333879854,0.1,"(50,)",4,"{'NN__alpha': 0.1, 'NN__hidden_layer_sizes': (50,), 'gmm__n_components': 4}",0.0,0.0,0.0,0.0,0.0,0.0,0.0,94,0.0,0.0,0.0,0.0,0.0,0.0,0.0
18,0.09019994735717773,0.009239099454160451,0.001999950408935547,1.1680077279964342e-07,0.1,"(50,)",5,"{'NN__alpha': 0.1, 'NN__hidden_layer_sizes': (50,), 'gmm__n_components': 5}",0.0,0.0,0.22307692307692312,0.0,0.0,0.044615384615384626,0.08923076923076925,38,0.0,0.0,0.4203449759819492,0.021849162186802506,0.0,0.08843882763375034,0.1661686814988731
19,0.0671999454498291,0.006079509904934544,0.00260009765625,0.0004898040465379741,0.1,"(50,)",6,"{'NN__alpha': 0.1, 'NN__hidden_layer_sizes': (50,), 'gmm__n_components': 6}",0.0,0.0,0.0,0.0,0.08695652173913043,0.01730257320319432,0.03471588315792304,58,0.0,0.0,0.02222222222222225,0.0,0.0,0.0044444444444444505,0.008888888888888901
20,0.07220005989074707,0.0024819239094758276,0.0020000457763671873,9.536743164062499e-08,0.1,"(50,)",7,"{'NN__alpha': 0.1, 'NN__hidden_layer_sizes': (50,), 'gmm__n_components': 7}",0.0,0.0,0.0,0.0,0.0,0.0,0.0,94,0.0,0.0,0.0,0.0,0.0,0.0,0.0
21,0.11680002212524414,0.005035815012814533,0.0026000022888183595,0.0004899208473093903,0.1,"(50,)",8,"{'NN__alpha': 0.1, 'NN__hidden_layer_sizes': (50,), 'gmm__n_components': 8}",0.0,0.0,0.0,0.0,0.0,0.0,0.0,94,0.0,0.0,0.0,0.0,0.0,0.0,0.0
22,0.07559995651245117,0.003979932055410059,0.0021999359130859377,0.00040004254453151935,0.1,"(50,)",9,"{'NN__alpha': 0.1, 'NN__hidden_layer_sizes': (50,), 'gmm__n_components': 9}",0.0,0.0,0.0,0.0,0.0,0.0,0.0,94,0.0,0.0,0.0,0.0,0.0,0.0,0.0
23,0.10639991760253906,0.005083247133381811,0.002400112152099609,0.0004899208705145337,0.1,"(50,)",10,"{'NN__alpha': 0.1, 'NN__hidden_layer_sizes': (50,), 'gmm__n_components': 10}",0.0,0.0,0.0,0.0,0.0,0.0,0.0,94,0.0,0.0,0.0,0.0,0.043710356088676725,0.008742071217735344,0.01748414243547069
24,0.1230001449584961,0.005549810720308394,0.0027999401092529295,0.00039992333879854,0.1,"(50,)",15,"{'NN__alpha': 0.1, 'NN__hidden_layer_sizes': (50,), 'gmm__n_components': 15}",0.0,0.0,0.0,0.0,0.0,0.0,0.0,94,0.0,0.0,0.0,0.0,0.0,0.0,0.0
25,0.11879992485046387,0.0098264221489668,0.0032001018524169924,0.0004000425445315194,0.1,"(50,)",20,"{'NN__alpha': 0.1, 'NN__hidden_layer_sizes': (50,), 'gmm__n_components': 20}",0.0,0.0,0.0,0.0,0.0,0.0,0.0,94,0.0,0.0,0.0,0.0,0.0,0.0,0.0
26,0.18900003433227539,0.011865937608292302,0.0033999919891357423,0.0004898624411217045,0.1,"(50,)",25,"{'NN__alpha': 0.1, 'NN__hidden_layer_sizes': (50,), 'gmm__n_components': 25}",0.08197879858657246,0.0,0.0,0.23293172690763056,0.0,0.06306575693413302,0.0906923951765276,27,0.022156690842432485,0.043956043956044015,0.08555030696557996,0.1256383603742036,0.0,0.05546028042765201,0.04505039809636983
27,0.22439994812011718,0.0030066475275483495,0.003400087356567383,0.0004899792418945042,0.1,"(50,)",30,"{'NN__alpha': 0.1, 'NN__hidden_layer_sizes': (50,), 'gmm__n_components': 30}",0.08109997669540903,0.0,0.0,0.0,0.30034722222222215,0.07606571810441724,0.11612837958374435,25,0.32977461447212386,0.043956043956044015,0.06512673944618853,0.04389427479710746,0.3421297733623095,0.16497628920675467,0.13987031959651108
28,0.16360001564025878,0.006711199894044527,0.003600025177001953,0.0004899013824479931,0.1,"(50,)",35,"{'NN__alpha': 0.1, 'NN__hidden_layer_sizes': (50,), 'gmm__n_components': 35}",0.0,0.0,0.0,0.0,0.0,0.0,0.0,94,0.0,0.0,0.0,0.0,0.0,0.0,0.0
29,0.2305999755859375,0.04023222061914805,0.0043999671936035155,0.0004898235152673564,0.1,"(50,)",40,"{'NN__alpha': 0.1, 'NN__hidden_layer_sizes': (50,), 'gmm__n_components': 40}",0.0,0.08463035019455253,0.0,0.0,0.0,0.016926070038910508,0.03385214007782101,66,0.0,0.08473801322888418,0.0,0.0,0.0651268695123282,0.029972976548242474,0.037229406126466504
30,0.04119997024536133,0.0020396610390195783,0.001999950408935547,1.1680077279964342e-07,0.1,"(25,)",2,"{'NN__alpha': 0.1, 'NN__hidden_layer_sizes': (25,), 'gmm__n_components': 2}",0.0,0.0,0.0,0.0,0.0,0.0,0.0,94,0.0,0.0,0.0,0.0,0.0,0.0,0.0
31,0.05760011672973633,0.0019595957716169597,0.002199888229370117,0.0004000663757324219,0.1,"(25,)",3,"{'NN__alpha': 0.1, 'NN__hidden_layer_sizes': (25,), 'gmm__n_components': 3}",0.0,0.0,0.0,0.0,0.0,0.0,0.0,94,0.0,0.0,0.0,0.0,0.0,0.0,0.0
32,0.06640009880065918,0.0032618227496636907,0.001999950408935547,1.1680077279964343e-07,0.1,"(25,)",4,"{'NN__alpha': 0.1, 'NN__hidden_layer_sizes': (25,), 'gmm__n_components': 4}",0.0,0.0,0.0,0.0,0.0,0.0,0.0,94,0.0,0.0,0.0,0.0,0.0,0.0,0.0
33,0.06660008430480957,0.029863732805685227,0.001999950408935547,1.1680077279964343e-07,0.1,"(25,)",5,"{'NN__alpha': 0.1, 'NN__hidden_layer_sizes': (25,), 'gmm__n_components': 5}",0.666666666666665,0.6666666666666669,0.6666666666666673,0.6666666666666673,0.0,0.5340136054421768,0.2661551042107433,1,0.666666666666665,0.6666666666666713,0.666666666666672,0.6666666666666718,0.0,0.533333333333336,0.266666666666668
34,0.07559990882873535,0.0017435754222925998,0.002000093460083008,2.132480599880018e-07,0.1,"(25,)",6,"{'NN__alpha': 0.1, 'NN__hidden_layer_sizes': (25,), 'gmm__n_components': 6}",0.0,0.0,0.0,0.0,0.0,0.0,0.0,94,0.0,0.0,0.0,0.0,0.0,0.0,0.0
35,0.08580002784729004,0.005455333557569222,0.0023999691009521486,0.0004898430110735554,0.1,"(25,)",7,"{'NN__alpha': 0.1, 'NN__hidden_layer_sizes': (25,), 'gmm__n_components': 7}",0.0,0.08695652173913045,0.22735191637630664,0.3804664723032069,0.0,0.1389549820837288,0.14660329591816615,13,0.0,0.0,0.3952185193522022,0.3545746076478309,0.0,0.14995862540000662,0.18411022989951575
36,0.09260001182556152,0.004363435225168179,0.0021999835968017577,0.000400018706226792,0.1,"(25,)",8,"{'NN__alpha': 0.1, 'NN__hidden_layer_sizes': (25,), 'gmm__n_components': 8}",0.5653021442495128,0.15992647058823528,0.0,0.0,0.0,0.1456225618902532,0.21942824751155354,9,0.4306813096016806,0.10023797504867682,0.0,0.0,0.0,0.10618385693007149,0.16682864545356016
37,0.06999988555908203,0.00374159010014211,0.002400112152099609,0.0008000373840332031,0.1,"(25,)",9,"{'NN__alpha': 0.1, 'NN__hidden_layer_sizes': (25,), 'gmm__n_components': 9}",0.0,0.0,0.0,0.0,0.0,0.0,0.0,94,0.0,0.0,0.0,0.0,0.0,0.0,0.0
38,0.07200002670288086,0.0062289341644175145,0.002599954605102539,0.0004899792418945042,0.1,"(25,)",10,"{'NN__alpha': 0.1, 'NN__hidden_layer_sizes': (25,), 'gmm__n_components': 10}",0.0,0.0,0.0,0.0,0.0,0.0,0.0,94,0.0,0.0,0.0,0.0,0.0,0.0,0.0
39,0.12140007019042968,0.008708744128265066,0.0023998737335205076,0.0004899208473093903,0.1,"(25,)",15,"{'NN__alpha': 0.1, 'NN__hidden_layer_sizes': (25,), 'gmm__n_components': 15}",0.08287687544653492,0.0,0.0,0.0,0.0,0.01665994332955855,0.033214008137020315,86,0.02237640657447805,0.022190647998850586,0.0,0.0,0.0,0.008913410914665727,0.010916812347263513
40,0.15179991722106934,0.006241783773362846,0.002800130844116211,0.000400018706226792,0.1,"(25,)",20,"{'NN__alpha': 0.1, 'NN__hidden_layer_sizes': (25,), 'gmm__n_components': 20}",0.0,0.0,0.0,0.08648111332007953,0.0,0.017296222664015908,0.03459244532803181,62,0.0,0.0,0.1792237933553962,0.022127767960902333,0.0,0.04027031226325971,0.07000330845142545
41,0.18580002784729005,0.02186691090693653,0.0029999256134033204,1.1680077279964343e-07,0.1,"(25,)",25,"{'NN__alpha': 0.1, 'NN__hidden_layer_sizes': (25,), 'gmm__n_components': 25}",0.15350683722981917,0.0,0.0,0.0,0.0,0.03085800707579018,0.061519903029267,49,0.3473309046911377,0.0,0.0,0.02222222222222225,0.0,0.07391062538267199,0.13698078828198473
42,0.1896000862121582,0.012658584258077317,0.0034000396728515623,0.0004898235384771108,0.1,"(25,)",30,"{'NN__alpha': 0.1, 'NN__hidden_layer_sizes': (25,), 'gmm__n_components': 30}",0.08242539081004266,0.08373435996150146,0.0,0.15598386373823397,0.08695652173913043,0.08181540364679284,0.04944708963124634,24,0.10694446581624031,0.124305069083213,0.0,0.17586032388663983,0.08543415217958349,0.09850880219313533,0.0576104092973312
43,0.22499990463256836,0.014099661700416617,0.004000139236450195,0.0006325604884705774,0.1,"(25,)",35,"{'NN__alpha': 0.1, 'NN__hidden_layer_sizes': (25,), 'gmm__n_components': 35}",0.0,0.0,0.0,0.45686421605401345,0.0,0.09137284321080269,0.18274568642160538,21,0.0,0.0,0.02222222222222225,0.25683665927568383,0.0,0.055811776299581214,0.10088025063392245
44,0.21580004692077637,0.04491515129559691,0.0039999961853027345,9.536743164062499e-08,0.1,"(25,)",40,"{'NN__alpha': 0.1, 'NN__hidden_layer_sizes': (25,), 'gmm__n_components': 40}",0.0,0.0,0.2375967228038234,0.0,0.0,0.04751934456076468,0.09503868912152937,37,0.10708947749580132,0.0,0.10411361116936824,0.043346066890153634,0.0222222222222222,0.05535427555550908,0.043266684146149884
45,0.0731999397277832,0.0022272012592261825,0.002000093460083008,1.5078914929239175e-07,0.1,"(25, 25)",2,"{'NN__alpha': 0.1, 'NN__hidden_layer_sizes': (25, 25), 'gmm__n_components': 2}",0.0,0.0,0.0,0.0,0.0,0.0,0.0,94,0.0,0.0,0.0,0.0,0.0,0.0,0.0
46,0.0700000286102295,0.005019824288744061,0.0020000457763671873,9.536743164062499e-08,0.1,"(25, 25)",3,"{'NN__alpha': 0.1, 'NN__hidden_layer_sizes': (25, 25), 'gmm__n_components': 3}",0.0,0.0,0.0,0.0,0.0,0.0,0.0,94,0.0,0.0,0.0,0.0,0.0,0.0,0.0
47,0.11779990196228027,0.003249532443640967,0.0021999835968017577,0.000400018706226792,0.1,"(25, 25)",4,"{'NN__alpha': 0.1, 'NN__hidden_layer_sizes': (25, 25), 'gmm__n_components': 4}",0.0,0.0,0.0,0.0,0.0,0.0,0.0,94,0.0,0.0,0.0,0.0,0.0,0.0,0.0
48,0.07880001068115235,0.004915314080462559,0.0021999835968017577,0.000400018706226792,0.1,"(25, 25)",5,"{'NN__alpha': 0.1, 'NN__hidden_layer_sizes': (25, 25), 'gmm__n_components': 5}",0.0,0.0,0.0,0.0,0.0,0.0,0.0,94,0.0,0.0,0.0,0.021849162186802506,0.0,0.004369832437360501,0.008739664874721002
49,0.12920002937316893,0.01391974299881862,0.0021999835968017577,0.000400018706226792,0.1,"(25, 25)",6,"{'NN__alpha': 0.1, 'NN__hidden_layer_sizes': (25, 25), 'gmm__n_components': 6}",0.0,0.0,0.08463035019455253,0.0,0.0,0.016926070038910508,0.03385214007782101,66,0.0,0.18060548313049518,0.1621653152890394,0.0,0.0,0.06855415968390692,0.08416360967753236
50,0.07360000610351562,0.002416607680616149,0.00279998779296875,0.00039994720552788215,0.1,"(25, 25)",7,"{'NN__alpha': 0.1, 'NN__hidden_layer_sizes': (25, 25), 'gmm__n_components': 7}",0.0,0.0,0.0,0.0,0.0,0.0,0.0,94,0.0,0.0,0.0,0.0,0.0,0.0,0.0
51,0.12379999160766601,0.006046486810526078,0.0021999359130859377,0.00039992333879854,0.1,"(25, 25)",8,"{'NN__alpha': 0.1, 'NN__hidden_layer_sizes': (25, 25), 'gmm__n_components': 8}",0.0,0.0,0.0,0.08463035019455253,0.0,0.016926070038910508,0.033852140077821016,66,0.0,0.0,0.0,0.16258736146445607,0.0,0.03251747229289122,0.06503494458578243
52,0.10840005874633789,0.0036111043066798226,0.001999950408935547,1.1680077279964343e-07,0.1,"(25, 25)",9,"{'NN__alpha': 0.1, 'NN__hidden_layer_sizes': (25, 25), 'gmm__n_components': 9}",0.0,0.0,0.2880794701986755,0.0,0.0,0.057615894039735105,0.11523178807947021,33,0.044382004533989015,0.0,0.40243196294151756,0.0,0.0,0.08936279349510132,0.15747552369633663
53,0.14239997863769532,0.008138736896161415,0.0024000167846679687,0.0004898040697486511,0.1,"(25, 25)",10,"{'NN__alpha': 0.1, 'NN__hidden_layer_sizes': (25, 25), 'gmm__n_components': 10}",0.0,0.0,0.0,0.08463035019455253,0.0,0.016926070038910508,0.033852140077821016,66,0.0,0.0,0.0,0.16258736146445607,0.0,0.03251747229289122,0.06503494458578243
54,0.10739998817443848,0.005083367202508421,0.0028000831604003905,0.00039987566929968805,0.1,"(25, 25)",15,"{'NN__alpha': 0.1, 'NN__hidden_layer_sizes': (25, 25), 'gmm__n_components': 15}",0.0,0.0,0.0,0.0,0.0,0.0,0.0,94,0.0,0.0,0.0,0.0,0.0,0.0,0.0
55,0.1565999984741211,0.016414646945274978,0.0029999732971191405,9.536743164062499e-08,0.1,"(25, 25)",20,"{'NN__alpha': 0.1, 'NN__hidden_layer_sizes': (25, 25), 'gmm__n_components': 20}",0.08333333333333336,0.0,0.0,0.0,0.0,0.016751700680272114,0.03339693969524624,82,0.04425764956856758,0.0,0.0,0.0,0.0,0.008851529913713515,0.01770305982742703
56,0.16119999885559083,0.0433330839739764,0.0029999732971191405,9.536743164062499e-08,0.1,"(25, 25)",25,"{'NN__alpha': 0.1, 'NN__hidden_layer_sizes': (25, 25), 'gmm__n_components': 25}",0.666666666666665,0.6666666666666669,0.0,0.6666666666666673,0.6666666666666673,0.5333333333333333,0.26666666666666666,5,0.666666666666665,0.6666666666666713,0.0,0.6666666666666718,0.6666666666666696,0.5333333333333355,0.2666666666666678
57,0.18959999084472656,0.004882651185280459,0.0033999919891357423,0.0004898624411217045,0.1,"(25, 25)",30,"{'NN__alpha': 0.1, 'NN__hidden_layer_sizes': (25, 25), 'gmm__n_components': 30}",0.0,0.0,0.08695652173913045,0.0,0.0,0.017391304347826087,0.03478260869565218,53,0.0,0.0650363392495088,0.0650363392495088,0.0,0.0,0.02601453569980352,0.031861169179967765
58,0.22360000610351563,0.019438084048920654,0.0038000106811523437,0.000748353705076902,0.1,"(25, 25)",35,"{'NN__alpha': 0.1, 'NN__hidden_layer_sizes': (25, 25), 'gmm__n_components': 35}",0.0,0.0,0.0,0.0,0.0,0.0,0.0,94,0.21969337758811477,0.0,0.0,0.0,0.0,0.043938675517622955,0.08787735103524592
59,0.1958001136779785,0.041300818868030456,0.004800033569335937,0.0017204124184027002,0.1,"(25, 25)",40,"{'NN__alpha': 0.1, 'NN__hidden_layer_sizes': (25, 25), 'gmm__n_components': 40}",0.0,0.0,0.0,0.0,0.08070912059715417,0.01605946787392353,0.032221716604939526,90,0.044195733045054274,0.04340630172063835,0.0,0.0,0.10024629477595809,0.03756966590833014,0.036957517455704074
60,0.2378000259399414,0.06385731128733022,0.003000020980834961,0.0010953657179721195,0.1,"(100, 25, 100)",2,"{'NN__alpha': 0.1, 'NN__hidden_layer_sizes': (100, 25, 100), 'gmm__n_components': 2}",0.0,0.08695652173913045,0.0,0.0,0.0,0.017391304347826087,0.03478260869565218,53,0.02247191011235958,0.0,0.02222222222222225,0.02222222222222225,0.0222222222222222,0.017827715355805258,0.008914382216860337
61,0.19180006980895997,0.01327257054424924,0.003599882125854492,0.0010198328566057833,0.1,"(100, 25, 100)",3,"{'NN__alpha': 0.1, 'NN__hidden_layer_sizes': (100, 25, 100), 'gmm__n_components': 3}",0.0,0.0,0.0,0.0,0.0,0.0,0.0,94,0.0,0.0,0.0,0.0,0.0,0.0,0.0
62,0.2435999870300293,0.04242923254686361,0.003600025177001953,0.0004899014056540585,0.1,"(100, 25, 100)",4,"{'NN__alpha': 0.1, 'NN__hidden_layer_sizes': (100, 25, 100), 'gmm__n_components': 4}",0.0,0.0,0.0,0.0,0.0,0.0,0.0,94,0.0,0.0,0.0,0.0,0.0,0.0,0.0
63,0.19639997482299804,0.029520146789484353,0.0029999732971191405,0.000632409699322999,0.1,"(100, 25, 100)",5,"{'NN__alpha': 0.1, 'NN__hidden_layer_sizes': (100, 25, 100), 'gmm__n_components': 5}",0.0,0.0,0.0,0.0,0.0,0.0,0.0,94,0.0,0.0,0.0,0.0,0.0,0.0,0.0
64,0.18499994277954102,0.008648590732547949,0.0032000064849853514,0.0003999710083007813,0.1,"(100, 25, 100)",6,"{'NN__alpha': 0.1, 'NN__hidden_layer_sizes': (100, 25, 100), 'gmm__n_components': 6}",0.0,0.0,0.0,0.0,0.0,0.0,0.0,94,0.0,0.0,0.0,0.0,0.0,0.0,0.0
65,0.20459990501403807,0.016304514371630118,0.0036000728607177733,0.0008001089291441989,0.1,"(100, 25, 100)",7,"{'NN__alpha': 0.1, 'NN__hidden_layer_sizes': (100, 25, 100), 'gmm__n_components': 7}",0.0,0.0,0.0,0.0,0.0,0.0,0.0,94,0.0,0.0,0.0,0.0,0.0,0.0,0.0
66,0.19600000381469726,0.017988864590984463,0.003000020980834961,2.132480599880018e-07,0.1,"(100, 25, 100)",8,"{'NN__alpha': 0.1, 'NN__hidden_layer_sizes': (100, 25, 100), 'gmm__n_components': 8}",0.0,0.0,0.0,0.0,0.0,0.0,0.0,94,0.0,0.0,0.0,0.0,0.0,0.0,0.0
67,0.21380000114440917,0.011338445319325485,0.0033999919891357423,0.0004898624411217045,0.1,"(100, 25, 100)",9,"{'NN__alpha': 0.1, 'NN__hidden_layer_sizes': (100, 25, 100), 'gmm__n_components': 9}",0.0,0.0,0.0,0.0,0.0,0.0,0.0,94,0.0,0.0,0.0,0.0,0.0,0.0,0.0
68,0.2194000244140625,0.01640241692146007,0.0031999588012695313,0.00039999486081696955,0.1,"(100, 25, 100)",10,"{'NN__alpha': 0.1, 'NN__hidden_layer_sizes': (100, 25, 100), 'gmm__n_components': 10}",0.0,0.0,0.0,0.0,0.0,0.0,0.0,94,0.0,0.0,0.0,0.0,0.0,0.0,0.0
69,0.25079998970031736,0.013422459470497937,0.003799915313720703,0.0011662612337705745,0.1,"(100, 25, 100)",15,"{'NN__alpha': 0.1, 'NN__hidden_layer_sizes': (100, 25, 100), 'gmm__n_components': 15}",0.0,0.0,0.0,0.0,0.0,0.0,0.0,94,0.0,0.0,0.0,0.0,0.0,0.0,0.0
70,0.291200065612793,0.012319154839420091,0.0038000106811523437,0.00039999486081696955,0.1,"(100, 25, 100)",20,"{'NN__alpha': 0.1, 'NN__hidden_layer_sizes': (100, 25, 100), 'gmm__n_components': 20}",0.0,0.0,0.0,0.0,0.0,0.0,0.0,94,0.0,0.0,0.0,0.0,0.0,0.0,0.0
71,0.35219993591308596,0.01898841538494757,0.0042000293731689455,0.00040016174316406247,0.1,"(100, 25, 100)",25,"{'NN__alpha': 0.1, 'NN__hidden_layer_sizes': (100, 25, 100), 'gmm__n_components': 25}",0.0,0.0,0.0,0.0,0.0,0.0,0.0,94,0.0,0.0,0.0,0.0,0.0,0.0,0.0
72,0.3297999858856201,0.032682726770171304,0.0042000293731689455,0.00040004254453151935,0.1,"(100, 25, 100)",30,"{'NN__alpha': 0.1, 'NN__hidden_layer_sizes': (100, 25, 100), 'gmm__n_components': 30}",0.0,0.0,0.0,0.0,0.0,0.0,0.0,94,0.0,0.0,0.0,0.0,0.0,0.0,0.0
73,0.3539999485015869,0.05201143642277689,0.004599905014038086,0.0004898624411217046,0.1,"(100, 25, 100)",35,"{'NN__alpha': 0.1, 'NN__hidden_layer_sizes': (100, 25, 100), 'gmm__n_components': 35}",0.0,0.0,0.0,0.0,0.0,0.0,0.0,94,0.0,0.0,0.0,0.0,0.0,0.0,0.0
74,0.4241999626159668,0.039158140298489116,0.004799938201904297,0.000748353705076902,0.1,"(100, 25, 100)",40,"{'NN__alpha': 0.1, 'NN__hidden_layer_sizes': (100, 25, 100), 'gmm__n_components': 40}",0.0,0.0,0.0,0.0,0.0,0.0,0.0,94,0.0,0.0,0.0,0.0,0.0,0.0,0.0
75,0.08880000114440918,0.006273786573013075,0.002399921417236328,0.0004898819214545809,0.01,"(50, 50)",2,"{'NN__alpha': 0.01, 'NN__hidden_layer_sizes': (50, 50), 'gmm__n_components': 2}",0.0,0.0,0.0,0.0,0.0,0.0,0.0,94,0.0,0.0,0.0,0.0,0.0,0.0,0.0
76,0.11520004272460938,0.005741002802045318,0.0021999359130859377,0.00039992333879854,0.01,"(50, 50)",3,"{'NN__alpha': 0.01, 'NN__hidden_layer_sizes': (50, 50), 'gmm__n_components': 3}",0.0,0.0,0.0,0.0,0.0,0.0,0.0,94,0.0,0.0,0.0,0.0,0.0,0.0,0.0
77,0.0946000099182129,0.004223894634690796,0.00279998779296875,0.00039994720552788215,0.01,"(50, 50)",4,"{'NN__alpha': 0.01, 'NN__hidden_layer_sizes': (50, 50), 'gmm__n_components': 4}",0.0,0.0,0.0,0.0,0.0,0.0,0.0,94,0.0,0.0,0.0,0.0,0.0,0.0,0.0
78,0.09559993743896485,0.0036111043066798226,0.002800130844116211,0.0007481752889498916,0.01,"(50, 50)",5,"{'NN__alpha': 0.01, 'NN__hidden_layer_sizes': (50, 50), 'gmm__n_components': 5}",0.0,0.0,0.0,0.0,0.0,0.0,0.0,94,0.0,0.0,0.0,0.0,0.0,0.0,0.0
79,0.10860013961791992,0.004317405163150024,0.0025999069213867186,0.0004899403160383115,0.01,"(50, 50)",6,"{'NN__alpha': 0.01, 'NN__hidden_layer_sizes': (50, 50), 'gmm__n_components': 6}",0.0,0.0,0.0,0.0,0.0,0.0,0.0,94,0.0,0.0,0.0,0.0,0.0,0.0,0.0
80,0.10739994049072266,0.004963876639960373,0.002200031280517578,0.0004001140736550456,0.01,"(50, 50)",7,"{'NN__alpha': 0.01, 'NN__hidden_layer_sizes': (50, 50), 'gmm__n_components': 7}",0.0,0.0,0.0,0.0,0.0,0.0,0.0,94,0.0,0.0,0.0,0.0,0.0,0.0,0.0
81,0.10879993438720703,0.003249582334121012,0.0028000354766845705,0.00040009025666136835,0.01,"(50, 50)",8,"{'NN__alpha': 0.01, 'NN__hidden_layer_sizes': (50, 50), 'gmm__n_components': 8}",0.0,0.0,0.0,0.0,0.0,0.0,0.0,94,0.0,0.0,0.0,0.0,0.0,0.0,0.0
82,0.1204000473022461,0.006118858416645409,0.00279998779296875,0.0004000664041494148,0.01,"(50, 50)",9,"{'NN__alpha': 0.01, 'NN__hidden_layer_sizes': (50, 50), 'gmm__n_components': 9}",0.0,0.0,0.0,0.0,0.0,0.0,0.0,94,0.0,0.0,0.0,0.0,0.0,0.0,0.0
83,0.1305999755859375,0.023018118650503468,0.0027999401092529295,0.00039992333879854,0.01,"(50, 50)",10,"{'NN__alpha': 0.01, 'NN__hidden_layer_sizes': (50, 50), 'gmm__n_components': 10}",0.0,0.0,0.0,0.0,0.0,0.0,0.0,94,0.0,0.0,0.0,0.0,0.0,0.0,0.0
84,0.1405998706817627,0.01089212053756975,0.003200054168701172,0.0004000663757324219,0.01,"(50, 50)",15,"{'NN__alpha': 0.01, 'NN__hidden_layer_sizes': (50, 50), 'gmm__n_components': 15}",0.0,0.0,0.0,0.0,0.0,0.0,0.0,94,0.0,0.0,0.0,0.0,0.0,0.0,0.0
85,0.16259984970092772,0.014786374754345511,0.0032001018524169924,0.00039992333879854,0.01,"(50, 50)",20,"{'NN__alpha': 0.01, 'NN__hidden_layer_sizes': (50, 50), 'gmm__n_components': 20}",0.0,0.0,0.0,0.0,0.0,0.0,0.0,94,0.0,0.0,0.0,0.0,0.0,0.0,0.0
86,0.1969999313354492,0.026138145038359078,0.003600025177001953,0.0004899013824479931,0.01,"(50, 50)",25,"{'NN__alpha': 0.01, 'NN__hidden_layer_sizes': (50, 50), 'gmm__n_components': 25}",0.0,0.0,0.0,0.0,0.0,0.0,0.0,94,0.0,0.0,0.0,0.0,0.0,0.0,0.0
87,0.2191999912261963,0.008133949156727764,0.004400014877319336,0.000489979265096882,0.01,"(50, 50)",30,"{'NN__alpha': 0.01, 'NN__hidden_layer_sizes': (50, 50), 'gmm__n_components': 30}",0.0,0.0,0.0,0.0,0.0,0.0,0.0,94,0.0,0.0,0.0,0.0,0.06485680561595322,0.012971361123190644,0.02594272224638129
88,0.21160001754760743,0.005004053092953112,0.004999971389770508,0.0015491426167072342,0.01,"(50, 50)",35,"{'NN__alpha': 0.01, 'NN__hidden_layer_sizes': (50, 50), 'gmm__n_components': 35}",0.0,0.16492890995260664,0.0,0.0,0.0,0.03298578199052133,0.06597156398104265,45,0.0,0.042870140484525164,0.0,0.022127767960902333,0.0,0.012999581689085498,0.017219416015872457
89,0.2538000106811523,0.0400469634716308,0.004199981689453125,0.0003999471771024199,0.01,"(50, 50)",40,"{'NN__alpha': 0.01, 'NN__hidden_layer_sizes': (50, 50), 'gmm__n_components': 40}",0.0,0.0,0.0,0.0,0.0,0.0,0.0,94,0.0,0.0,0.0,0.0,0.0,0.0,0.0
90,0.0875999927520752,0.006343463292101863,0.0020000457763671873,9.536743164062499e-08,0.01,"(50,)",2,"{'NN__alpha': 0.01, 'NN__hidden_layer_sizes': (50,), 'gmm__n_components': 2}",0.0,0.0,0.0,0.0,0.0,0.0,0.0,94,0.0,0.0,0.0,0.0,0.0,0.0,0.0
91,0.0700000286102295,0.0021908184954839718,0.0019999980926513673,1.1680077279964343e-07,0.01,"(50,)",3,"{'NN__alpha': 0.01, 'NN__hidden_layer_sizes': (50,), 'gmm__n_components': 3}",0.0,0.0,0.0,0.0,0.0,0.0,0.0,94,0.0,0.0,0.0,0.0,0.0,0.0,0.0
92,0.07699995040893555,0.003405910429359079,0.0021999835968017577,0.00040001873464717136,0.01,"(50,)",4,"{'NN__alpha': 0.01, 'NN__hidden_layer_sizes': (50,), 'gmm__n_components': 4}",0.0,0.0,0.0,0.0,0.0,0.0,0.0,94,0.0,0.0,0.0,0.0,0.0,0.0,0.0
93,0.09000000953674317,0.008438087093862727,0.001999950408935547,1.1680077279964343e-07,0.01,"(50,)",5,"{'NN__alpha': 0.01, 'NN__hidden_layer_sizes': (50,), 'gmm__n_components': 5}",0.0,0.0,0.22307692307692312,0.0,0.0,0.044615384615384626,0.08923076923076925,38,0.0,0.0,0.4203449759819492,0.021849162186802506,0.0,0.08843882763375034,0.1661686814988731
94,0.06419997215270996,0.002481958494545725,0.002000093460083008,1.5078914929239175e-07,0.01,"(50,)",6,"{'NN__alpha': 0.01, 'NN__hidden_layer_sizes': (50,), 'gmm__n_components': 6}",0.0,0.0,0.0,0.0,0.08695652173913043,0.01730257320319432,0.03471588315792304,58,0.0,0.0,0.02222222222222225,0.0,0.0,0.0044444444444444505,0.008888888888888901
95,0.06779999732971191,0.0011662121653381909,0.0020000457763671873,9.536743164062499e-08,0.01,"(50,)",7,"{'NN__alpha': 0.01, 'NN__hidden_layer_sizes': (50,), 'gmm__n_components': 7}",0.0,0.0,0.0,0.0,0.0,0.0,0.0,94,0.0,0.0,0.0,0.0,0.0,0.0,0.0
96,0.1194000244140625,0.004758018491001477,0.0028000354766845705,0.00039997103672454983,0.01,"(50,)",8,"{'NN__alpha': 0.01, 'NN__hidden_layer_sizes': (50,), 'gmm__n_components': 8}",0.0,0.0,0.0,0.0,0.0,0.0,0.0,94,0.0,0.0,0.0,0.0,0.0,0.0,0.0
97,0.0805999755859375,0.009931785781991095,0.00279998779296875,0.0003999471771024199,0.01,"(50,)",9,"{'NN__alpha': 0.01, 'NN__hidden_layer_sizes': (50,), 'gmm__n_components': 9}",0.0,0.0,0.0,0.0,0.0,0.0,0.0,94,0.0,0.0,0.0,0.0,0.0,0.0,0.0
98,0.10580000877380372,0.003059411288848,0.0021999359130859377,0.00039992333879854,0.01,"(50,)",10,"{'NN__alpha': 0.01, 'NN__hidden_layer_sizes': (50,), 'gmm__n_components': 10}",0.0,0.0,0.0,0.0,0.0,0.0,0.0,94,0.0,0.0,0.0,0.0,0.043710356088676725,0.008742071217735344,0.01748414243547069
99,0.11979999542236328,0.006462204593716386,0.0028000354766845705,0.0004000902282460696,0.01,"(50,)",15,"{'NN__alpha': 0.01, 'NN__hidden_layer_sizes': (50,), 'gmm__n_components': 15}",0.0,0.0,0.0,0.0,0.0,0.0,0.0,94,0.0,0.0,0.0,0.0,0.0,0.0,0.0
100,0.11900005340576172,0.006164500948098445,0.003000020980834961,1.5078914929239175e-07,0.01,"(50,)",20,"{'NN__alpha': 0.01, 'NN__hidden_layer_sizes': (50,), 'gmm__n_components': 20}",0.0,0.0,0.0,0.0,0.0,0.0,0.0,94,0.0,0.0,0.0,0.0,0.0,0.0,0.0
101,0.18520002365112304,0.010186175782165458,0.0029999256134033204,1.9073486328124998e-07,0.01,"(50,)",25,"{'NN__alpha': 0.01, 'NN__hidden_layer_sizes': (50,), 'gmm__n_components': 25}",0.08197879858657246,0.0,0.0,0.23293172690763056,0.0,0.06306575693413302,0.0906923951765276,27,0.022125654616939685,0.043956043956044015,0.08555030696557996,0.1256383603742036,0.0,0.055454073182553444,0.045054988290392485
102,0.2202000617980957,0.006968384153897525,0.0037999629974365236,0.00040009022824606964,0.01,"(50,)",30,"{'NN__alpha': 0.01, 'NN__hidden_layer_sizes': (50,), 'gmm__n_components': 30}",0.0,0.0,0.0,0.0,0.30034722222222215,0.05976296768707482,0.11990841934494423,30,0.32977461447212386,0.043956043956044015,0.06512673944618853,0.04389427479710746,0.3421297733623095,0.16497628920675467,0.13987031959651108
103,0.16679987907409669,0.010008020420362232,0.0034000396728515623,0.000490018183218949,0.01,"(50,)",35,"{'NN__alpha': 0.01, 'NN__hidden_layer_sizes': (50,), 'gmm__n_components': 35}",0.0,0.0,0.0,0.0,0.0,0.0,0.0,94,0.0,0.0,0.0,0.0,0.0,0.0,0.0
104,0.2264000415802002,0.037749862329746336,0.0043999671936035155,0.0004899208473093903,0.01,"(50,)",40,"{'NN__alpha': 0.01, 'NN__hidden_layer_sizes': (50,), 'gmm__n_components': 40}",0.0,0.08463035019455253,0.0,0.0,0.0,0.016926070038910508,0.03385214007782101,66,0.0,0.06423389146474846,0.0,0.0,0.0651268695123282,0.025872152195415332,0.03168804395688455
105,0.040999984741210936,0.0014142459456223922,0.002200031280517578,0.0003999948892390431,0.01,"(25,)",2,"{'NN__alpha': 0.01, 'NN__hidden_layer_sizes': (25,), 'gmm__n_components': 2}",0.0,0.0,0.0,0.0,0.0,0.0,0.0,94,0.0,0.0,0.0,0.0,0.0,0.0,0.0
106,0.05820002555847168,0.003310625667715911,0.002200031280517578,0.00039999486081696955,0.01,"(25,)",3,"{'NN__alpha': 0.01, 'NN__hidden_layer_sizes': (25,), 'gmm__n_components': 3}",0.0,0.0,0.0,0.0,0.0,0.0,0.0,94,0.0,0.0,0.0,0.0,0.0,0.0,0.0
107,0.0619999885559082,0.004195295043863821,0.002200031280517578,0.00039999486081696955,0.01,"(25,)",4,"{'NN__alpha': 0.01, 'NN__hidden_layer_sizes': (25,), 'gmm__n_components': 4}",0.0,0.0,0.0,0.0,0.0,0.0,0.0,94,0.0,0.0,0.0,0.0,0.0,0.0,0.0
108,0.06400003433227539,0.031112766788102444,0.001999950408935547,1.1680077279964343e-07,0.01,"(25,)",5,"{'NN__alpha': 0.01, 'NN__hidden_layer_sizes': (25,), 'gmm__n_components': 5}",0.666666666666665,0.6666666666666669,0.6666666666666673,0.6666666666666673,0.0,0.5340136054421768,0.2661551042107433,1,0.666666666666665,0.6666666666666713,0.666666666666672,0.6666666666666718,0.0,0.533333333333336,0.266666666666668
109,0.07940006256103516,0.005238306608625147,0.0019999027252197267,9.536743164062499e-08,0.01,"(25,)",6,"{'NN__alpha': 0.01, 'NN__hidden_layer_sizes': (25,), 'gmm__n_components': 6}",0.0,0.0,0.0,0.0,0.0,0.0,0.0,94,0.0,0.0,0.0,0.0,0.0,0.0,0.0
110,0.08679990768432617,0.006337266727086368,0.0020000457763671873,9.5367431640625e-08,0.01,"(25,)",7,"{'NN__alpha': 0.01, 'NN__hidden_layer_sizes': (25,), 'gmm__n_components': 7}",0.0,0.08695652173913045,0.22413052812365825,0.3804664723032069,0.0,0.1383107044331991,0.14621997951905608,15,0.0,0.04389427479710746,0.3948022438400913,0.3545746076478309,0.0,0.15865422525700593,0.17757412848173815
111,0.08480005264282227,0.004664648305829307,0.002399921417236328,0.000489979265096882,0.01,"(25,)",8,"{'NN__alpha': 0.01, 'NN__hidden_layer_sizes': (25,), 'gmm__n_components': 8}",0.5653021442495128,0.15992647058823528,0.0,0.0,0.0,0.1456225618902532,0.21942824751155354,9,0.4306813096016806,0.11909181779237484,0.0,0.0,0.0,0.1099546254788111,0.16686470758334898
112,0.06480011940002442,0.005268839345554971,0.002399921417236328,0.0004898819214545809,0.01,"(25,)",9,"{'NN__alpha': 0.01, 'NN__hidden_layer_sizes': (25,), 'gmm__n_components': 9}",0.0,0.0,0.0,0.0,0.0,0.0,0.0,94,0.0,0.0,0.0,0.0,0.0,0.0,0.0
113,0.07099995613098145,0.009273583944257082,0.0023999691009521486,0.000489940339242533,0.01,"(25,)",10,"{'NN__alpha': 0.01, 'NN__hidden_layer_sizes': (25,), 'gmm__n_components': 10}",0.0,0.0,0.0,0.0,0.0,0.0,0.0,94,0.0,0.0,0.0,0.0,0.0,0.0,0.0
114,0.11859989166259766,0.004923465318539038,0.0023999691009521486,0.0004900376480808073,0.01,"(25,)",15,"{'NN__alpha': 0.01, 'NN__hidden_layer_sizes': (25,), 'gmm__n_components': 15}",0.08287687544653492,0.0,0.0,0.0,0.0,0.01665994332955855,0.033214008137020315,86,0.02237640657447805,0.022190647998850586,0.0,0.0,0.0,0.008913410914665727,0.010916812347263513
115,0.1485999584197998,0.004673367387900917,0.0028000354766845705,0.00040009022824606964,0.01,"(25,)",20,"{'NN__alpha': 0.01, 'NN__hidden_layer_sizes': (25,), 'gmm__n_components': 20}",0.0,0.0,0.0,0.08648111332007953,0.0,0.017296222664015908,0.03459244532803181,62,0.0,0.0,0.1792237933553962,0.022127767960902333,0.0,0.04027031226325971,0.07000330845142545
116,0.18040003776550292,0.024187538501166762,0.0029999732971191405,1.784161275279017e-07,0.01,"(25,)",25,"{'NN__alpha': 0.01, 'NN__hidden_layer_sizes': (25,), 'gmm__n_components': 25}",0.15350683722981917,0.0,0.0,0.0,0.0,0.03085800707579018,0.061519903029267,49,0.3473309046911377,0.0,0.0,0.02222222222222225,0.0,0.07391062538267199,0.13698078828198473
117,0.188200044631958,0.010571510141541632,0.003399944305419922,0.0004899013824479931,0.01,"(25,)",30,"{'NN__alpha': 0.01, 'NN__hidden_layer_sizes': (25,), 'gmm__n_components': 30}",0.08242539081004266,0.2317939609236235,0.0,0.15598386373823397,0.08695652173913043,0.11142732383921725,0.07788533819287402,17,0.1465869201681307,0.124305069083213,0.0,0.19327030033370426,0.08543415217958349,0.1099192883529263,0.06508552673800216
118,0.22500009536743165,0.020523187335764897,0.003999948501586914,0.0,0.01,"(25,)",35,"{'NN__alpha': 0.01, 'NN__hidden_layer_sizes': (25,), 'gmm__n_components': 35}",0.0,0.0,0.0,0.45686421605401345,0.0,0.09137284321080269,0.18274568642160538,21,0.0,0.0,0.02222222222222225,0.25683665927568383,0.0,0.055811776299581214,0.10088025063392245
119,0.21859984397888182,0.046486905181719065,0.004600048065185547,0.001200079921460192,0.01,"(25,)",40,"{'NN__alpha': 0.01, 'NN__hidden_layer_sizes': (25,), 'gmm__n_components': 40}",0.0,0.0,0.0,0.0,0.0,0.0,0.0,94,0.10708947749580132,0.0,0.043956043956044015,0.043346066890153634,0.0222222222222222,0.043322762112844235,0.035745461475545255
120,0.07179999351501465,0.0011661794551524793,0.002200031280517578,0.0003999948608169695,0.01,"(25, 25)",2,"{'NN__alpha': 0.01, 'NN__hidden_layer_sizes': (25, 25), 'gmm__n_components': 2}",0.0,0.0,0.0,0.0,0.0,0.0,0.0,94,0.0,0.0,0.0,0.0,0.0,0.0,0.0
121,0.06459989547729492,0.00307255221579173,0.0018001556396484374,0.0004001140736550456,0.01,"(25, 25)",3,"{'NN__alpha': 0.01, 'NN__hidden_layer_sizes': (25, 25), 'gmm__n_components': 3}",0.0,0.0,0.0,0.0,0.0,0.0,0.0,94,0.0,0.0,0.0,0.0,0.0,0.0,0.0
122,0.11780004501342774,0.0027857325138713122,0.002199888229370117,0.0003999471771024199,0.01,"(25, 25)",4,"{'NN__alpha': 0.01, 'NN__hidden_layer_sizes': (25, 25), 'gmm__n_components': 4}",0.0,0.0,0.0,0.0,0.0,0.0,0.0,94,0.0,0.0,0.0,0.0,0.0,0.0,0.0
123,0.07959995269775391,0.004127931532881669,0.002000093460083008,1.5078914929239175e-07,0.01,"(25, 25)",5,"{'NN__alpha': 0.01, 'NN__hidden_layer_sizes': (25, 25), 'gmm__n_components': 5}",0.0,0.0,0.0,0.0,0.0,0.0,0.0,94,0.0,0.0,0.0,0.021849162186802506,0.0,0.004369832437360501,0.008739664874721002
124,0.12020010948181152,0.008231652071491374,0.0037998676300048826,0.0026381634943264134,0.01,"(25, 25)",6,"{'NN__alpha': 0.01, 'NN__hidden_layer_sizes': (25, 25), 'gmm__n_components': 6}",0.0,0.0,0.08463035019455253,0.0,0.0,0.016926070038910508,0.03385214007782101,66,0.0,0.18060548313049518,0.1621653152890394,0.0,0.0,0.06855415968390692,0.08416360967753236
125,0.07399992942810059,0.005098930488966748,0.0020000457763671873,1.784161275279017e-07,0.01,"(25, 25)",7,"{'NN__alpha': 0.01, 'NN__hidden_layer_sizes': (25, 25), 'gmm__n_components': 7}",0.0,0.0,0.0,0.0,0.0,0.0,0.0,94,0.0,0.0,0.0,0.0,0.0,0.0,0.0
126,0.12239999771118164,0.0051999954105422744,0.002200031280517578,0.0003999948892390431,0.01,"(25, 25)",8,"{'NN__alpha': 0.01, 'NN__hidden_layer_sizes': (25, 25), 'gmm__n_components': 8}",0.0,0.0,0.0,0.08463035019455253,0.0,0.016926070038910508,0.033852140077821016,66,0.0,0.0,0.0,0.16258736146445607,0.0,0.03251747229289122,0.06503494458578243
127,0.10540003776550293,0.0063748748906368525,0.002400064468383789,0.0004898624643296147,0.01,"(25, 25)",9,"{'NN__alpha': 0.01, 'NN__hidden_layer_sizes': (25, 25), 'gmm__n_components': 9}",0.0,0.0,0.2880794701986755,0.0,0.0,0.057615894039735105,0.11523178807947021,33,0.044382004533989015,0.0,0.40243196294151756,0.0,0.0,0.08936279349510132,0.15747552369633663
128,0.13959999084472657,0.007172292166831219,0.002200031280517578,0.00039999486081696955,0.01,"(25, 25)",10,"{'NN__alpha': 0.01, 'NN__hidden_layer_sizes': (25, 25), 'gmm__n_components': 10}",0.0,0.0,0.0,0.08463035019455253,0.0,0.016926070038910508,0.033852140077821016,66,0.0,0.0,0.0,0.16258736146445607,0.0,0.03251747229289122,0.06503494458578243
129,0.0987999439239502,0.003969896796872709,0.0023999691009521486,0.0004899403160383116,0.01,"(25, 25)",15,"{'NN__alpha': 0.01, 'NN__hidden_layer_sizes': (25, 25), 'gmm__n_components': 15}",0.0,0.0,0.0,0.0,0.0,0.0,0.0,94,0.0,0.0,0.0,0.0,0.0,0.0,0.0
130,0.14300007820129396,0.009121359154595526,0.0029999732971191405,1.784161275279017e-07,0.01,"(25, 25)",20,"{'NN__alpha': 0.01, 'NN__hidden_layer_sizes': (25, 25), 'gmm__n_components': 20}",0.08333333333333336,0.0,0.0,0.0,0.0,0.016751700680272114,0.03339693969524624,82,0.04425764956856758,0.0,0.0,0.0,0.0,0.008851529913713515,0.01770305982742703
131,0.15719995498657227,0.039351807190692645,0.0035999774932861327,0.0004899597886342959,0.01,"(25, 25)",25,"{'NN__alpha': 0.01, 'NN__hidden_layer_sizes': (25, 25), 'gmm__n_components': 25}",0.666666666666665,0.6666666666666669,0.0,0.6666666666666673,0.6666666666666673,0.5333333333333333,0.26666666666666666,5,0.666666666666665,0.6666666666666713,0.0,0.6666666666666718,0.6666666666666696,0.5333333333333355,0.2666666666666678
132,0.18660006523132325,0.0063119497661956936,0.003399944305419922,0.0004899013824479931,0.01,"(25, 25)",30,"{'NN__alpha': 0.01, 'NN__hidden_layer_sizes': (25, 25), 'gmm__n_components': 30}",0.08333333333333336,0.0,0.08695652173913045,0.0,0.0,0.0341430050280982,0.04174347372864622,42,0.0,0.0650363392495088,0.0650363392495088,0.0,0.0,0.02601453569980352,0.031861169179967765
133,0.21119999885559082,0.00559989043753773,0.0038000106811523437,0.00039999486081696955,0.01,"(25, 25)",35,"{'NN__alpha': 0.01, 'NN__hidden_layer_sizes': (25, 25), 'gmm__n_components': 35}",0.0,0.0,0.0,0.0,0.0,0.0,0.0,94,0.21969337758811477,0.0,0.0,0.0,0.022190693299749695,0.04837681417757289,0.08608835725618237
134,0.1939999580383301,0.037272095455064436,0.0043999671936035155,0.000799918180073268,0.01,"(25, 25)",40,"{'NN__alpha': 0.01, 'NN__hidden_layer_sizes': (25, 25), 'gmm__n_components': 40}",0.0,0.0,0.0,0.0,0.08070912059715417,0.01605946787392353,0.032221716604939526,90,0.044195733045054274,0.04340630172063835,0.0,0.0,0.10024629477595809,0.03756966590833014,0.036957517455704074
135,0.21139993667602539,0.05553955808855488,0.0029999732971191405,1.784161275279017e-07,0.01,"(100, 25, 100)",2,"{'NN__alpha': 0.01, 'NN__hidden_layer_sizes': (100, 25, 100), 'gmm__n_components': 2}",0.0,0.08695652173913045,0.0,0.0,0.0,0.017391304347826087,0.03478260869565218,53,0.02247191011235958,0.0,0.02222222222222225,0.02222222222222225,0.0222222222222222,0.017827715355805258,0.008914382216860337
136,0.17739992141723632,0.013632207248089596,0.00279998779296875,0.0003999471771024199,0.01,"(100, 25, 100)",3,"{'NN__alpha': 0.01, 'NN__hidden_layer_sizes': (100, 25, 100), 'gmm__n_components': 3}",0.0,0.0,0.0,0.0,0.0,0.0,0.0,94,0.0,0.0,0.0,0.0,0.0,0.0,0.0
137,0.1830000877380371,0.010000057220577218,0.003199863433837891,0.0007483791930950463,0.01,"(100, 25, 100)",4,"{'NN__alpha': 0.01, 'NN__hidden_layer_sizes': (100, 25, 100), 'gmm__n_components': 4}",0.0,0.0,0.0,0.0,0.0,0.0,0.0,94,0.0,0.0,0.0,0.0,0.0,0.0,0.0
138,0.18819994926452638,0.007652394437675575,0.0029999732971191405,9.536743164062499e-08,0.01,"(100, 25, 100)",5,"{'NN__alpha': 0.01, 'NN__hidden_layer_sizes': (100, 25, 100), 'gmm__n_components': 5}",0.0,0.0,0.0,0.0,0.0,0.0,0.0,94,0.0,0.0,0.0,0.0,0.0,0.0,0.0
139,0.18959994316101075,0.015994984083749438,0.0026000022888183595,0.0004899208473093903,0.01,"(100, 25, 100)",6,"{'NN__alpha': 0.01, 'NN__hidden_layer_sizes': (100, 25, 100), 'gmm__n_components': 6}",0.0,0.0,0.0,0.0,0.0,0.0,0.0,94,0.0,0.0,0.0,0.0,0.0,0.0,0.0
140,0.18299994468688965,0.00424273779453008,0.003400087356567383,0.0004899792418945042,0.01,"(100, 25, 100)",7,"{'NN__alpha': 0.01, 'NN__hidden_layer_sizes': (100, 25, 100), 'gmm__n_components': 7}",0.0,0.0,0.0,0.0,0.0,0.0,0.0,94,0.0,0.0,0.0,0.0,0.0,0.0,0.0
141,0.21239991188049318,0.014867448090649747,0.003400087356567383,0.0007998943399921081,0.01,"(100, 25, 100)",8,"{'NN__alpha': 0.01, 'NN__hidden_layer_sizes': (100, 25, 100), 'gmm__n_components': 8}",0.0,0.0,0.0,0.0,0.0,0.0,0.0,94,0.0,0.0,0.0,0.0,0.0,0.0,0.0
142,0.2070000648498535,0.01881502437520763,0.003400087356567383,0.000489979265096882,0.01,"(100, 25, 100)",9,"{'NN__alpha': 0.01, 'NN__hidden_layer_sizes': (100, 25, 100), 'gmm__n_components': 9}",0.0,0.0,0.0,0.0,0.0,0.0,0.0,94,0.0,0.0,0.0,0.0,0.0,0.0,0.0
143,0.21860003471374512,0.01261111551489554,0.004799938201904297,0.003124090176402735,0.01,"(100, 25, 100)",10,"{'NN__alpha': 0.01, 'NN__hidden_layer_sizes': (100, 25, 100), 'gmm__n_components': 10}",0.0,0.0,0.0,0.0,0.0,0.0,0.0,94,0.0,0.0,0.0,0.0,0.0,0.0,0.0
144,0.249399995803833,0.015628204559438565,0.0035999774932861327,0.0004898624411217045,0.01,"(100, 25, 100)",15,"{'NN__alpha': 0.01, 'NN__hidden_layer_sizes': (100, 25, 100), 'gmm__n_components': 15}",0.0,0.0,0.0,0.0,0.0,0.0,0.0,94,0.0,0.0,0.0,0.0,0.0,0.0,0.0
145,0.28199992179870603,0.02551075546253665,0.003199911117553711,0.000400018706226792,0.01,"(100, 25, 100)",20,"{'NN__alpha': 0.01, 'NN__hidden_layer_sizes': (100, 25, 100), 'gmm__n_components': 20}",0.0,0.0,0.0,0.0,0.0,0.0,0.0,94,0.0,0.0,0.0,0.0,0.0,0.0,0.0
146,0.3434000015258789,0.033785194280795225,0.0042000293731689455,0.0007483791930950463,0.01,"(100, 25, 100)",25,"{'NN__alpha': 0.01, 'NN__hidden_layer_sizes': (100, 25, 100), 'gmm__n_components': 25}",0.0,0.0,0.0,0.0,0.0,0.0,0.0,94,0.0,0.0,0.0,0.0,0.0,0.0,0.0
147,0.3564000129699707,0.056634267680810056,0.0043999671936035155,0.000799918180073268,0.01,"(100, 25, 100)",30,"{'NN__alpha': 0.01, 'NN__hidden_layer_sizes': (100, 25, 100), 'gmm__n_components': 30}",0.0,0.0,0.0,0.0,0.0,0.0,0.0,94,0.0,0.0,0.0,0.0,0.0,0.0,0.0
148,0.4310000896453857,0.1105349702692264,0.004799890518188477,0.0013266975341455457,0.01,"(100, 25, 100)",35,"{'NN__alpha': 0.01, 'NN__hidden_layer_sizes': (100, 25, 100), 'gmm__n_components': 35}",0.0,0.0,0.0,0.0,0.0,0.0,0.0,94,0.0,0.0,0.0,0.0,0.0,0.0,0.0
149,0.4377999782562256,0.10533653542951374,0.004999971389770508,0.000632409702918353,0.01,"(100, 25, 100)",40,"{'NN__alpha': 0.01, 'NN__hidden_layer_sizes': (100, 25, 100), 'gmm__n_components': 40}",0.0,0.0,0.0,0.0,0.0,0.0,0.0,94,0.0,0.0,0.0,0.0,0.0,0.0,0.0
150,0.08959989547729492,0.002332367086489443,0.00260009765625,0.0004899013824479931,0.001,"(50, 50)",2,"{'NN__alpha': 0.001, 'NN__hidden_layer_sizes': (50, 50), 'gmm__n_components': 2}",0.0,0.0,0.0,0.0,0.0,0.0,0.0,94,0.0,0.0,0.0,0.0,0.0,0.0,0.0
151,0.11559991836547852,0.0037202094499002715,0.00260014533996582,0.0004899403160383116,0.001,"(50, 50)",3,"{'NN__alpha': 0.001, 'NN__hidden_layer_sizes': (50, 50), 'gmm__n_components': 3}",0.0,0.0,0.0,0.0,0.0,0.0,0.0,94,0.0,0.0,0.0,0.0,0.0,0.0,0.0
152,0.09760003089904785,0.002416741855724368,0.0027999401092529295,0.0007483154790181155,0.001,"(50, 50)",4,"{'NN__alpha': 0.001, 'NN__hidden_layer_sizes': (50, 50), 'gmm__n_components': 4}",0.0,0.0,0.0,0.0,0.0,0.0,0.0,94,0.0,0.0,0.0,0.0,0.0,0.0,0.0
153,0.09580006599426269,0.004707508956330239,0.00279998779296875,0.0003999471771024199,0.001,"(50, 50)",5,"{'NN__alpha': 0.001, 'NN__hidden_layer_sizes': (50, 50), 'gmm__n_components': 5}",0.0,0.0,0.0,0.0,0.0,0.0,0.0,94,0.0,0.0,0.0,0.0,0.0,0.0,0.0
154,0.10659990310668946,0.004317557578162115,0.0026000022888183595,0.0004899208473093903,0.001,"(50, 50)",6,"{'NN__alpha': 0.001, 'NN__hidden_layer_sizes': (50, 50), 'gmm__n_components': 6}",0.0,0.0,0.0,0.0,0.0,0.0,0.0,94,0.0,0.0,0.0,0.0,0.0,0.0,0.0
155,0.10440001487731934,0.0025768994507459997,0.0033999919891357423,0.0008000612312197759,0.001,"(50, 50)",7,"{'NN__alpha': 0.001, 'NN__hidden_layer_sizes': (50, 50), 'gmm__n_components': 7}",0.0,0.0,0.0,0.0,0.0,0.0,0.0,94,0.0,0.0,0.0,0.0,0.0,0.0,0.0
156,0.10679998397827148,0.004833168004180185,0.0027999401092529295,0.00040004254453151935,0.001,"(50, 50)",8,"{'NN__alpha': 0.001, 'NN__hidden_layer_sizes': (50, 50), 'gmm__n_components': 8}",0.0,0.0,0.0,0.0,0.0,0.0,0.0,94,0.0,0.0,0.0,0.0,0.0,0.0,0.0
157,0.11960000991821289,0.007445929267713385,0.0024000167846679687,0.0004899013824479931,0.001,"(50, 50)",9,"{'NN__alpha': 0.001, 'NN__hidden_layer_sizes': (50, 50), 'gmm__n_components': 9}",0.0,0.0,0.0,0.0,0.0,0.0,0.0,94,0.0,0.0,0.0,0.0,0.0,0.0,0.0
158,0.12459993362426758,0.010892268506717429,0.002800178527832031,0.00040004254453151935,0.001,"(50, 50)",10,"{'NN__alpha': 0.001, 'NN__hidden_layer_sizes': (50, 50), 'gmm__n_components': 10}",0.0,0.0,0.0,0.0,0.0,0.0,0.0,94,0.0,0.0,0.0,0.0,0.0,0.0,0.0
159,0.13080010414123536,0.004020040837178064,0.00279998779296875,0.0004000663757324219,0.001,"(50, 50)",15,"{'NN__alpha': 0.001, 'NN__hidden_layer_sizes': (50, 50), 'gmm__n_components': 15}",0.0,0.0,0.0,0.0,0.0,0.0,0.0,94,0.0,0.0,0.0,0.0,0.0,0.0,0.0
160,0.15580015182495116,0.008657928141831243,0.0036000728607177733,0.0004898429878647236,0.001,"(50, 50)",20,"{'NN__alpha': 0.001, 'NN__hidden_layer_sizes': (50, 50), 'gmm__n_components': 20}",0.0,0.0,0.0,0.0,0.0,0.0,0.0,94,0.0,0.0,0.0,0.0,0.0,0.0,0.0
161,0.18340010643005372,0.010326694562771311,0.003999948501586914,0.0006325604812815834,0.001,"(50, 50)",25,"{'NN__alpha': 0.001, 'NN__hidden_layer_sizes': (50, 50), 'gmm__n_components': 25}",0.0,0.0,0.0,0.0,0.0,0.0,0.0,94,0.0,0.0,0.0,0.0,0.0,0.0,0.0
162,0.2130000114440918,0.0014141785058420214,0.0039999961853027345,0.0006323343002544818,0.001,"(50, 50)",30,"{'NN__alpha': 0.001, 'NN__hidden_layer_sizes': (50, 50), 'gmm__n_components': 30}",0.0,0.0,0.0,0.0,0.0,0.0,0.0,94,0.0,0.0,0.0,0.0,0.06485680561595322,0.012971361123190644,0.02594272224638129
163,0.2124000072479248,0.004079139715052959,0.004400062561035156,0.0004899403392425328,0.001,"(50, 50)",35,"{'NN__alpha': 0.001, 'NN__hidden_layer_sizes': (50, 50), 'gmm__n_components': 35}",0.0,0.16492890995260664,0.0,0.0,0.0,0.03298578199052133,0.06597156398104265,45,0.0,0.042870140484525164,0.0,0.022127767960902333,0.0,0.012999581689085498,0.017219416015872457
164,0.27099995613098143,0.06049123420593502,0.005200052261352539,0.001166318478315723,0.001,"(50, 50)",40,"{'NN__alpha': 0.001, 'NN__hidden_layer_sizes': (50, 50), 'gmm__n_components': 40}",0.0,0.0,0.0,0.0,0.0,0.0,0.0,94,0.0,0.0,0.0,0.0,0.0,0.0,0.0
165,0.09459991455078125,0.008867942657554997,0.002000093460083008,1.5078914929239175e-07,0.001,"(50,)",2,"{'NN__alpha': 0.001, 'NN__hidden_layer_sizes': (50,), 'gmm__n_components': 2}",0.0,0.0,0.0,0.0,0.0,0.0,0.0,94,0.0,0.0,0.0,0.0,0.0,0.0,0.0
166,0.07999997138977051,0.008831741646041738,0.0022000789642333983,0.00039997103672454983,0.001,"(50,)",3,"{'NN__alpha': 0.001, 'NN__hidden_layer_sizes': (50,), 'gmm__n_components': 3}",0.0,0.0,0.0,0.0,0.0,0.0,0.0,94,0.0,0.0,0.0,0.0,0.0,0.0,0.0
167,0.08980002403259277,0.007678633317065627,0.002400064468383789,0.0004898624643296147,0.001,"(50,)",4,"{'NN__alpha': 0.001, 'NN__hidden_layer_sizes': (50,), 'gmm__n_components': 4}",0.0,0.0,0.0,0.0,0.0,0.0,0.0,94,0.0,0.0,0.0,0.0,0.0,0.0,0.0
168,0.08959994316101075,0.006280211297127735,0.0020000457763671873,9.536743164062499e-08,0.001,"(50,)",5,"{'NN__alpha': 0.001, 'NN__hidden_layer_sizes': (50,), 'gmm__n_components': 5}",0.0,0.0,0.22307692307692312,0.0,0.0,0.044615384615384626,0.08923076923076925,38,0.0,0.0,0.4203449759819492,0.021849162186802506,0.0,0.08843882763375034,0.1661686814988731
169,0.0630000114440918,0.006418777410434288,0.001999950408935547,1.1680077279964343e-07,0.001,"(50,)",6,"{'NN__alpha': 0.001, 'NN__hidden_layer_sizes': (50,), 'gmm__n_components': 6}",0.0,0.0,0.0,0.0,0.08695652173913043,0.01730257320319432,0.03471588315792304,58,0.0,0.0,0.0,0.0,0.0,0.0,0.0
170,0.06899995803833008,0.00275692128423841,0.0021999835968017577,0.000400018706226792,0.001,"(50,)",7,"{'NN__alpha': 0.001, 'NN__hidden_layer_sizes': (50,), 'gmm__n_components': 7}",0.0,0.0,0.0,0.0,0.0,0.0,0.0,94,0.0,0.0,0.0,0.0,0.0,0.0,0.0
171,0.11499991416931152,0.00485795493267906,0.0021999835968017577,0.00039989949338787065,0.001,"(50,)",8,"{'NN__alpha': 0.001, 'NN__hidden_layer_sizes': (50,), 'gmm__n_components': 8}",0.0,0.0,0.0,0.0,0.0,0.0,0.0,94,0.0,0.0,0.0,0.0,0.0,0.0,0.0
172,0.07439990043640136,0.004127996219826299,0.0020000457763671873,9.536743164062499e-08,0.001,"(50,)",9,"{'NN__alpha': 0.001, 'NN__hidden_layer_sizes': (50,), 'gmm__n_components': 9}",0.0,0.0,0.0,0.0,0.0,0.0,0.0,94,0.0,0.0,0.0,0.0,0.0,0.0,0.0
173,0.10460009574890136,0.002727568009701986,0.002599954605102539,0.0004898819214545809,0.001,"(50,)",10,"{'NN__alpha': 0.001, 'NN__hidden_layer_sizes': (50,), 'gmm__n_components': 10}",0.0,0.0,0.0,0.0,0.0,0.0,0.0,94,0.0,0.0,0.0,0.0,0.043710356088676725,0.008742071217735344,0.01748414243547069
174,0.11959991455078126,0.0022448317165560594,0.0026000022888183595,0.000490018183218949,0.001,"(50,)",15,"{'NN__alpha': 0.001, 'NN__hidden_layer_sizes': (50,), 'gmm__n_components': 15}",0.0,0.0,0.0,0.0,0.0,0.0,0.0,94,0.0,0.0,0.0,0.0,0.0,0.0,0.0
175,0.11899995803833008,0.006602962650971228,0.003400087356567383,0.0004898819214545809,0.001,"(50,)",20,"{'NN__alpha': 0.001, 'NN__hidden_layer_sizes': (50,), 'gmm__n_components': 20}",0.0,0.0,0.0,0.0,0.0,0.0,0.0,94,0.0,0.0,0.0,0.0,0.0,0.0,0.0
176,0.18699989318847657,0.009055392299905792,0.0031999588012695313,0.00039999486081696955,0.001,"(50,)",25,"{'NN__alpha': 0.001, 'NN__hidden_layer_sizes': (50,), 'gmm__n_components': 25}",0.08197879858657246,0.0,0.0,0.23293172690763056,0.0,0.06306575693413302,0.0906923951765276,27,0.022125654616939685,0.043956043956044015,0.08555030696557996,0.1256383603742036,0.0,0.055454073182553444,0.045054988290392485
177,0.22060003280639648,0.005747887015458368,0.0035999774932861327,0.0004898624643296147,0.001,"(50,)",30,"{'NN__alpha': 0.001, 'NN__hidden_layer_sizes': (50,), 'gmm__n_components': 30}",0.0,0.0,0.0,0.0,0.30034722222222215,0.05976296768707482,0.11990841934494423,30,0.32977461447212386,0.043956043956044015,0.06512673944618853,0.04389427479710746,0.3421297733623095,0.16497628920675467,0.13987031959651108
178,0.16259984970092772,0.004498897605143069,0.004000043869018555,0.0010954527788955392,0.001,"(50,)",35,"{'NN__alpha': 0.001, 'NN__hidden_layer_sizes': (50,), 'gmm__n_components': 35}",0.0,0.0,0.0,0.0,0.0,0.0,0.0,94,0.0,0.0,0.0,0.0,0.0,0.0,0.0
179,0.22800016403198242,0.04006493429576222,0.0041999340057373045,0.0003999710083007813,0.001,"(50,)",40,"{'NN__alpha': 0.001, 'NN__hidden_layer_sizes': (50,), 'gmm__n_components': 40}",0.0,0.08463035019455253,0.0,0.0,0.0,0.016926070038910508,0.03385214007782101,66,0.0,0.06423389146474846,0.0,0.0,0.0651268695123282,0.025872152195415332,0.03168804395688455
180,0.04239997863769531,0.001496726522573019,0.002400064468383789,0.0004897651206850097,0.001,"(25,)",2,"{'NN__alpha': 0.001, 'NN__hidden_layer_sizes': (25,), 'gmm__n_components': 2}",0.0,0.0,0.0,0.0,0.0,0.0,0.0,94,0.0,0.0,0.0,0.0,0.0,0.0,0.0
181,0.05500006675720215,0.0023664014469683206,0.0019999027252197267,9.536743164062499e-08,0.001,"(25,)",3,"{'NN__alpha': 0.001, 'NN__hidden_layer_sizes': (25,), 'gmm__n_components': 3}",0.0,0.0,0.0,0.0,0.0,0.0,0.0,94,0.0,0.0,0.0,0.0,0.0,0.0,0.0
182,0.061399984359741214,0.005083376582160499,0.002000093460083008,1.5078914929239175e-07,0.001,"(25,)",4,"{'NN__alpha': 0.001, 'NN__hidden_layer_sizes': (25,), 'gmm__n_components': 4}",0.0,0.0,0.0,0.0,0.0,0.0,0.0,94,0.0,0.0,0.0,0.0,0.0,0.0,0.0
183,0.06119999885559082,0.026468017522149535,0.002400064468383789,0.0004897651206850097,0.001,"(25,)",5,"{'NN__alpha': 0.001, 'NN__hidden_layer_sizes': (25,), 'gmm__n_components': 5}",0.666666666666665,0.6666666666666669,0.6666666666666673,0.6666666666666673,0.0,0.5340136054421768,0.2661551042107433,1,0.666666666666665,0.6666666666666713,0.666666666666672,0.6666666666666718,0.0,0.533333333333336,0.266666666666668
184,0.07539997100830079,0.0022449888942559374,0.002400064468383789,0.0004897651206850096,0.001,"(25,)",6,"{'NN__alpha': 0.001, 'NN__hidden_layer_sizes': (25,), 'gmm__n_components': 6}",0.0,0.0,0.0,0.0,0.0,0.0,0.0,94,0.0,0.0,0.0,0.0,0.0,0.0,0.0
185,0.08559994697570801,0.006945455973504798,0.002000093460083008,1.5078914929239175e-07,0.001,"(25,)",7,"{'NN__alpha': 0.001, 'NN__hidden_layer_sizes': (25,), 'gmm__n_components': 7}",0.0,0.08695652173913045,0.22413052812365825,0.3804664723032069,0.0,0.1383107044331991,0.14621997951905608,15,0.0,0.04383267899657858,0.3948022438400913,0.3545746076478309,0.0,0.15864190609690015,0.17758209145491716
186,0.08539986610412598,0.0037201658709217727,0.002400064468383789,0.0004898624411217045,0.001,"(25,)",8,"{'NN__alpha': 0.001, 'NN__hidden_layer_sizes': (25,), 'gmm__n_components': 8}",0.5653021442495128,0.15992647058823528,0.0,0.0,0.0,0.1456225618902532,0.21942824751155354,9,0.4306813096016806,0.11909181779237484,0.0,0.0,0.0,0.1099546254788111,0.16686470758334898
187,0.06700005531311035,0.002529733017182433,0.0019998550415039062,0.0,0.001,"(25,)",9,"{'NN__alpha': 0.001, 'NN__hidden_layer_sizes': (25,), 'gmm__n_components': 9}",0.0,0.0,0.0,0.0,0.0,0.0,0.0,94,0.0,0.0,0.0,0.0,0.0,0.0,0.0
188,0.07099995613098145,0.007641947041147673,0.0024000167846679687,0.0004899014056540585,0.001,"(25,)",10,"{'NN__alpha': 0.001, 'NN__hidden_layer_sizes': (25,), 'gmm__n_components': 10}",0.0,0.0,0.0,0.0,0.0,0.0,0.0,94,0.0,0.0,0.0,0.0,0.0,0.0,0.0
189,0.12080001831054688,0.007730489860424686,0.002599954605102539,0.0004899792418945042,0.001,"(25,)",15,"{'NN__alpha': 0.001, 'NN__hidden_layer_sizes': (25,), 'gmm__n_components': 15}",0.08287687544653492,0.0,0.0,0.0,0.0,0.01665994332955855,0.033214008137020315,86,0.02237640657447805,0.022190647998850586,0.0,0.0,0.0,0.008913410914665727,0.010916812347263513
190,0.14880003929138183,0.006764528128866734,0.00260009765625,0.0004899013824479931,0.001,"(25,)",20,"{'NN__alpha': 0.001, 'NN__hidden_layer_sizes': (25,), 'gmm__n_components': 20}",0.0,0.0,0.0,0.08648111332007953,0.0,0.017296222664015908,0.03459244532803181,62,0.0,0.0,0.1792237933553962,0.022127767960902333,0.0,0.04027031226325971,0.07000330845142545
191,0.18319997787475586,0.02248905683461652,0.0031999588012695313,0.0003999948892390431,0.001,"(25,)",25,"{'NN__alpha': 0.001, 'NN__hidden_layer_sizes': (25,), 'gmm__n_components': 25}",0.15350683722981917,0.0,0.0,0.0,0.0,0.03085800707579018,0.061519903029267,49,0.3473309046911377,0.0,0.0,0.02222222222222225,0.0,0.07391062538267199,0.13698078828198473
192,0.18460006713867189,0.012240977494623441,0.0033999919891357423,0.0004898624411217045,0.001,"(25,)",30,"{'NN__alpha': 0.001, 'NN__hidden_layer_sizes': (25,), 'gmm__n_components': 30}",0.08242539081004266,0.2317939609236235,0.0,0.15598386373823397,0.08695652173913043,0.11142732383921725,0.07788533819287402,17,0.1465869201681307,0.124305069083213,0.0,0.19327030033370426,0.08543415217958349,0.1099192883529263,0.06508552673800216
193,0.22340006828308107,0.01816150625086972,0.0032000064849853514,0.0003999710083007813,0.001,"(25,)",35,"{'NN__alpha': 0.001, 'NN__hidden_layer_sizes': (25,), 'gmm__n_components': 35}",0.0,0.0,0.0,0.45686421605401345,0.0,0.09137284321080269,0.18274568642160538,21,0.0,0.0,0.02222222222222225,0.2717320474390722,0.0,0.05879085393225889,0.10681789198023242
194,0.2172001361846924,0.04255536419344024,0.004600000381469726,0.0011998653459240067,0.001,"(25,)",40,"{'NN__alpha': 0.001, 'NN__hidden_layer_sizes': (25,), 'gmm__n_components': 40}",0.0,0.0,0.0,0.0,0.0,0.0,0.0,94,0.10708947749580132,0.0,0.043956043956044015,0.043346066890153634,0.0222222222222222,0.043322762112844235,0.035745461475545255
195,0.0735999584197998,0.0019596055007843898,0.0021999835968017577,0.000400018706226792,0.001,"(25, 25)",2,"{'NN__alpha': 0.001, 'NN__hidden_layer_sizes': (25, 25), 'gmm__n_components': 2}",0.0,0.0,0.0,0.0,0.0,0.0,0.0,94,0.0,0.0,0.0,0.0,0.0,0.0,0.0
196,0.06620001792907715,0.00248196233577468,0.001999950408935547,1.1680077279964343e-07,0.001,"(25, 25)",3,"{'NN__alpha': 0.001, 'NN__hidden_layer_sizes': (25, 25), 'gmm__n_components': 3}",0.0,0.0,0.0,0.0,0.0,0.0,0.0,94,0.0,0.0,0.0,0.0,0.0,0.0,0.0
197,0.11900010108947753,0.005176800387771033,0.0021999835968017577,0.000400018706226792,0.001,"(25, 25)",4,"{'NN__alpha': 0.001, 'NN__hidden_layer_sizes': (25, 25), 'gmm__n_components': 4}",0.0,0.0,0.0,0.0,0.0,0.0,0.0,94,0.0,0.0,0.0,0.0,0.0,0.0,0.0
198,0.07519998550415039,0.003919230466188669,0.0022000789642333983,0.00039997103672454983,0.001,"(25, 25)",5,"{'NN__alpha': 0.001, 'NN__hidden_layer_sizes': (25, 25), 'gmm__n_components': 5}",0.0,0.0,0.0,0.0,0.0,0.0,0.0,94,0.0,0.0,0.0,0.021849162186802506,0.0,0.004369832437360501,0.008739664874721002
199,0.1212000846862793,0.00719444975460583,0.0019998550415039062,0.0,0.001,"(25, 25)",6,"{'NN__alpha': 0.001, 'NN__hidden_layer_sizes': (25, 25), 'gmm__n_components': 6}",0.0,0.0,0.08463035019455253,0.0,0.0,0.016926070038910508,0.03385214007782101,66,0.0,0.18060548313049518,0.1621653152890394,0.0,0.0,0.06855415968390692,0.08416360967753236
200,0.07359991073608399,0.0030724684078753017,0.0023999691009521486,0.0007999897216339391,0.001,"(25, 25)",7,"{'NN__alpha': 0.001, 'NN__hidden_layer_sizes': (25, 25), 'gmm__n_components': 7}",0.0,0.0,0.0,0.0,0.0,0.0,0.0,94,0.0,0.0,0.0,0.0,0.0,0.0,0.0
201,0.1204000473022461,0.004963916982220656,0.0021999359130859377,0.00040004254453151935,0.001,"(25, 25)",8,"{'NN__alpha': 0.001, 'NN__hidden_layer_sizes': (25, 25), 'gmm__n_components': 8}",0.0,0.0,0.0,0.08463035019455253,0.0,0.016926070038910508,0.033852140077821016,66,0.0,0.0,0.0,0.16258736146445607,0.0,0.03251747229289122,0.06503494458578243
202,0.10619997978210449,0.002315139635957861,0.00260009765625,0.0007999658637887706,0.001,"(25, 25)",9,"{'NN__alpha': 0.001, 'NN__hidden_layer_sizes': (25, 25), 'gmm__n_components': 9}",0.0,0.0,0.2880794701986755,0.0,0.0,0.057615894039735105,0.11523178807947021,33,0.044382004533989015,0.0,0.40243196294151756,0.0,0.0,0.08936279349510132,0.15747552369633663
203,0.13859996795654297,0.00956247140534567,0.0021999835968017577,0.000400018706226792,0.001,"(25, 25)",10,"{'NN__alpha': 0.001, 'NN__hidden_layer_sizes': (25, 25), 'gmm__n_components': 10}",0.0,0.0,0.0,0.08463035019455253,0.0,0.016926070038910508,0.033852140077821016,66,0.0,0.0,0.0,0.16258736146445607,0.0,0.03251747229289122,0.06503494458578243
204,0.10140004158020019,0.0060531559434744645,0.0028000354766845705,0.00039997103672454983,0.001,"(25, 25)",15,"{'NN__alpha': 0.001, 'NN__hidden_layer_sizes': (25, 25), 'gmm__n_components': 15}",0.0,0.0,0.0,0.0,0.0,0.0,0.0,94,0.0,0.0,0.0,0.0,0.0,0.0,0.0
205,0.14059982299804688,0.009264959671287223,0.0028000831604003905,0.00039987566929968805,0.001,"(25, 25)",20,"{'NN__alpha': 0.001, 'NN__hidden_layer_sizes': (25, 25), 'gmm__n_components': 20}",0.08333333333333336,0.0,0.0,0.0,0.0,0.016751700680272114,0.03339693969524624,82,0.04425764956856758,0.0,0.0,0.0,0.0,0.008851529913713515,0.01770305982742703
206,0.15600004196166992,0.03782588197610899,0.0031999588012695313,0.00039999486081696955,0.001,"(25, 25)",25,"{'NN__alpha': 0.001, 'NN__hidden_layer_sizes': (25, 25), 'gmm__n_components': 25}",0.666666666666665,0.6666666666666669,0.0,0.6666666666666673,0.6666666666666673,0.5333333333333333,0.26666666666666666,5,0.666666666666665,0.6666666666666713,0.0,0.6666666666666718,0.6666666666666696,0.5333333333333355,0.2666666666666678
207,0.19460000991821289,0.004498874286494548,0.0038000106811523437,0.00039999486081696955,0.001,"(25, 25)",30,"{'NN__alpha': 0.001, 'NN__hidden_layer_sizes': (25, 25), 'gmm__n_components': 30}",0.08333333333333336,0.0,0.08695652173913045,0.0,0.0,0.0341430050280982,0.04174347372864622,42,0.0,0.0650363392495088,0.0650363392495088,0.0,0.0,0.02601453569980352,0.031861169179967765
208,0.20779986381530763,0.007599923486258379,0.004000043869018555,1.1680077279964342e-07,0.001,"(25, 25)",35,"{'NN__alpha': 0.001, 'NN__hidden_layer_sizes': (25, 25), 'gmm__n_components': 35}",0.0,0.0,0.0,0.0,0.0,0.0,0.0,94,0.21969337758811477,0.0,0.0,0.0,0.022190693299749695,0.04837681417757289,0.08608835725618237
209,0.2012000560760498,0.04053337157557612,0.004399919509887695,0.0007999420166015626,0.001,"(25, 25)",40,"{'NN__alpha': 0.001, 'NN__hidden_layer_sizes': (25, 25), 'gmm__n_components': 40}",0.0,0.0,0.0,0.0,0.08070912059715417,0.01605946787392353,0.032221716604939526,90,0.044195733045054274,0.04340630172063835,0.0,0.0,0.10024629477595809,0.03756966590833014,0.036957517455704074
210,0.21640000343322754,0.029736157791883246,0.0024000167846679687,0.0004899013824479931,0.001,"(100, 25, 100)",2,"{'NN__alpha': 0.001, 'NN__hidden_layer_sizes': (100, 25, 100), 'gmm__n_components': 2}",0.0,0.08695652173913045,0.0,0.0,0.0,0.017391304347826087,0.03478260869565218,53,0.02247191011235958,0.0,0.02222222222222225,0.02222222222222225,0.0222222222222222,0.017827715355805258,0.008914382216860337
211,0.16920008659362792,0.014302444905523543,0.0031999588012695313,0.0009797832855306247,0.001,"(100, 25, 100)",3,"{'NN__alpha': 0.001, 'NN__hidden_layer_sizes': (100, 25, 100), 'gmm__n_components': 3}",0.0,0.0,0.0,0.0,0.0,0.0,0.0,94,0.0,0.0,0.0,0.0,0.0,0.0,0.0
212,0.17699990272521973,0.007797420701668985,0.0032000064849853514,0.0003999710083007813,0.001,"(100, 25, 100)",4,"{'NN__alpha': 0.001, 'NN__hidden_layer_sizes': (100, 25, 100), 'gmm__n_components': 4}",0.0,0.0,0.0,0.0,0.0,0.0,0.0,94,0.0,0.0,0.0,0.0,0.0,0.0,0.0
213,0.17880005836486818,0.009152159848603363,0.0028000831604003905,0.00039999486081696955,0.001,"(100, 25, 100)",5,"{'NN__alpha': 0.001, 'NN__hidden_layer_sizes': (100, 25, 100), 'gmm__n_components': 5}",0.0,0.0,0.0,0.0,0.0,0.0,0.0,94,0.0,0.0,0.0,0.0,0.0,0.0,0.0
214,0.18220000267028807,0.010380869952935388,0.0027999401092529295,0.0007483154790181155,0.001,"(100, 25, 100)",6,"{'NN__alpha': 0.001, 'NN__hidden_layer_sizes': (100, 25, 100), 'gmm__n_components': 6}",0.0,0.0,0.0,0.0,0.0,0.0,0.0,94,0.0,0.0,0.0,0.0,0.0,0.0,0.0
215,0.19860000610351564,0.012338597625726394,0.00260009765625,0.0004899013824479931,0.001,"(100, 25, 100)",7,"{'NN__alpha': 0.001, 'NN__hidden_layer_sizes': (100, 25, 100), 'gmm__n_components': 7}",0.0,0.0,0.0,0.0,0.0,0.0,0.0,94,0.0,0.0,0.0,0.0,0.0,0.0,0.0
216,0.1909998893737793,0.008366540993271873,0.0034000396728515623,0.0004899208473093903,0.001,"(100, 25, 100)",8,"{'NN__alpha': 0.001, 'NN__hidden_layer_sizes': (100, 25, 100), 'gmm__n_components': 8}",0.0,0.0,0.0,0.0,0.0,0.0,0.0,94,0.0,0.0,0.0,0.0,0.0,0.0,0.0
217,0.2161999225616455,0.011923120909775336,0.003800058364868164,0.000748366450713617,0.001,"(100, 25, 100)",9,"{'NN__alpha': 0.001, 'NN__hidden_layer_sizes': (100, 25, 100), 'gmm__n_components': 9}",0.0,0.0,0.0,0.0,0.0,0.0,0.0,94,0.0,0.0,0.0,0.0,0.0,0.0,0.0
218,0.22339992523193358,0.018249421645244412,0.0030000686645507814,9.5367431640625e-08,0.001,"(100, 25, 100)",10,"{'NN__alpha': 0.001, 'NN__hidden_layer_sizes': (100, 25, 100), 'gmm__n_components': 10}",0.0,0.0,0.0,0.0,0.0,0.0,0.0,94,0.0,0.0,0.0,0.0,0.0,0.0,0.0
219,0.2558000564575195,0.005810308412005164,0.003800058364868164,0.0016000747751715016,0.001,"(100, 25, 100)",15,"{'NN__alpha': 0.001, 'NN__hidden_layer_sizes': (100, 25, 100), 'gmm__n_components': 15}",0.0,0.0,0.0,0.0,0.0,0.0,0.0,94,0.0,0.0,0.0,0.0,0.0,0.0,0.0
220,0.2735999584197998,0.02412130962404526,0.004199886322021484,0.000748353705076902,0.001,"(100, 25, 100)",20,"{'NN__alpha': 0.001, 'NN__hidden_layer_sizes': (100, 25, 100), 'gmm__n_components': 20}",0.0,0.0,0.0,0.0,0.0,0.0,0.0,94,0.0,0.0,0.0,0.0,0.0,0.0,0.0
221,0.34079995155334475,0.018280037181925984,0.003800058364868164,0.000400018706226792,0.001,"(100, 25, 100)",25,"{'NN__alpha': 0.001, 'NN__hidden_layer_sizes': (100, 25, 100), 'gmm__n_components': 25}",0.0,0.0,0.0,0.0,0.0,0.0,0.0,94,0.0,0.0,0.0,0.0,0.0,0.0,0.0
222,0.32579994201660156,0.02406164468134215,0.0042000293731689455,0.00040004254453151935,0.001,"(100, 25, 100)",30,"{'NN__alpha': 0.001, 'NN__hidden_layer_sizes': (100, 25, 100), 'gmm__n_components': 30}",0.0,0.0,0.0,0.0,0.0,0.0,0.0,94,0.0,0.0,0.0,0.0,0.0,0.0,0.0
223,0.3730000019073486,0.031234571912540914,0.004800033569335937,0.00040004254453151935,0.001,"(100, 25, 100)",35,"{'NN__alpha': 0.001, 'NN__hidden_layer_sizes': (100, 25, 100), 'gmm__n_components': 35}",0.0,0.0,0.0,0.0,0.0,0.0,0.0,94,0.0,0.0,0.0,0.0,0.0,0.0,0.0
224,0.3860000133514404,0.03570434454985794,0.005399942398071289,0.0010198328566057833,0.001,"(100, 25, 100)",40,"{'NN__alpha': 0.001, 'NN__hidden_layer_sizes': (100, 25, 100), 'gmm__n_components': 40}",0.0,0.0,0.0,0.0,0.0,0.0,0.0,94,0.0,0.0,0.0,0.0,0.0,0.0,0.0
225,0.09280009269714355,0.005268770563011399,0.0023999691009521486,0.000489940339242533,0.0001,"(50, 50)",2,"{'NN__alpha': 0.0001, 'NN__hidden_layer_sizes': (50, 50), 'gmm__n_components': 2}",0.0,0.0,0.0,0.0,0.0,0.0,0.0,94,0.0,0.0,0.0,0.0,0.0,0.0,0.0
226,0.11500000953674316,0.003577769328037495,0.0024000167846679687,0.0004899987222241536,0.0001,"(50, 50)",3,"{'NN__alpha': 0.0001, 'NN__hidden_layer_sizes': (50, 50), 'gmm__n_components': 3}",0.0,0.0,0.0,0.0,0.0,0.0,0.0,94,0.0,0.0,0.0,0.0,0.0,0.0,0.0
227,0.09579997062683106,0.003969887187353019,0.00279998779296875,0.0003999471771024199,0.0001,"(50, 50)",4,"{'NN__alpha': 0.0001, 'NN__hidden_layer_sizes': (50, 50), 'gmm__n_components': 4}",0.0,0.0,0.0,0.0,0.0,0.0,0.0,94,0.0,0.0,0.0,0.0,0.0,0.0,0.0
228,0.09759998321533203,0.004630341056450299,0.002599954605102539,0.0004898819214545809,0.0001,"(50, 50)",5,"{'NN__alpha': 0.0001, 'NN__hidden_layer_sizes': (50, 50), 'gmm__n_components': 5}",0.0,0.0,0.0,0.0,0.0,0.0,0.0,94,0.0,0.0,0.0,0.0,0.0,0.0,0.0
229,0.10620002746582032,0.0057757447004934,0.0026000499725341796,0.0004898624411217045,0.0001,"(50, 50)",6,"{'NN__alpha': 0.0001, 'NN__hidden_layer_sizes': (50, 50), 'gmm__n_components': 6}",0.0,0.0,0.0,0.0,0.0,0.0,0.0,94,0.0,0.0,0.0,0.0,0.0,0.0,0.0
230,0.09780006408691407,0.0019391281302269473,0.002400064468383789,0.0004898624411217045,0.0001,"(50, 50)",7,"{'NN__alpha': 0.0001, 'NN__hidden_layer_sizes': (50, 50), 'gmm__n_components': 7}",0.0,0.0,0.0,0.0,0.0,0.0,0.0,94,0.0,0.0,0.0,0.0,0.0,0.0,0.0
231,0.10560002326965331,0.0029393433595306063,0.003399944305419922,0.0004899013824479931,0.0001,"(50, 50)",8,"{'NN__alpha': 0.0001, 'NN__hidden_layer_sizes': (50, 50), 'gmm__n_components': 8}",0.0,0.0,0.0,0.0,0.0,0.0,0.0,94,0.0,0.0,0.0,0.0,0.0,0.0,0.0
232,0.11840004920959472,0.007445825523330388,0.0026000022888183595,0.0004899208705145337,0.0001,"(50, 50)",9,"{'NN__alpha': 0.0001, 'NN__hidden_layer_sizes': (50, 50), 'gmm__n_components': 9}",0.0,0.0,0.0,0.0,0.0,0.0,0.0,94,0.0,0.0,0.0,0.0,0.0,0.0,0.0
233,0.11919999122619629,0.00614481886326536,0.003000020980834961,0.0006324096921322909,0.0001,"(50, 50)",10,"{'NN__alpha': 0.0001, 'NN__hidden_layer_sizes': (50, 50), 'gmm__n_components': 10}",0.0,0.0,0.0,0.0,0.0,0.0,0.0,94,0.0,0.0,0.0,0.0,0.0,0.0,0.0
234,0.13020014762878418,0.00483327060795258,0.0029999732971191405,1.784161275279017e-07,0.0001,"(50, 50)",15,"{'NN__alpha': 0.0001, 'NN__hidden_layer_sizes': (50, 50), 'gmm__n_components': 15}",0.0,0.0,0.0,0.0,0.0,0.0,0.0,94,0.0,0.0,0.0,0.0,0.0,0.0,0.0
235,0.15180001258850098,0.005153674916512237,0.0033999919891357423,0.0004898624411217045,0.0001,"(50, 50)",20,"{'NN__alpha': 0.0001, 'NN__hidden_layer_sizes': (50, 50), 'gmm__n_components': 20}",0.0,0.0,0.0,0.0,0.0,0.0,0.0,94,0.0,0.0,0.0,0.0,0.0,0.0,0.0
236,0.17739992141723632,0.010818537486774242,0.0036000728607177733,0.0004900376480808073,0.0001,"(50, 50)",25,"{'NN__alpha': 0.0001, 'NN__hidden_layer_sizes': (50, 50), 'gmm__n_components': 25}",0.0,0.0,0.0,0.0,0.0,0.0,0.0,94,0.0,0.0,0.0,0.0,0.0,0.0,0.0
237,0.2128000259399414,0.004791588773391632,0.004000043869018555,1.1680077279964342e-07,0.0001,"(50, 50)",30,"{'NN__alpha': 0.0001, 'NN__hidden_layer_sizes': (50, 50), 'gmm__n_components': 30}",0.0,0.0,0.0,0.0,0.0,0.0,0.0,94,0.0,0.0,0.0,0.0,0.06485680561595322,0.012971361123190644,0.02594272224638129
238,0.21140012741088868,0.007605352145872877,0.003999948501586914,0.0006324096921322909,0.0001,"(50, 50)",35,"{'NN__alpha': 0.0001, 'NN__hidden_layer_sizes': (50, 50), 'gmm__n_components': 35}",0.0,0.16492890995260664,0.0,0.0,0.0,0.03298578199052133,0.06597156398104265,45,0.0,0.042870140484525164,0.0,0.022127767960902333,0.0,0.012999581689085498,0.017219416015872457
239,0.25219998359680174,0.04211130254172844,0.004599905014038086,0.0004898624411217045,0.0001,"(50, 50)",40,"{'NN__alpha': 0.0001, 'NN__hidden_layer_sizes': (50, 50), 'gmm__n_components': 40}",0.0,0.0,0.0,0.0,0.0,0.0,0.0,94,0.0,0.0,0.0,0.0,0.0,0.0,0.0
240,0.08339982032775879,0.002576740308048692,0.0020000457763671873,1.7841612752790173e-07,0.0001,"(50,)",2,"{'NN__alpha': 0.0001, 'NN__hidden_layer_sizes': (50,), 'gmm__n_components': 2}",0.0,0.0,0.0,0.0,0.0,0.0,0.0,94,0.0,0.0,0.0,0.0,0.0,0.0,0.0
241,0.06459999084472656,0.0019596979712957494,0.0023999691009521486,0.0004899403160383115,0.0001,"(50,)",3,"{'NN__alpha': 0.0001, 'NN__hidden_layer_sizes': (50,), 'gmm__n_components': 3}",0.0,0.0,0.0,0.0,0.0,0.0,0.0,94,0.0,0.0,0.0,0.0,0.0,0.0,0.0
242,0.07619991302490234,0.002135332333846392,0.002000093460083008,0.0,0.0001,"(50,)",4,"{'NN__alpha': 0.0001, 'NN__hidden_layer_sizes': (50,), 'gmm__n_components': 4}",0.0,0.0,0.0,0.0,0.0,0.0,0.0,94,0.0,0.0,0.0,0.0,0.0,0.0,0.0
243,0.08880000114440918,0.008109207195412388,0.00260009765625,0.0012000083923339843,0.0001,"(50,)",5,"{'NN__alpha': 0.0001, 'NN__hidden_layer_sizes': (50,), 'gmm__n_components': 5}",0.0,0.0,0.22307692307692312,0.0,0.0,0.044615384615384626,0.08923076923076925,38,0.0,0.0,0.4203449759819492,0.021849162186802506,0.0,0.08843882763375034,0.1661686814988731
244,0.06260013580322266,0.0018548257968717622,0.0019999980926513673,1.1680077279964343e-07,0.0001,"(50,)",6,"{'NN__alpha': 0.0001, 'NN__hidden_layer_sizes': (50,), 'gmm__n_components': 6}",0.0,0.0,0.0,0.0,0.08695652173913043,0.01730257320319432,0.03471588315792304,58,0.0,0.0,0.0,0.0,0.0,0.0,0.0
245,0.06740007400512696,0.0029393433595306063,0.0021999359130859377,0.0004000425445315194,0.0001,"(50,)",7,"{'NN__alpha': 0.0001, 'NN__hidden_layer_sizes': (50,), 'gmm__n_components': 7}",0.0,0.0,0.0,0.0,0.0,0.0,0.0,94,0.0,0.0,0.0,0.0,0.0,0.0,0.0
246,0.11559996604919434,0.0055354566692059175,0.001999950408935547,1.9073486328124998e-07,0.0001,"(50,)",8,"{'NN__alpha': 0.0001, 'NN__hidden_layer_sizes': (50,), 'gmm__n_components': 8}",0.0,0.0,0.0,0.0,0.0,0.0,0.0,94,0.0,0.0,0.0,0.0,0.0,0.0,0.0
247,0.07640008926391602,0.003555352705319506,0.0021999835968017577,0.000400018706226792,0.0001,"(50,)",9,"{'NN__alpha': 0.0001, 'NN__hidden_layer_sizes': (50,), 'gmm__n_components': 9}",0.0,0.0,0.0,0.0,0.0,0.0,0.0,94,0.0,0.0,0.0,0.0,0.0,0.0,0.0
248,0.10699992179870606,0.004335835357608668,0.0022001266479492188,0.0004000664041494148,0.0001,"(50,)",10,"{'NN__alpha': 0.0001, 'NN__hidden_layer_sizes': (50,), 'gmm__n_components': 10}",0.0,0.0,0.0,0.0,0.0,0.0,0.0,94,0.0,0.0,0.0,0.0,0.043710356088676725,0.008742071217735344,0.01748414243547069
249,0.1184000015258789,0.00480005939968271,0.0028000354766845705,0.00039997103672454983,0.0001,"(50,)",15,"{'NN__alpha': 0.0001, 'NN__hidden_layer_sizes': (50,), 'gmm__n_components': 15}",0.0,0.0,0.0,0.0,0.0,0.0,0.0,94,0.0,0.0,0.0,0.0,0.0,0.0,0.0
250,0.117000150680542,0.005621455318961933,0.003399944305419922,0.0010197486954785346,0.0001,"(50,)",20,"{'NN__alpha': 0.0001, 'NN__hidden_layer_sizes': (50,), 'gmm__n_components': 20}",0.0,0.0,0.0,0.0,0.0,0.0,0.0,94,0.0,0.0,0.0,0.0,0.0,0.0,0.0
251,0.18660006523132325,0.008015017824292155,0.0037999629974365236,0.0016000032451572057,0.0001,"(50,)",25,"{'NN__alpha': 0.0001, 'NN__hidden_layer_sizes': (50,), 'gmm__n_components': 25}",0.08287687544653492,0.0,0.0,0.23293172690763056,0.0,0.06324628871108466,0.09073074943247453,26,0.022313187254193786,0.043956043956044015,0.08555030696557996,0.1256383603742036,0.0,0.05549157971000427,0.04502729761282774
252,0.21960015296936036,0.0021541488736112726,0.0035999298095703127,0.0004899208473093903,0.0001,"(50,)",30,"{'NN__alpha': 0.0001, 'NN__hidden_layer_sizes': (50,), 'gmm__n_components': 30}",0.0,0.0,0.0,0.0,0.30034722222222215,0.05976296768707482,0.11990841934494423,30,0.32977461447212386,0.10623824882679356,0.06512673944618853,0.04389427479710746,0.3421297733623095,0.17743273018090458,0.1310320377148842
253,0.16860003471374513,0.0122734859619346,0.006200027465820312,0.003919264531796549,0.0001,"(50,)",35,"{'NN__alpha': 0.0001, 'NN__hidden_layer_sizes': (50,), 'gmm__n_components': 35}",0.0,0.0,0.0,0.0,0.0,0.0,0.0,94,0.0,0.0,0.0,0.0,0.0,0.0,0.0
254,0.22719998359680177,0.03572892195135052,0.0043999671936035155,0.0004899208473093903,0.0001,"(50,)",40,"{'NN__alpha': 0.0001, 'NN__hidden_layer_sizes': (50,), 'gmm__n_components': 40}",0.0,0.08463035019455253,0.0,0.0,0.0,0.016926070038910508,0.03385214007782101,66,0.0,0.06423389146474846,0.0,0.0,0.0651268695123282,0.025872152195415332,0.03168804395688455
255,0.04200000762939453,0.0012649324836536508,0.0019999980926513673,1.1680077279964343e-07,0.0001,"(25,)",2,"{'NN__alpha': 0.0001, 'NN__hidden_layer_sizes': (25,), 'gmm__n_components': 2}",0.0,0.0,0.0,0.0,0.0,0.0,0.0,94,0.0,0.0,0.0,0.0,0.0,0.0,0.0
256,0.05640006065368652,0.0010197861025201466,0.0018000602722167969,0.00039994720552788215,0.0001,"(25,)",3,"{'NN__alpha': 0.0001, 'NN__hidden_layer_sizes': (25,), 'gmm__n_components': 3}",0.0,0.0,0.0,0.0,0.0,0.0,0.0,94,0.0,0.0,0.0,0.0,0.0,0.0,0.0
257,0.06560006141662597,0.003072490135250886,0.0019999980926513673,1.1680077279964343e-07,0.0001,"(25,)",4,"{'NN__alpha': 0.0001, 'NN__hidden_layer_sizes': (25,), 'gmm__n_components': 4}",0.0,0.0,0.0,0.0,0.0,0.0,0.0,94,0.0,0.0,0.0,0.0,0.0,0.0,0.0
258,0.06220002174377441,0.026437840074936655,0.00279998779296875,0.0007482645008117474,0.0001,"(25,)",5,"{'NN__alpha': 0.0001, 'NN__hidden_layer_sizes': (25,), 'gmm__n_components': 5}",0.666666666666665,0.6666666666666669,0.6666666666666673,0.6666666666666673,0.0,0.5340136054421768,0.2661551042107433,1,0.666666666666665,0.6666666666666713,0.666666666666672,0.6666666666666718,0.0,0.533333333333336,0.266666666666668
259,0.07339997291564941,0.0019596103670904415,0.0026000499725341796,0.000800061231219776,0.0001,"(25,)",6,"{'NN__alpha': 0.0001, 'NN__hidden_layer_sizes': (25,), 'gmm__n_components': 6}",0.0,0.0,0.0,0.0,0.0,0.0,0.0,94,0.0,0.0,0.0,0.0,0.0,0.0,0.0
260,0.0849998950958252,0.006870157986151887,0.0020001888275146484,1.1680077279964343e-07,0.0001,"(25,)",7,"{'NN__alpha': 0.0001, 'NN__hidden_layer_sizes': (25,), 'gmm__n_components': 7}",0.0,0.08695652173913045,0.22626788036410928,0.3804664723032069,0.0,0.1387381748812893,0.1464731518451935,14,0.0,0.04389427479710746,0.3952185193522022,0.3545746076478309,0.0,0.15873748035942808,0.1776848893030722
261,0.08720006942749023,0.004261484208533443,0.002399921417236328,0.0004899792418945042,0.0001,"(25,)",8,"{'NN__alpha': 0.0001, 'NN__hidden_layer_sizes': (25,), 'gmm__n_components': 8}",0.5653021442495128,0.15992647058823528,0.0,0.0,0.0,0.1456225618902532,0.21942824751155354,9,0.4306813096016806,0.11909181779237484,0.0,0.0,0.0,0.1099546254788111,0.16686470758334898
262,0.06339988708496094,0.0023323425549253854,0.002400064468383789,0.0004898624411217045,0.0001,"(25,)",9,"{'NN__alpha': 0.0001, 'NN__hidden_layer_sizes': (25,), 'gmm__n_components': 9}",0.0,0.0,0.0,0.0,0.0,0.0,0.0,94,0.0,0.0,0.0,0.0,0.0,0.0,0.0
263,0.07099990844726563,0.006663221665872261,0.0023999691009521486,0.0004899403160383116,0.0001,"(25,)",10,"{'NN__alpha': 0.0001, 'NN__hidden_layer_sizes': (25,), 'gmm__n_components': 10}",0.0,0.0,0.0,0.0,0.0,0.0,0.0,94,0.0,0.0,0.0,0.0,0.0,0.0,0.0
264,0.12280001640319824,0.005344218048188348,0.0028000831604003905,0.0003999948608169695,0.0001,"(25,)",15,"{'NN__alpha': 0.0001, 'NN__hidden_layer_sizes': (25,), 'gmm__n_components': 15}",0.08287687544653492,0.0,0.0,0.0,0.0,0.01665994332955855,0.033214008137020315,86,0.02237640657447805,0.022190647998850586,0.0,0.0,0.0,0.008913410914665727,0.010916812347263513
265,0.15340008735656738,0.0033824142094535077,0.0025999069213867186,0.0004899403392425328,0.0001,"(25,)",20,"{'NN__alpha': 0.0001, 'NN__hidden_layer_sizes': (25,), 'gmm__n_components': 20}",0.0,0.0,0.0,0.08648111332007953,0.0,0.017296222664015908,0.03459244532803181,62,0.0,0.0,0.1792237933553962,0.022127767960902333,0.0,0.04027031226325971,0.07000330845142545
266,0.1820000171661377,0.018708393983828186,0.0031999588012695313,0.00039999486081696955,0.0001,"(25,)",25,"{'NN__alpha': 0.0001, 'NN__hidden_layer_sizes': (25,), 'gmm__n_components': 25}",0.15350683722981917,0.0,0.0,0.0,0.0,0.03085800707579018,0.061519903029267,49,0.3473309046911377,0.0,0.0,0.02222222222222225,0.0,0.07391062538267199,0.13698078828198473
267,0.18720002174377443,0.008471093236994853,0.0034000396728515623,0.0004899208473093903,0.0001,"(25,)",30,"{'NN__alpha': 0.0001, 'NN__hidden_layer_sizes': (25,), 'gmm__n_components': 30}",0.08242539081004266,0.2317939609236235,0.0,0.15598386373823397,0.08695652173913043,0.11142732383921725,0.07788533819287402,17,0.1465869201681307,0.124305069083213,0.0,0.19327030033370426,0.08543415217958349,0.1099192883529263,0.06508552673800216
268,0.22619996070861817,0.020604847014497184,0.0034000396728515623,0.0004899208705145337,0.0001,"(25,)",35,"{'NN__alpha': 0.0001, 'NN__hidden_layer_sizes': (25,), 'gmm__n_components': 35}",0.0,0.0,0.0,0.4549869256630556,0.08647838040489876,0.10820481796827974,0.17658541501457564,20,0.0,0.0,0.02222222222222225,0.2711031362146982,0.04377152021131075,0.06741937572964625,0.1031308125524784
269,0.21899995803833008,0.04075283980541105,0.004000091552734375,0.0006323343038502645,0.0001,"(25,)",40,"{'NN__alpha': 0.0001, 'NN__hidden_layer_sizes': (25,), 'gmm__n_components': 40}",0.0,0.0,0.0,0.0,0.0,0.0,0.0,94,0.10708947749580132,0.0,0.043956043956044015,0.043106790094741956,0.0222222222222222,0.0432749067537619,0.03574555841114094
270,0.07339992523193359,0.0027276484230160025,0.002000093460083008,1.5078914929239175e-07,0.0001,"(25, 25)",2,"{'NN__alpha': 0.0001, 'NN__hidden_layer_sizes': (25, 25), 'gmm__n_components': 2}",0.0,0.0,0.0,0.0,0.0,0.0,0.0,94,0.0,0.0,0.0,0.0,0.0,0.0,0.0
271,0.062399864196777344,0.0012000004475480712,0.0020000457763671873,1.7841612752790173e-07,0.0001,"(25, 25)",3,"{'NN__alpha': 0.0001, 'NN__hidden_layer_sizes': (25, 25), 'gmm__n_components': 3}",0.0,0.0,0.0,0.0,0.0,0.0,0.0,94,0.0,0.0,0.0,0.0,0.0,0.0,0.0
272,0.11919994354248047,0.005564102031913855,0.0024000167846679687,0.0004899013824479931,0.0001,"(25, 25)",4,"{'NN__alpha': 0.0001, 'NN__hidden_layer_sizes': (25, 25), 'gmm__n_components': 4}",0.0,0.0,0.0,0.0,0.0,0.0,0.0,94,0.0,0.0,0.0,0.0,0.0,0.0,0.0
273,0.07520008087158203,0.0030593427076040583,0.0024000167846679687,0.0004899014056540585,0.0001,"(25, 25)",5,"{'NN__alpha': 0.0001, 'NN__hidden_layer_sizes': (25, 25), 'gmm__n_components': 5}",0.0,0.0,0.0,0.0,0.0,0.0,0.0,94,0.0,0.0,0.0,0.021849162186802506,0.0,0.004369832437360501,0.008739664874721002
274,0.12100000381469726,0.011224931719445452,0.0019999980926513673,1.1680077279964342e-07,0.0001,"(25, 25)",6,"{'NN__alpha': 0.0001, 'NN__hidden_layer_sizes': (25, 25), 'gmm__n_components': 6}",0.0,0.0,0.08463035019455253,0.0,0.0,0.016926070038910508,0.03385214007782101,66,0.0,0.18060548313049518,0.1621653152890394,0.0,0.0,0.06855415968390692,0.08416360967753236
275,0.07200002670288086,0.003521365430890533,0.002399921417236328,0.0004899792418945042,0.0001,"(25, 25)",7,"{'NN__alpha': 0.0001, 'NN__hidden_layer_sizes': (25, 25), 'gmm__n_components': 7}",0.0,0.0,0.0,0.0,0.0,0.0,0.0,94,0.0,0.0,0.0,0.0,0.0,0.0,0.0
276,0.12020010948181152,0.0037095127649475826,0.003199911117553711,0.0011662039883651983,0.0001,"(25, 25)",8,"{'NN__alpha': 0.0001, 'NN__hidden_layer_sizes': (25, 25), 'gmm__n_components': 8}",0.0,0.0,0.0,0.08463035019455253,0.0,0.016926070038910508,0.033852140077821016,66,0.0,0.0,0.0,0.16258736146445607,0.0,0.03251747229289122,0.06503494458578243
277,0.1040001392364502,0.0016732842620348172,0.0023999691009521486,0.0004899403160383116,0.0001,"(25, 25)",9,"{'NN__alpha': 0.0001, 'NN__hidden_layer_sizes': (25, 25), 'gmm__n_components': 9}",0.0,0.0,0.2880794701986755,0.0,0.0,0.057615894039735105,0.11523178807947021,33,0.044382004533989015,0.0,0.40243196294151756,0.0,0.0,0.08936279349510132,0.15747552369633663
278,0.13560004234313966,0.011534232933768242,0.00279998779296875,0.0003999471771024199,0.0001,"(25, 25)",10,"{'NN__alpha': 0.0001, 'NN__hidden_layer_sizes': (25, 25), 'gmm__n_components': 10}",0.0,0.0,0.0,0.08463035019455253,0.0,0.016926070038910508,0.033852140077821016,66,0.0,0.0,0.0,0.16258736146445607,0.0,0.03251747229289122,0.06503494458578243
279,0.10159997940063477,0.00496389008482125,0.0026000022888183595,0.0004898235152673564,0.0001,"(25, 25)",15,"{'NN__alpha': 0.0001, 'NN__hidden_layer_sizes': (25, 25), 'gmm__n_components': 15}",0.0,0.0,0.0,0.0,0.0,0.0,0.0,94,0.0,0.0,0.0,0.0,0.0,0.0,0.0
280,0.1405998706817627,0.009769380458540842,0.00279998779296875,0.0003999471771024199,0.0001,"(25, 25)",20,"{'NN__alpha': 0.0001, 'NN__hidden_layer_sizes': (25, 25), 'gmm__n_components': 20}",0.08333333333333336,0.0,0.0,0.0,0.0,0.016751700680272114,0.03339693969524624,82,0.04425764956856758,0.0,0.0,0.0,0.0,0.008851529913713515,0.01770305982742703
281,0.15480003356933594,0.0390301832220691,0.0029999256134033204,1.1680077279964342e-07,0.0001,"(25, 25)",25,"{'NN__alpha': 0.0001, 'NN__hidden_layer_sizes': (25, 25), 'gmm__n_components': 25}",0.666666666666665,0.6666666666666669,0.0,0.6666666666666673,0.6666666666666673,0.5333333333333333,0.26666666666666666,5,0.666666666666665,0.6666666666666713,0.02212776796090233,0.6666666666666718,0.6666666666666696,0.537758886925516,0.25781555948230683
282,0.196799898147583,0.009987943928073355,0.0035999774932861327,0.0004898624411217045,0.0001,"(25, 25)",30,"{'NN__alpha': 0.0001, 'NN__hidden_layer_sizes': (25, 25), 'gmm__n_components': 30}",0.08333333333333336,0.0,0.08695652173913045,0.0,0.0,0.0341430050280982,0.04174347372864622,42,0.0,0.0650363392495088,0.0650363392495088,0.0,0.0,0.02601453569980352,0.031861169179967765
283,0.21420001983642578,0.014358224512434544,0.0037999629974365236,0.0003999710083007813,0.0001,"(25, 25)",35,"{'NN__alpha': 0.0001, 'NN__hidden_layer_sizes': (25, 25), 'gmm__n_components': 35}",0.0,0.0,0.0,0.0,0.0,0.0,0.0,94,0.21969337758811477,0.0,0.0,0.0,0.022190693299749695,0.04837681417757289,0.08608835725618237
284,0.19740004539489747,0.04044052856240831,0.003999948501586914,0.0,0.0001,"(25, 25)",40,"{'NN__alpha': 0.0001, 'NN__hidden_layer_sizes': (25, 25), 'gmm__n_components': 40}",0.0,0.0,0.0,0.0,0.08070912059715417,0.01605946787392353,0.032221716604939526,90,0.044195733045054274,0.04340630172063835,0.0,0.0,0.10024629477595809,0.03756966590833014,0.036957517455704074
285,0.2342000961303711,0.0324000187862654,0.0027999401092529295,0.00040004257295020516,0.0001,"(100, 25, 100)",2,"{'NN__alpha': 0.0001, 'NN__hidden_layer_sizes': (100, 25, 100), 'gmm__n_components': 2}",0.0,0.08695652173913045,0.0,0.0,0.0,0.017391304347826087,0.03478260869565218,53,0.02247191011235958,0.0,0.02222222222222225,0.02222222222222225,0.0222222222222222,0.017827715355805258,0.008914382216860337
286,0.21320004463195802,0.030655604088764197,0.0035999298095703127,0.0011999368797875561,0.0001,"(100, 25, 100)",3,"{'NN__alpha': 0.0001, 'NN__hidden_layer_sizes': (100, 25, 100), 'gmm__n_components': 3}",0.0,0.0,0.0,0.0,0.0,0.0,0.0,94,0.0,0.0,0.0,0.0,0.0,0.0,0.0
287,0.17620010375976564,0.01135601358313445,0.0027999401092529295,0.0004000425445315194,0.0001,"(100, 25, 100)",4,"{'NN__alpha': 0.0001, 'NN__hidden_layer_sizes': (100, 25, 100), 'gmm__n_components': 4}",0.0,0.0,0.0,0.0,0.0,0.0,0.0,94,0.0,0.0,0.0,0.0,0.0,0.0,0.0
288,0.17239995002746583,0.002416505075522669,0.0028000354766845705,0.0007483409713765852,0.0001,"(100, 25, 100)",5,"{'NN__alpha': 0.0001, 'NN__hidden_layer_sizes': (100, 25, 100), 'gmm__n_components': 5}",0.0,0.0,0.0,0.0,0.0,0.0,0.0,94,0.0,0.0,0.0,0.0,0.0,0.0,0.0
289,0.18879990577697753,0.010647153519625032,0.002800130844116211,0.000400018706226792,0.0001,"(100, 25, 100)",6,"{'NN__alpha': 0.0001, 'NN__hidden_layer_sizes': (100, 25, 100), 'gmm__n_components': 6}",0.0,0.0,0.0,0.0,0.0,0.0,0.0,94,0.0,0.0,0.0,0.0,0.0,0.0,0.0
290,0.18899998664855958,0.02363048319507448,0.0028000354766845705,0.00039997103672454983,0.0001,"(100, 25, 100)",7,"{'NN__alpha': 0.0001, 'NN__hidden_layer_sizes': (100, 25, 100), 'gmm__n_components': 7}",0.0,0.0,0.0,0.0,0.0,0.0,0.0,94,0.0,0.0,0.0,0.0,0.0,0.0,0.0
291,0.19459996223449708,0.00861625901629981,0.00279998779296875,0.0004000663757324219,0.0001,"(100, 25, 100)",8,"{'NN__alpha': 0.0001, 'NN__hidden_layer_sizes': (100, 25, 100), 'gmm__n_components': 8}",0.0,0.0,0.0,0.0,0.0,0.0,0.0,94,0.0,0.0,0.0,0.0,0.0,0.0,0.0
292,0.21439995765686035,0.012483635534790309,0.0027999401092529295,0.0004000425445315194,0.0001,"(100, 25, 100)",9,"{'NN__alpha': 0.0001, 'NN__hidden_layer_sizes': (100, 25, 100), 'gmm__n_components': 9}",0.0,0.0,0.0,0.0,0.0,0.0,0.0,94,0.0,0.0,0.0,0.0,0.0,0.0,0.0
293,0.21960020065307617,0.02501679421261739,0.0032000064849853514,0.0003999710083007813,0.0001,"(100, 25, 100)",10,"{'NN__alpha': 0.0001, 'NN__hidden_layer_sizes': (100, 25, 100), 'gmm__n_components': 10}",0.0,0.0,0.0,0.0,0.0,0.0,0.0,94,0.0,0.0,0.0,0.0,0.0,0.0,0.0
294,0.2423999786376953,0.021592560659740637,0.0038000106811523437,0.0013266328371220066,0.0001,"(100, 25, 100)",15,"{'NN__alpha': 0.0001, 'NN__hidden_layer_sizes': (100, 25, 100), 'gmm__n_components': 15}",0.0,0.0,0.0,0.0,0.0,0.0,0.0,94,0.0,0.0,0.0,0.0,0.0,0.0,0.0
295,0.28980002403259275,0.030733729724838815,0.004400062561035156,0.0018546355500264936,0.0001,"(100, 25, 100)",20,"{'NN__alpha': 0.0001, 'NN__hidden_layer_sizes': (100, 25, 100), 'gmm__n_components': 20}",0.0,0.0,0.0,0.0,0.0,0.0,0.0,94,0.0,0.0,0.0,0.0,0.0,0.0,0.0
296,0.35360007286071776,0.031909863928203594,0.0043999671936035155,0.0010199450777305255,0.0001,"(100, 25, 100)",25,"{'NN__alpha': 0.0001, 'NN__hidden_layer_sizes': (100, 25, 100), 'gmm__n_components': 25}",0.0,0.0,0.0,0.0,0.0,0.0,0.0,94,0.0,0.0,0.0,0.0,0.0,0.0,0.0
297,0.3299999713897705,0.01188257352736453,0.00540003776550293,0.0013565223566720831,0.0001,"(100, 25, 100)",30,"{'NN__alpha': 0.0001, 'NN__hidden_layer_sizes': (100, 25, 100), 'gmm__n_components': 30}",0.0,0.0,0.0,0.0,0.0,0.0,0.0,94,0.0,0.0,0.0,0.0,0.0,0.0,0.0
298,0.3567999839782715,0.06255377565593515,0.005199956893920899,0.0019389953395508577,0.0001,"(100, 25, 100)",35,"{'NN__alpha': 0.0001, 'NN__hidden_layer_sizes': (100, 25, 100), 'gmm__n_components': 35}",0.0,0.0,0.0,0.0,0.0,0.0,0.0,94,0.0,0.0,0.0,0.0,0.0,0.0,0.0
299,0.3176000118255615,0.06431049067357393,0.0038000106811523437,0.0007483537202684933,0.0001,"(100, 25, 100)",40,"{'NN__alpha': 0.0001, 'NN__hidden_layer_sizes': (100, 25, 100), 'gmm__n_components': 40}",0.0,0.0,0.0,0.0,0.0,0.0,0.0,94,0.0,0.0,0.0,0.0,0.0,0.0,0.0
