,mean_fit_time,std_fit_time,mean_score_time,std_score_time,param_NN__alpha,param_NN__hidden_layer_sizes,param_pca__n_components,params,split0_test_score,split1_test_score,split2_test_score,split3_test_score,split4_test_score,mean_test_score,std_test_score,rank_test_score,split0_train_score,split1_train_score,split2_train_score,split3_train_score,split4_train_score,mean_train_score,std_train_score
0,0.3307199954986572,0.14713713446057158,0.009360027313232423,0.007642430299140261,0.1,"(50, 50)",2,"{'NN__alpha': 0.1, 'NN__hidden_layer_sizes': (50, 50), 'pca__n_components': 2}",0.0,0.0,0.0,0.0,0.0,0.0,0.0,217,0.0,0.0,0.0,0.0,0.0,0.0,0.0
1,0.2776800632476807,0.03611656960822543,0.0,0.0,0.1,"(50, 50)",3,"{'NN__alpha': 0.1, 'NN__hidden_layer_sizes': (50, 50), 'pca__n_components': 3}",0.0,0.0,0.0,0.0,0.0,0.0,0.0,217,0.0,0.0,0.0,0.0,0.0,0.0,0.0
2,0.21528005599975586,0.024960011243916266,0.0031199932098388674,0.006239986419677735,0.1,"(50, 50)",4,"{'NN__alpha': 0.1, 'NN__hidden_layer_sizes': (50, 50), 'pca__n_components': 4}",0.0,0.0,0.0,0.0,0.0,0.0,0.0,217,0.015748031496062975,0.0,0.0,0.0,0.0,0.003149606299212595,0.0062992125984251916
3,0.24024009704589844,0.021160886769688178,0.0,0.0,0.1,"(50, 50)",5,"{'NN__alpha': 0.1, 'NN__hidden_layer_sizes': (50, 50), 'pca__n_components': 5}",0.0,0.06037095405503697,0.0,0.0,0.0,0.012117312921046708,0.02418066312573853,201,0.0,0.015685345338230048,0.0,0.01556286206356659,0.0,0.006249641480359327,0.007654314349750676
4,0.23087987899780274,0.018192595740590106,0.009360027313232423,0.007642430299140261,0.1,"(50, 50)",6,"{'NN__alpha': 0.1, 'NN__hidden_layer_sizes': (50, 50), 'pca__n_components': 6}",0.30646153846153845,0.0,0.4322230828814872,0.0,0.272108843537415,0.20218323061531965,0.17347010157911327,58,0.3216652737556118,0.0,0.4122619759200744,0.0,0.19470017069143986,0.1857254840734252,0.1666534514647278
5,0.2402400016784668,0.059689204019277124,0.009360027313232423,0.007642430299140261,0.1,"(50, 50)",7,"{'NN__alpha': 0.1, 'NN__hidden_layer_sizes': (50, 50), 'pca__n_components': 7}",0.0,0.0,0.0,0.0,0.0,0.0,0.0,217,0.0,0.0,0.01573232882783068,0.0,0.0,0.003146465765566136,0.006292931531132272
6,0.41807994842529295,0.13578275868352854,0.0,0.0,0.1,"(50, 50)",8,"{'NN__alpha': 0.1, 'NN__hidden_layer_sizes': (50, 50), 'pca__n_components': 8}",0.06013766453326893,0.0,0.35661462612982747,0.0625,0.0,0.09584877075014304,0.13323724052263688,121,0.1731171548117153,0.0,0.33815717164315745,0.06094981144801779,0.2927913453299053,0.17300309664655916,0.12970051364042826
7,0.3494400501251221,0.17775795425475707,0.003119945526123047,0.006239891052246094,0.1,"(50, 50)",9,"{'NN__alpha': 0.1, 'NN__hidden_layer_sizes': (50, 50), 'pca__n_components': 9}",0.0,0.0,0.358974358974359,0.17647058823529413,0.0,0.10696293902176254,0.14330937605985478,112,0.0,0.0,0.42937365010799067,0.1720293638317201,0.0,0.12028060278794214,0.16829659318729653
8,0.45240015983581544,0.09307851273272802,0.003119945526123047,0.006239891052246094,0.1,"(50, 50)",10,"{'NN__alpha': 0.1, 'NN__hidden_layer_sizes': (50, 50), 'pca__n_components': 10}",0.17080141762890133,0.21832529592284086,0.2222222222222222,0.44720496894409945,0.0622568093385214,0.22407618919365213,0.12536793960899073,42,0.09073464912280692,0.2957757920389924,0.3895575221238931,0.3877023345936317,0.4089081695618835,0.3145356934882415,0.11859733364978906
9,0.44616003036499025,0.10924462010195131,0.0031200408935546874,0.006240081787109375,0.1,"(50, 50)",11,"{'NN__alpha': 0.1, 'NN__hidden_layer_sizes': (50, 50), 'pca__n_components': 11}",0.0,0.26656674874210473,0.2702702702702703,0.3232323232323232,0.1726618705035971,0.20638243723180633,0.11419345093853783,57,0.015685345338230048,0.2718462549277264,0.4196801112656461,0.3048490222616321,0.5006149053045823,0.3025351278195634,0.1650384828647829
10,0.3650400161743164,0.08802602854070024,0.006240034103393554,0.007642449765811762,0.1,"(50, 50)",12,"{'NN__alpha': 0.1, 'NN__hidden_layer_sizes': (50, 50), 'pca__n_components': 12}",0.3554603854389722,0.17017883585829824,0.2222222222222222,0.22775800711743774,0.12030075187969924,0.21931088369068313,0.07857867280397188,45,0.16013898357266934,0.17327574924748051,0.2835139760410719,0.28159589895787623,0.4287175442704154,0.26544843041790267,0.09677788070224552
11,0.3837600231170654,0.08912505984235412,0.0,0.0,0.1,"(50, 50)",13,"{'NN__alpha': 0.1, 'NN__hidden_layer_sizes': (50, 50), 'pca__n_components': 13}",0.0,0.43358808164844737,0.17142857142857143,0.27681660899653976,0.0,0.17647863203803452,0.16654610838095893,75,0.0,0.3068953701650774,0.18620133145047368,0.2465379686660324,0.03097707104625519,0.15412234826556773,0.11985638223540923
12,0.4492800712585449,0.2583013776548818,0.0,0.0,0.1,"(50, 50)",14,"{'NN__alpha': 0.1, 'NN__hidden_layer_sizes': (50, 50), 'pca__n_components': 14}",0.0,0.0,0.0,0.17647058823529413,0.06201550387596899,0.04752687121360172,0.06865685311615813,148,0.0,0.07574890724763705,0.01571665744327612,0.10427875608842242,0.39898898038797503,0.11894666023346212,0.14512727917887225
13,0.12167997360229492,0.02292717409565627,0.0,0.0,0.1,"(50,)",2,"{'NN__alpha': 0.1, 'NN__hidden_layer_sizes': (50,), 'pca__n_components': 2}",0.0,0.0,0.0,0.0,0.0,0.0,0.0,217,0.01571662591106572,0.0,0.0,0.0,0.0,0.003143325182213144,0.006286650364426288
14,0.09047994613647461,0.01819267751763512,0.0,0.0,0.1,"(50,)",3,"{'NN__alpha': 0.1, 'NN__hidden_layer_sizes': (50,), 'pca__n_components': 3}",0.0,0.0,0.0,0.0,0.0,0.0,0.0,217,0.015623156255162467,0.0,0.0,0.0,0.0,0.0031246312510324935,0.006249262502064986
15,0.10296001434326171,0.01248003244476886,0.0,0.0,0.1,"(50,)",4,"{'NN__alpha': 0.1, 'NN__hidden_layer_sizes': (50,), 'pca__n_components': 4}",0.0,0.059676452965847816,0.0,0.0,0.0,0.011977916631002313,0.023902491327048192,209,0.0,0.08852634394223044,0.0,0.0,0.0,0.01770526878844609,0.03541053757689218
16,0.12792000770568848,0.015284772997003622,0.0,0.0,0.1,"(50,)",5,"{'NN__alpha': 0.1, 'NN__hidden_layer_sizes': (50,), 'pca__n_components': 5}",0.26840573461248246,0.06013766453326893,0.4981738495252009,0.06015037593984962,0.30967741935483867,0.239279519938736,0.16552635779580027,38,0.1976709465512091,0.03115733985974487,0.4593182383677526,0.16728022382565125,0.21568255173723141,0.21422186006831784,0.1386105600495402
17,0.09984006881713867,0.01590884079857415,0.0,0.0,0.1,"(50,)",6,"{'NN__alpha': 0.1, 'NN__hidden_layer_sizes': (50,), 'pca__n_components': 6}",0.4143477858925765,0.0,0.11632270168855535,0.06037735849056604,0.27027027027027023,0.17232340909491628,0.1508436116262315,76,0.4305274814124758,0.0,0.11762269621039527,0.1268702225121606,0.14370703427138046,0.16374548688128243,0.14274022110434909
18,0.15287995338439941,0.026839285111931142,0.006240034103393554,0.007642449765811761,0.1,"(50,)",7,"{'NN__alpha': 0.1, 'NN__hidden_layer_sizes': (50,), 'pca__n_components': 7}",0.0,0.2594560800250078,0.0,0.0,0.0,0.05207654177644799,0.10392116813807291,140,0.0,0.2811040339702757,0.07611492281303588,0.060890539454037176,0.04601816344009683,0.09282553193548912,0.09752475752860594
19,0.16535987854003906,0.021160893800461225,0.0,0.0,0.1,"(50,)",8,"{'NN__alpha': 0.1, 'NN__hidden_layer_sizes': (50,), 'pca__n_components': 8}",0.307470672977979,0.0,0.4308880308880309,0.0,0.360128617363344,0.21965985142845268,0.18358514528643102,44,0.37485843714609246,0.13295842538662367,0.4984082932005546,0.030763993129168478,0.4273798262963275,0.29287379503175337,0.179628648956014
20,0.09984011650085449,0.007642508165826269,0.0,0.0,0.1,"(50,)",9,"{'NN__alpha': 0.1, 'NN__hidden_layer_sizes': (50,), 'pca__n_components': 9}",0.0,0.06013766453326893,0.06037000973709834,0.06083650190114069,0.0625,0.04872369320761026,0.024430155586229404,144,0.0,0.0,0.13209302325581368,0.14305039864145264,0.10427875608842242,0.07588443559713774,0.06323575647718213
21,0.15288000106811522,0.04564162125726369,0.0031200408935546874,0.006240081787109375,0.1,"(50,)",10,"{'NN__alpha': 0.1, 'NN__hidden_layer_sizes': (50,), 'pca__n_components': 10}",0.39367588932806324,0.39120188531029065,0.11764705882352941,0.3221476510067114,0.16724738675958187,0.278595033343401,0.11503461851097312,13,0.31441462835430983,0.2950208645626542,0.13233923578751136,0.40601559598960213,0.5292512479201322,0.335408314522842,0.13104915317226434
22,0.12167997360229492,0.011673945641251989,0.006240034103393554,0.007642449765811762,0.1,"(50,)",11,"{'NN__alpha': 0.1, 'NN__hidden_layer_sizes': (50,), 'pca__n_components': 11}",0.45396536007292604,0.35201454104816715,0.31155778894472363,0.46783625730994155,0.2711864406779661,0.37135990418441145,0.07755415356432308,4,0.4904633091541893,0.290327725061797,0.41513327601031746,0.4349543497800268,0.37217080917821593,0.4006098938369093,0.06698513986539088
23,0.15288000106811522,0.03024951549578823,0.003119945526123047,0.006239891052246094,0.1,"(50,)",12,"{'NN__alpha': 0.1, 'NN__hidden_layer_sizes': (50,), 'pca__n_components': 12}",0.39367588932806324,0.16894718986769197,0.2222222222222222,0.22775800711743774,0.0622568093385214,0.21516674376245856,0.10735817940611403,51,0.35032633621449955,0.19927754364840433,0.28351397604107187,0.2227809801298524,0.28183732987686283,0.2675472331821382,0.052870202498730576
24,0.13415999412536622,0.058868007655111874,0.0,0.0,0.1,"(50,)",13,"{'NN__alpha': 0.1, 'NN__hidden_layer_sizes': (50,), 'pca__n_components': 13}",0.21986754966887417,0.38997650743931084,0.2222222222222222,0.12075471698113208,0.0,0.19091354879097006,0.1286947072121829,68,0.1188403195404361,0.3173157579388853,0.32809611829944485,0.23341874615814912,0.21032140665665092,0.2415984697187133,0.0765893947383321
25,0.15599989891052246,0.03691639855495163,0.0031200408935546874,0.006240081787109375,0.1,"(50,)",14,"{'NN__alpha': 0.1, 'NN__hidden_layer_sizes': (50,), 'pca__n_components': 14}",0.0,0.31261770244821085,0.17142857142857143,0.0625,0.0,0.10948791027710517,0.11951644632311514,108,0.0,0.27278720949398355,0.24825174825174778,0.0900525457510417,0.23506826828776273,0.16923195435690713,0.1060293092011102
26,0.08423995971679688,0.01871995131210993,0.0,0.0,0.1,"(25,)",2,"{'NN__alpha': 0.1, 'NN__hidden_layer_sizes': (25,), 'pca__n_components': 2}",0.1167643610785463,0.25436714679742567,0.059443911792905084,0.06177606177606178,0.0625,0.11114662160763057,0.07493598245780353,104,0.09004352557127301,0.21985138444933347,0.14516458801880977,0.10388330670807246,0.01559386913072805,0.11490733477564334,0.06712921509614832
27,0.06551995277404785,0.006240057945934672,0.0,0.0,0.1,"(25,)",3,"{'NN__alpha': 0.1, 'NN__hidden_layer_sizes': (25,), 'pca__n_components': 3}",0.0,0.0,0.0,0.0,0.0,0.0,0.0,217,0.0754587940271286,0.0,0.0,0.0,0.0,0.01509175880542572,0.03018351761085144
28,0.08112001419067383,0.022927342807957104,0.0031200408935546874,0.006240081787109375,0.1,"(25,)",4,"{'NN__alpha': 0.1, 'NN__hidden_layer_sizes': (25,), 'pca__n_components': 4}",0.1154648736378391,0.30054315027157513,0.3136593591905565,0.0,0.273037542662116,0.20064310692473686,0.12280528802011817,62,0.280865507000424,0.3315866533097014,0.1962681409813403,0.0,0.35257157334684525,0.2322583749276622,0.12801818273361168
29,0.13727993965148927,0.011673945641251989,0.003119945526123047,0.006239891052246094,0.1,"(25,)",5,"{'NN__alpha': 0.1, 'NN__hidden_layer_sizes': (25,), 'pca__n_components': 5}",0.41681391239654053,0.307470672977979,0.31365935919055643,0.27027027027027023,0.39999999999999997,0.34168142462071516,0.05673639487361969,12,0.4597860814001942,0.31028825872978644,0.33732297852900806,0.2200408149147379,0.39740626444608196,0.3449688796039617,0.08099493289318603
30,0.10296001434326171,0.025347032701125132,0.0031199932098388674,0.006239986419677735,0.1,"(25,)",6,"{'NN__alpha': 0.1, 'NN__hidden_layer_sizes': (25,), 'pca__n_components': 6}",0.11461449942462601,0.2594560800250078,0.4538799414348463,0.0,0.3137254901960785,0.22837830585129285,0.15750377443573452,40,0.25623892272903187,0.1959159514649302,0.4245142002989531,0.061068702290076216,0.4440995614499188,0.27636746764658204,0.1437446853471005
31,0.149760103225708,0.07155630124650221,0.009359931945800782,0.007642352433445989,0.1,"(25,)",7,"{'NN__alpha': 0.1, 'NN__hidden_layer_sizes': (25,), 'pca__n_components': 7}",0.3804430863254392,0.11461449942462601,0.42693190512624335,0.06153846153846154,0.31683168316831684,0.2601552752887911,0.14567191828684498,21,0.4472740502052905,0.13221489914120216,0.5323336457357072,0.060890539454037176,0.35059740881406276,0.30466210867005994,0.1808010865509021
32,0.13415999412536622,0.07743628532150977,0.0,0.0,0.1,"(25,)",8,"{'NN__alpha': 0.1, 'NN__hidden_layer_sizes': (25,), 'pca__n_components': 8}",0.059906171057380005,0.16956077630234934,0.11293260473588343,0.0,0.06177606177606178,0.08095490197832324,0.056996577890351445,125,0.03094325511825742,0.031004121393780407,0.15809716599190252,0.0,0.015485881207400165,0.0471060847422681,0.05667159940115685
33,0.12792000770568848,0.04456242976541945,0.0,0.0,0.1,"(25,)",9,"{'NN__alpha': 0.1, 'NN__hidden_layer_sizes': (25,), 'pca__n_components': 9}",0.06013766453326893,0.059676452965847816,0.17142857142857143,0.17454545454545453,0.12075471698113208,0.11718322490940677,0.05063318913963755,98,0.045835352766045785,0.1973174366616987,0.2114353782013099,0.20901087809801458,0.07539270192577519,0.14779834953056883,0.07195528552682313
34,0.12168006896972657,0.07409595824460617,0.003119945526123047,0.006239891052246094,0.1,"(25,)",10,"{'NN__alpha': 0.1, 'NN__hidden_layer_sizes': (25,), 'pca__n_components': 10}",0.11720404801129676,0.0,0.06060606060606061,0.0,0.0,0.0356457389006224,0.04712929005154641,159,0.07626200953851107,0.0,0.015623280888986657,0.03088539158264322,0.07481615848380599,0.039517368098789384,0.030994302962961524
35,0.15288000106811522,0.036116643754557885,0.0031200408935546874,0.006240081787109375,0.1,"(25,)",11,"{'NN__alpha': 0.1, 'NN__hidden_layer_sizes': (25,), 'pca__n_components': 11}",0.06060606060606061,0.2674830808894619,0.0,0.17647058823529413,0.06177606177606178,0.11333133150957868,0.09602320898983914,102,0.03106522759267946,0.22454950180199257,0.11850615480909635,0.10398188760451593,0.08936705825941005,0.11349396601353887,0.0629691008302849
36,0.14351992607116698,0.011673945640278138,0.0031199932098388674,0.006239986419677735,0.1,"(25,)",12,"{'NN__alpha': 0.1, 'NN__hidden_layer_sizes': (25,), 'pca__n_components': 12}",0.11632796075683252,0.16773324351633545,0.1683257918552036,0.12075471698113208,0.06177606177606178,0.1270560767096245,0.03940827401442523,97,0.11861673535208732,0.13258561986781478,0.2071782900496057,0.06030409888901516,0.10368670461657654,0.12447428975501991,0.04793744543918961
37,0.09983997344970703,0.02116073209671053,0.0,0.0,0.1,"(25,)",13,"{'NN__alpha': 0.1, 'NN__hidden_layer_sizes': (25,), 'pca__n_components': 13}",0.39120188531029065,0.5376034544800289,0.3094841930116472,0.360128617363344,0.1702127659574468,0.35401080033631543,0.11907622777792164,5,0.3280930951767338,0.23629453881201815,0.36291530801092725,0.2980354326089502,0.28910438191180604,0.3028885513040871,0.04215874556783769
38,0.07800002098083496,0.01708908071993845,0.0,0.0,0.1,"(25,)",14,"{'NN__alpha': 0.1, 'NN__hidden_layer_sizes': (25,), 'pca__n_components': 14}",0.0,0.11632796075683252,0.0,0.06130268199233716,0.0,0.03556543232038001,0.04690548190295448,163,0.0,0.10476341193226764,0.01573232882783068,0.0304943053265329,0.030946450809464447,0.03638729937921913,0.03602856184896311
39,0.08111991882324218,0.006240057945934672,0.0031199932098388674,0.006239986419677735,0.1,"(25, 25)",2,"{'NN__alpha': 0.1, 'NN__hidden_layer_sizes': (25, 25), 'pca__n_components': 2}",0.0,0.0,0.16711590296495957,0.0,0.06106870229007634,0.04559330054937141,0.0651920960103608,153,0.0,0.0,0.10139753136794838,0.0,0.08794449646467235,0.03786840556652414,0.046573840565676046
40,0.08735995292663574,0.015908915611217447,0.0,0.0,0.1,"(25, 25)",3,"{'NN__alpha': 0.1, 'NN__hidden_layer_sizes': (25, 25), 'pca__n_components': 3}",0.0,0.06060606060606061,0.0,0.0,0.0,0.012164502164502164,0.024274831462117213,193,0.0,0.04646592265038249,0.0,0.07553822887931347,0.0,0.024400830305939192,0.03126692627003388
41,0.12792000770568848,0.006240081787109375,0.0,0.0,0.1,"(25, 25)",4,"{'NN__alpha': 0.1, 'NN__hidden_layer_sizes': (25, 25), 'pca__n_components': 4}",0.0,0.0,0.06013579049466537,0.0,0.0,0.012027158098933075,0.02405431619786615,205,0.0,0.0,0.0,0.0,0.01559386913072805,0.00311877382614561,0.00623754765229122
42,0.09047999382019042,0.006240081787109375,0.0,0.0,0.1,"(25, 25)",5,"{'NN__alpha': 0.1, 'NN__hidden_layer_sizes': (25, 25), 'pca__n_components': 5}",0.0,0.0,0.17017383348581888,0.0,0.0,0.03403476669716378,0.06806953339432757,170,0.0,0.0,0.11773240750336797,0.0,0.0,0.023546481500673594,0.04709296300134719
43,0.13416004180908203,0.018719911575621036,0.0,0.0,0.1,"(25, 25)",6,"{'NN__alpha': 0.1, 'NN__hidden_layer_sizes': (25, 25), 'pca__n_components': 6}",0.059906171057380005,0.0,0.0,0.17454545454545453,0.12075471698113208,0.0708731299450296,0.06837177175595648,132,0.046238737165607266,0.061239592969472637,0.0,0.14188345287799276,0.2342406032755975,0.09672047725773403,0.08259979343850081
44,0.11855998039245605,0.04793043139110908,0.0,0.0,0.1,"(25, 25)",7,"{'NN__alpha': 0.1, 'NN__hidden_layer_sizes': (25, 25), 'pca__n_components': 7}",0.0,0.06037095405503697,0.21985815602836878,0.0,0.0,0.056088944126720455,0.0851650505948042,136,0.031004121393780407,0.046420307131337164,0.30279992582977877,0.10388330670807246,0.0,0.09682153221259375,0.1083730514959501
45,0.1871999740600586,0.031199955940456103,0.006240034103393554,0.007642449765811761,0.1,"(25, 25)",8,"{'NN__alpha': 0.1, 'NN__hidden_layer_sizes': (25, 25), 'pca__n_components': 8}",0.0,0.0,0.0,0.0,0.06177606177606178,0.012311086596800884,0.024677268749610178,186,0.0,0.0,0.0,0.0,0.045928150629548255,0.009185630125909651,0.018371260251819302
46,0.1653600215911865,0.04139158858273094,0.0,0.0,0.1,"(25, 25)",9,"{'NN__alpha': 0.1, 'NN__hidden_layer_sizes': (25, 25), 'pca__n_components': 9}",0.059676452965847816,0.0,0.0,0.0,0.0,0.011977916631002313,0.023902491327048192,209,0.0,0.03115733985974487,0.015577007459411993,0.0,0.01556286206356659,0.012459441876544691,0.011657076861382069
47,0.15599985122680665,0.07114694851693501,0.0,0.0,0.1,"(25, 25)",10,"{'NN__alpha': 0.1, 'NN__hidden_layer_sizes': (25, 25), 'pca__n_components': 10}",0.0,0.0,0.0,0.06083650190114069,0.0,0.012123845736013038,0.024301949072810025,197,0.0,0.0,0.0,0.015334181804157479,0.0,0.0030668363608314956,0.006133672721662992
48,0.1747199535369873,0.07343602587727587,0.0,0.0,0.1,"(25, 25)",11,"{'NN__alpha': 0.1, 'NN__hidden_layer_sizes': (25, 25), 'pca__n_components': 11}",0.0,0.06060606060606061,0.0,0.12075471698113208,0.0,0.036229192191456344,0.048276423045027016,158,0.0,0.031219052110351298,0.0,0.015516581981095966,0.015609419043805275,0.012469010627050508,0.011676183998571794
49,0.1279200553894043,0.022927096228143828,0.0031200408935546874,0.006240081787109375,0.1,"(25, 25)",12,"{'NN__alpha': 0.1, 'NN__hidden_layer_sizes': (25, 25), 'pca__n_components': 12}",0.0,0.06060606060606061,0.06013579049466537,0.0,0.0,0.024191660263435243,0.02958494192670588,177,0.015748031496062975,0.031249999999999965,0.0,0.015624999999999969,0.01554740472522227,0.015634087244257036,0.0098823276092796
50,0.12791996002197265,0.039955408285090324,0.0031199932098388674,0.006239986419677735,0.1,"(25, 25)",13,"{'NN__alpha': 0.1, 'NN__hidden_layer_sizes': (25, 25), 'pca__n_components': 13}",0.5111187136503592,0.16956077630234934,0.21830985915492956,0.11851851851851852,0.06201550387596899,0.21626192106296674,0.15663374370263525,46,0.4129756706175917,0.11895242801311699,0.21030805687203752,0.0876163333063999,0.1971523694836009,0.20540097165854937,0.11360100906350516
51,0.0935999870300293,0.017088950132205603,0.006240034103393554,0.007642449765811761,0.1,"(25, 25)",14,"{'NN__alpha': 0.1, 'NN__hidden_layer_sizes': (25, 25), 'pca__n_components': 14}",0.0,0.21456268849633778,0.0,0.16666666666666666,0.3137254901960785,0.13880109088012632,0.12298259470629701,88,0.04646592265038249,0.1301526967691197,0.0,0.17885863772890187,0.27226660579776274,0.12554877258923336,0.09633883108444223
52,0.37128005027770994,0.03743999004375401,0.006239938735961914,0.007642332965038969,0.1,"(100, 25, 100)",2,"{'NN__alpha': 0.1, 'NN__hidden_layer_sizes': (100, 25, 100), 'pca__n_components': 2}",0.0,0.0,0.0,0.0,0.0,0.0,0.0,217,0.0,0.0,0.01573232882783068,0.0,0.0,0.003146465765566136,0.006292931531132272
53,0.3681601047515869,0.02116080943328695,0.006239986419677735,0.007642391365053469,0.1,"(100, 25, 100)",3,"{'NN__alpha': 0.1, 'NN__hidden_layer_sizes': (100, 25, 100), 'pca__n_components': 3}",0.0,0.0,0.0,0.0,0.0,0.0,0.0,217,0.0,0.0,0.0,0.0,0.0,0.0,0.0
54,0.3588001251220703,0.009866360223250239,0.006239986419677735,0.007642391365053469,0.1,"(100, 25, 100)",4,"{'NN__alpha': 0.1, 'NN__hidden_layer_sizes': (100, 25, 100), 'pca__n_components': 4}",0.0,0.0,0.0,0.0,0.0,0.0,0.0,217,0.0,0.0,0.0,0.0,0.0,0.0,0.0
55,0.4867199420928955,0.20157230198197246,0.0031199932098388674,0.006239986419677735,0.1,"(100, 25, 100)",5,"{'NN__alpha': 0.1, 'NN__hidden_layer_sizes': (100, 25, 100), 'pca__n_components': 5}",0.0,0.0,0.0,0.0,0.06201550387596899,0.012358803986710963,0.024772917078097038,184,0.0,0.0,0.0,0.0,0.39803784162578776,0.07960756832515756,0.15921513665031511
56,0.4991999626159668,0.24187549311361686,0.0,0.0,0.1,"(100, 25, 100)",6,"{'NN__alpha': 0.1, 'NN__hidden_layer_sizes': (100, 25, 100), 'pca__n_components': 6}",0.0,0.0,0.0,0.0,0.06106870229007634,0.012170119956379498,0.024394704603622277,192,0.0,0.0,0.0,0.0,0.47005136753500776,0.09401027350700156,0.18802054701400311
57,0.374399995803833,0.009866360222328424,0.0031200408935546874,0.006240081787109375,0.1,"(100, 25, 100)",7,"{'NN__alpha': 0.1, 'NN__hidden_layer_sizes': (100, 25, 100), 'pca__n_components': 7}",0.0,0.0,0.0,0.0,0.0,0.0,0.0,217,0.0,0.0,0.0,0.0,0.0,0.0,0.0
58,0.37752017974853513,0.01819256302979416,0.003119945526123047,0.006239891052246094,0.1,"(100, 25, 100)",8,"{'NN__alpha': 0.1, 'NN__hidden_layer_sizes': (100, 25, 100), 'pca__n_components': 8}",0.0,0.0,0.0,0.0,0.0,0.0,0.0,217,0.0,0.0,0.0,0.0,0.0,0.0,0.0
59,0.5709600448608398,0.13621219188609165,0.0,0.0,0.1,"(100, 25, 100)",9,"{'NN__alpha': 0.1, 'NN__hidden_layer_sizes': (100, 25, 100), 'pca__n_components': 9}",0.0,0.0,0.3157894736842105,0.27681660899653976,0.12030075187969924,0.14229771165432117,0.1336069966776177,86,0.0,0.0,0.3387155963302746,0.32620538468606786,0.4466954520334972,0.22232328660996795,0.18629912303480106
60,0.5990400791168213,0.10744761008201825,0.006239938735961914,0.007642332965038969,0.1,"(100, 25, 100)",10,"{'NN__alpha': 0.1, 'NN__hidden_layer_sizes': (100, 25, 100), 'pca__n_components': 10}",0.42959838972491127,0.39120188531029065,0.2702702702702703,0.12075471698113208,0.0,0.24286508499878803,0.16214671065541061,36,0.3714567652806528,0.33955415269283845,0.3594936708860752,0.1040806557769399,0.0,0.23491704892730128,0.15324198772807715
61,0.6364800930023193,0.13720903528535808,0.0,0.0,0.1,"(100, 25, 100)",11,"{'NN__alpha': 0.1, 'NN__hidden_layer_sizes': (100, 25, 100), 'pca__n_components': 11}",0.17017883585829824,0.11632796075683252,0.0,0.17582417582417584,0.0622568093385214,0.10495214622088876,0.0666870713114052,113,0.06153846153846147,0.19909774436090202,0.0,0.20994529594401418,0.293040489383513,0.15272439824537815,0.1065391389754995
62,0.4960799694061279,0.11223334989099662,0.006239986419677735,0.007642391365053469,0.1,"(100, 25, 100)",12,"{'NN__alpha': 0.1, 'NN__hidden_layer_sizes': (100, 25, 100), 'pca__n_components': 12}",0.0,0.0,0.0,0.17582417582417584,0.0622568093385214,0.04744613918599466,0.0684253174087376,152,0.0,0.0,0.0,0.24675387363035148,0.293040489383513,0.1079588726027729,0.1330297799001438
63,0.7363200187683105,0.19519328214246517,0.006240034103393554,0.007642449765811762,0.1,"(100, 25, 100)",13,"{'NN__alpha': 0.1, 'NN__hidden_layer_sizes': (100, 25, 100), 'pca__n_components': 13}",0.3115745568300313,0.3105383496154645,0.2702702702702703,0.40894568690095845,0.0,0.2604180350230196,0.13769636422522644,20,0.28448646325741267,0.27302346682063733,0.3061205361327204,0.3889453388787554,0.0,0.25051516101790516,0.13166122511205047
64,0.6115198612213135,0.15040858468043058,0.0031200408935546874,0.006240081787109375,0.1,"(100, 25, 100)",14,"{'NN__alpha': 0.1, 'NN__hidden_layer_sizes': (100, 25, 100), 'pca__n_components': 14}",0.0,0.21909370875494943,0.0,0.4063492063492064,0.12030075187969924,0.14892905036143247,0.15246293156060936,85,0.0,0.28448646325741267,0.0,0.3474782000737988,0.38863384118655975,0.20411970090355425,0.16993272100091616
65,0.21216001510620117,0.01590899977514569,0.0031200408935546874,0.006240081787109375,0.01,"(50, 50)",2,"{'NN__alpha': 0.01, 'NN__hidden_layer_sizes': (50, 50), 'pca__n_components': 2}",0.0,0.0,0.0,0.0,0.0,0.0,0.0,217,0.0,0.0,0.0,0.0,0.0,0.0,0.0
66,0.27456002235412597,0.02334799323318563,0.0,0.0,0.01,"(50, 50)",3,"{'NN__alpha': 0.01, 'NN__hidden_layer_sizes': (50, 50), 'pca__n_components': 3}",0.0,0.0,0.0,0.0,0.0,0.0,0.0,217,0.0,0.0,0.0,0.0,0.0,0.0,0.0
67,0.21528005599975586,0.011673894664519945,0.0,0.0,0.01,"(50, 50)",4,"{'NN__alpha': 0.01, 'NN__hidden_layer_sizes': (50, 50), 'pca__n_components': 4}",0.0,0.0,0.0,0.0,0.0,0.0,0.0,217,0.015748031496062975,0.0,0.0,0.0,0.0,0.003149606299212595,0.0062992125984251916
68,0.22151994705200195,0.011673894664519945,0.0,0.0,0.01,"(50, 50)",5,"{'NN__alpha': 0.01, 'NN__hidden_layer_sizes': (50, 50), 'pca__n_components': 5}",0.0,0.06037095405503697,0.0,0.0,0.0,0.012117312921046708,0.02418066312573853,201,0.0,0.015685345338230048,0.0,0.01556286206356659,0.0,0.006249641480359327,0.007654314349750676
69,0.23399996757507324,0.02416736348397231,0.0031200408935546874,0.006240081787109375,0.01,"(50, 50)",6,"{'NN__alpha': 0.01, 'NN__hidden_layer_sizes': (50, 50), 'pca__n_components': 6}",0.30646153846153845,0.0,0.4322230828814872,0.0,0.272108843537415,0.20218323061531965,0.17347010157911327,58,0.32219129012790276,0.0,0.4122619759200744,0.0,0.19487330294564487,0.18586531379872442,0.16674123308723612
70,0.2527200222015381,0.054399030674939314,0.0031199932098388674,0.006239986419677735,0.01,"(50, 50)",7,"{'NN__alpha': 0.01, 'NN__hidden_layer_sizes': (50, 50), 'pca__n_components': 7}",0.0,0.0,0.0,0.0,0.0,0.0,0.0,217,0.0,0.0,0.031219083214246393,0.0,0.0,0.006243816642849278,0.012487633285698558
71,0.383759880065918,0.1288676882064905,0.0031199932098388674,0.006239986419677735,0.01,"(50, 50)",8,"{'NN__alpha': 0.01, 'NN__hidden_layer_sizes': (50, 50), 'pca__n_components': 8}",0.06013766453326893,0.0,0.3554463554463554,0.0,0.0,0.0831597594705915,0.13812591250681858,122,0.22434974159112067,0.0,0.3488943488943483,0.0,0.3038200097011896,0.17541282003733172,0.1486730536243863
72,0.34632000923156736,0.1589057236920164,0.0031199932098388674,0.006239986419677735,0.01,"(50, 50)",9,"{'NN__alpha': 0.01, 'NN__hidden_layer_sizes': (50, 50), 'pca__n_components': 9}",0.0,0.0,0.358974358974359,0.0,0.0,0.07179487179487179,0.14358974358974358,129,0.0,0.0,0.43894899536321424,0.0,0.14544283979339478,0.11687836703132182,0.17060309304230115
73,0.4804800033569336,0.12259655066555622,0.0031200408935546874,0.006240081787109375,0.01,"(50, 50)",10,"{'NN__alpha': 0.01, 'NN__hidden_layer_sizes': (50, 50), 'pca__n_components': 10}",0.11720404801129676,0.21756225425950196,0.22142857142857145,0.44720496894409945,0.17454545454545453,0.23538407077977141,0.11218366505813303,39,0.061478454680534846,0.28424216401889196,0.39898147335147877,0.3367757152444304,0.48295313148071256,0.3128861877552097,0.14207899311245728
74,0.4679999828338623,0.1473354153971958,0.0031199932098388674,0.006239986419677735,0.01,"(50, 50)",11,"{'NN__alpha': 0.01, 'NN__hidden_layer_sizes': (50, 50), 'pca__n_components': 11}",0.0,0.26656674874210473,0.2702702702702703,0.3232323232323232,0.06153846153846154,0.18423712930232572,0.12846826982244622,72,0.015685345338230048,0.2950208645626542,0.4098661768564675,0.33733398596834674,0.4376016533574645,0.29910160521663254,0.15050195840005548
75,0.35255999565124513,0.08171777787181574,0.006239938735961914,0.007642332965038969,0.01,"(50, 50)",12,"{'NN__alpha': 0.01, 'NN__hidden_layer_sizes': (50, 50), 'pca__n_components': 12}",0.3554603854389722,0.17017883585829824,0.2222222222222222,0.17582417582417584,0.12030075187969924,0.20896121302581167,0.08018815558390008,54,0.1599912116884542,0.17327574924748051,0.3058625210713611,0.28159589895787623,0.3993070375856782,0.26400648371017005,0.08879053807838712
76,0.38064002990722656,0.09796997751258614,0.0,0.0,0.01,"(50, 50)",13,"{'NN__alpha': 0.01, 'NN__hidden_layer_sizes': (50, 50), 'pca__n_components': 13}",0.0,0.43358808164844737,0.11764705882352941,0.27681660899653976,0.0,0.16572232951702612,0.16825289998055176,81,0.0,0.3068953701650774,0.10506288975795348,0.25846448610920986,0.03097707104625519,0.14027996341569918,0.12214262799187263
77,0.33383994102478026,0.18341779183061485,0.0031199932098388674,0.006239986419677735,0.01,"(50, 50)",14,"{'NN__alpha': 0.01, 'NN__hidden_layer_sizes': (50, 50), 'pca__n_components': 14}",0.0,0.0,0.0,0.17647058823529413,0.06201550387596899,0.04752687121360172,0.06865685311615813,148,0.0,0.07574890724763705,0.01571665744327612,0.13198096853907693,0.39898898038797503,0.12448710272359302,0.14499027489826835
78,0.12167997360229492,0.01167407308064747,0.0,0.0,0.01,"(50,)",2,"{'NN__alpha': 0.01, 'NN__hidden_layer_sizes': (50,), 'pca__n_components': 2}",0.0,0.0,0.0,0.0,0.0,0.0,0.0,217,0.01571662591106572,0.0,0.0,0.015578350168086293,0.0,0.006258995215830403,0.007665797002646983
79,0.11232004165649415,0.011673932896651614,0.0,0.0,0.01,"(50,)",3,"{'NN__alpha': 0.01, 'NN__hidden_layer_sizes': (50,), 'pca__n_components': 3}",0.0,0.0,0.0,0.0,0.0,0.0,0.0,217,0.015623156255162467,0.0,0.0,0.0,0.0,0.0031246312510324935,0.006249262502064986
80,0.12479996681213379,0.04933155984703057,0.0031199932098388674,0.006239986419677735,0.01,"(50,)",4,"{'NN__alpha': 0.01, 'NN__hidden_layer_sizes': (50,), 'pca__n_components': 4}",0.0,0.059676452965847816,0.0,0.0,0.0,0.011977916631002313,0.023902491327048192,209,0.0,0.08852634394223044,0.0,0.0,0.22297932001401988,0.06230113279125007,0.0873493388530536
81,0.10607995986938476,0.006239962578503042,0.0,0.0,0.01,"(50,)",5,"{'NN__alpha': 0.01, 'NN__hidden_layer_sizes': (50,), 'pca__n_components': 5}",0.39120188531029065,0.0,0.4633781763826607,0.06015037593984962,0.3106796116504854,0.24509656121217152,0.18315318274200781,33,0.2450339296730411,0.0,0.42344721819885767,0.16742932539793906,0.21605466574289128,0.21039302780254582,0.13618754726055624
82,0.07488007545471191,0.006240105629650488,0.0,0.0,0.01,"(50,)",6,"{'NN__alpha': 0.01, 'NN__hidden_layer_sizes': (50,), 'pca__n_components': 6}",0.4143477858925765,0.0,0.11632270168855535,0.06037735849056604,0.27027027027027023,0.17232340909491628,0.1508436116262315,76,0.4305274814124758,0.0,0.11762269621039527,0.1268702225121606,0.14370703427138046,0.16374548688128243,0.14274022110434909
83,0.1092000961303711,0.019732682746584542,0.0,0.0,0.01,"(50,)",7,"{'NN__alpha': 0.01, 'NN__hidden_layer_sizes': (50,), 'pca__n_components': 7}",0.0,0.2594560800250078,0.0,0.0,0.0,0.05207654177644799,0.10392116813807291,140,0.0,0.2811040339702757,0.07611492281303588,0.11729738101735392,0.04606330228462849,0.1041159280170588,0.09642907286272626
84,0.1466400146484375,0.012479984760825302,0.0,0.0,0.01,"(50,)",8,"{'NN__alpha': 0.01, 'NN__hidden_layer_sizes': (50,), 'pca__n_components': 8}",0.30646153846153845,0.0,0.4308880308880309,0.0,0.36129032258064514,0.21968881496881498,0.18366667230257078,43,0.3739690430459831,0.13295842538662367,0.4987747100147029,0.030763993129168478,0.4273798262963275,0.29276919957456116,0.17963179979555638
85,0.09360003471374512,0.0,0.0,0.0,0.01,"(50,)",9,"{'NN__alpha': 0.01, 'NN__hidden_layer_sizes': (50,), 'pca__n_components': 9}",0.0,0.06013766453326893,0.06037000973709834,0.06083650190114069,0.0625,0.04872369320761026,0.024430155586229404,144,0.0,0.0,0.13209302325581368,0.14305039864145264,0.0900525457510417,0.07303919352966161,0.06220582831739498
86,0.15911993980407715,0.04972462611416582,0.0,0.0,0.01,"(50,)",10,"{'NN__alpha': 0.01, 'NN__hidden_layer_sizes': (50,), 'pca__n_components': 10}",0.39367588932806324,0.39120188531029065,0.11764705882352941,0.3221476510067114,0.16724738675958187,0.278595033343401,0.11503461851097312,13,0.31467617349970256,0.2950208645626542,0.13246268656716392,0.40601559598960213,0.5296243055285744,0.3355599252295394,0.13111294377096994
87,0.12791996002197265,0.006239986419677735,0.0,0.0,0.01,"(50,)",11,"{'NN__alpha': 0.01, 'NN__hidden_layer_sizes': (50,), 'pca__n_components': 11}",0.45396536007292604,0.35201454104816715,0.31155778894472363,0.469208211143695,0.2711864406779661,0.37163331498413804,0.07789545841917603,1,0.4814545454545453,0.290327725061797,0.40571428571428514,0.4349543497800268,0.3522881897637442,0.3929478191548797,0.06624962046344929
88,0.14976000785827637,0.023347916768852735,0.0,0.0,0.01,"(50,)",12,"{'NN__alpha': 0.01, 'NN__hidden_layer_sizes': (50,), 'pca__n_components': 12}",0.39367588932806324,0.16894718986769197,0.2222222222222222,0.22775800711743774,0.0622568093385214,0.21516674376245856,0.10735817940611403,51,0.3609596510359865,0.19927754364840433,0.28351397604107187,0.21032140665665092,0.30459111620346885,0.2717327387171165,0.06033410213762064
89,0.13104000091552734,0.06049900640024481,0.0,0.0,0.01,"(50,)",13,"{'NN__alpha': 0.01, 'NN__hidden_layer_sizes': (50,), 'pca__n_components': 13}",0.21986754966887417,0.38997650743931084,0.2222222222222222,0.12075471698113208,0.0,0.19091354879097006,0.1286947072121829,68,0.11895242801311699,0.31704980842911845,0.3170527490929383,0.23341874615814912,0.21032140665665092,0.23935902766999478,0.07409236314627085
90,0.1466400146484375,0.02719958507609359,0.0031199932098388674,0.006239986419677735,0.01,"(50,)",14,"{'NN__alpha': 0.01, 'NN__hidden_layer_sizes': (50,), 'pca__n_components': 14}",0.0,0.2674830808894619,0.17142857142857143,0.0625,0.0,0.10042874694995628,0.10454961732188285,118,0.0,0.2609272897002383,0.26024886659592894,0.0900525457510417,0.24718682001865047,0.17168310441317186,0.10737585050395035
91,0.081119966506958,0.026839290655116338,0.0031199932098388674,0.006239986419677735,0.01,"(25,)",2,"{'NN__alpha': 0.01, 'NN__hidden_layer_sizes': (25,), 'pca__n_components': 2}",0.1167643610785463,0.25436714679742567,0.059443911792905084,0.06177606177606178,0.0625,0.11114662160763057,0.07493598245780353,104,0.09004352557127301,0.21985138444933347,0.14516458801880977,0.10388330670807246,0.01559386913072805,0.11490733477564334,0.06712921509614832
92,0.06863994598388672,0.007642508165826268,0.0,0.0,0.01,"(25,)",3,"{'NN__alpha': 0.01, 'NN__hidden_layer_sizes': (25,), 'pca__n_components': 3}",0.0,0.0,0.0,0.0,0.0,0.0,0.0,217,0.0754587940271286,0.0,0.0,0.0,0.0,0.01509175880542572,0.03018351761085144
93,0.08112001419067383,0.018192456719707324,0.0031199932098388674,0.006239986419677735,0.01,"(25,)",4,"{'NN__alpha': 0.01, 'NN__hidden_layer_sizes': (25,), 'pca__n_components': 4}",0.1154648736378391,0.30054315027157513,0.3136593591905565,0.0,0.273037542662116,0.20064310692473686,0.12280528802011817,62,0.280865507000424,0.3315866533097014,0.1962681409813403,0.0,0.35285541320925706,0.23231514290014452,0.12807157324520319
94,0.1279200553894043,0.011673983872827169,0.0,0.0,0.01,"(25,)",5,"{'NN__alpha': 0.01, 'NN__hidden_layer_sizes': (25,), 'pca__n_components': 5}",0.41434778589257637,0.3095090118085767,0.35661462612982747,0.27027027027027023,0.39999999999999997,0.35018661491127223,0.054165632120814,9,0.48243369205999476,0.3005349071314368,0.3469055374592827,0.19522049282091886,0.39740626444608196,0.344500178783543,0.09596651862792475
95,0.09672007560729981,0.011673996616592816,0.0,0.0,0.01,"(25,)",6,"{'NN__alpha': 0.01, 'NN__hidden_layer_sizes': (25,), 'pca__n_components': 6}",0.21680452764475402,0.2585938311351127,0.4538799414348463,0.0,0.3137254901960785,0.24871623870257528,0.1476902185990036,26,0.2900848504162846,0.2204278698077081,0.4151699941525347,0.061068702290076216,0.4440995614499188,0.2861701956233045,0.13898970669630195
96,0.21216001510620117,0.06286631054275021,0.0031199932098388674,0.006239986419677735,0.01,"(25,)",7,"{'NN__alpha': 0.01, 'NN__hidden_layer_sizes': (25,), 'pca__n_components': 7}",0.3816091954022989,0.11503811503811504,0.4282425172678435,0.06153846153846154,0.31683168316831684,0.2607364781728169,0.14608084308475588,17,0.4472740502052905,0.13221489914120216,0.5241498468546293,0.060890539454037176,0.35059740881406276,0.30302534889384436,0.17875810918705337
97,0.14352002143859863,0.03744010925292969,0.0,0.0,0.01,"(25,)",8,"{'NN__alpha': 0.01, 'NN__hidden_layer_sizes': (25,), 'pca__n_components': 8}",0.059906171057380005,0.16956077630234934,0.11293260473588343,0.0,0.06177606177606178,0.08095490197832324,0.056996577890351445,125,0.03094325511825742,0.031004121393780407,0.1579532814238039,0.0,0.015485881207400165,0.04707730782864838,0.05661524114240679
98,0.10919990539550781,0.03946523355268056,0.0031200408935546874,0.006240081787109375,0.01,"(25,)",9,"{'NN__alpha': 0.01, 'NN__hidden_layer_sizes': (25,), 'pca__n_components': 9}",0.06013766453326893,0.059676452965847816,0.17142857142857143,0.17454545454545453,0.12075471698113208,0.11718322490940677,0.05063318913963755,98,0.045835352766045785,0.1973174366616987,0.2114353782013099,0.20901087809801458,0.07539270192577519,0.14779834953056883,0.07195528552682313
99,0.09672007560729981,0.04345662748253526,0.009359931945800782,0.007642352431958399,0.01,"(25,)",10,"{'NN__alpha': 0.01, 'NN__hidden_layer_sizes': (25,), 'pca__n_components': 10}",0.11720404801129676,0.0,0.06060606060606061,0.0,0.0,0.0356457389006224,0.04712929005154641,159,0.07626200953851107,0.0,0.015623280888986657,0.03088539158264322,0.07481615848380599,0.039517368098789384,0.030994302962961524
100,0.17783989906311035,0.03212244896893654,0.006240034103393554,0.007642449765811761,0.01,"(25,)",11,"{'NN__alpha': 0.01, 'NN__hidden_layer_sizes': (25,), 'pca__n_components': 11}",0.06060606060606061,0.2674830808894619,0.0,0.17647058823529413,0.06177606177606178,0.11333133150957868,0.09602320898983914,102,0.03115733985974487,0.22454950180199257,0.13233923578751136,0.10398188760451593,0.08936705825941005,0.11627900466263497,0.06340599552180347
101,0.1559999942779541,0.03272283304419408,0.0,0.0,0.01,"(25,)",12,"{'NN__alpha': 0.01, 'NN__hidden_layer_sizes': (25,), 'pca__n_components': 12}",0.16956077630234934,0.1665366179913053,0.1683257918552036,0.12075471698113208,0.06177606177606178,0.1375004834208793,0.042002307342172626,94,0.11861673535208732,0.10446583556888105,0.19505494505494467,0.060246075519728354,0.08953744989415827,0.11358420827795992,0.04509801546742807
102,0.09047999382019042,0.011673996616592816,0.0,0.0,0.01,"(25,)",13,"{'NN__alpha': 0.01, 'NN__hidden_layer_sizes': (25,), 'pca__n_components': 13}",0.39120188531029065,0.5376034544800289,0.3094841930116472,0.360128617363344,0.1702127659574468,0.35401080033631543,0.11907622777792164,5,0.3280930951767338,0.23608634542365034,0.36291530801092725,0.2980354326089502,0.28910438191180604,0.30284691262641356,0.04222454897584912
103,0.07175998687744141,0.01247992515609513,0.0031199932098388674,0.006239986419677735,0.01,"(25,)",14,"{'NN__alpha': 0.01, 'NN__hidden_layer_sizes': (25,), 'pca__n_components': 14}",0.0,0.11632796075683252,0.0,0.06083650190114069,0.0,0.035472529287920135,0.04685484792458185,164,0.0,0.10476341193226764,0.01573232882783068,0.04483199278358257,0.030946450809464447,0.03925483687062907,0.03601599077073487
104,0.08112001419067383,0.006240010264040759,0.0,0.0,0.01,"(25, 25)",2,"{'NN__alpha': 0.01, 'NN__hidden_layer_sizes': (25, 25), 'pca__n_components': 2}",0.0,0.0,0.16711590296495957,0.0,0.06106870229007634,0.04559330054937141,0.0651920960103608,153,0.0,0.0,0.10149070859710005,0.0,0.08794449646467235,0.03788704101235448,0.04659926824877638
105,0.08112006187438965,0.011673945640278138,0.0031199932098388674,0.006239986419677735,0.01,"(25, 25)",3,"{'NN__alpha': 0.01, 'NN__hidden_layer_sizes': (25, 25), 'pca__n_components': 3}",0.0,0.06060606060606061,0.0,0.0,0.0,0.012164502164502164,0.024274831462117213,193,0.0,0.04646592265038249,0.0,0.07553822887931347,0.0,0.024400830305939192,0.03126692627003388
106,0.12167997360229492,0.011673945640278138,0.0,0.0,0.01,"(25, 25)",4,"{'NN__alpha': 0.01, 'NN__hidden_layer_sizes': (25, 25), 'pca__n_components': 4}",0.0,0.0,0.06013579049466537,0.0,0.0,0.012027158098933075,0.02405431619786615,205,0.0,0.0,0.0,0.0,0.01559386913072805,0.00311877382614561,0.00623754765229122
107,0.09048004150390625,0.018192530319439324,0.0031200408935546874,0.006240081787109375,0.01,"(25, 25)",5,"{'NN__alpha': 0.01, 'NN__hidden_layer_sizes': (25, 25), 'pca__n_components': 5}",0.0,0.0,0.17017383348581888,0.0,0.0,0.03403476669716378,0.06806953339432757,170,0.0,0.0,0.10377949467529735,0.0,0.0,0.02075589893505947,0.04151179787011894
108,0.12792000770568848,0.015284870330733025,0.0031199932098388674,0.006239986419677735,0.01,"(25, 25)",6,"{'NN__alpha': 0.01, 'NN__hidden_layer_sizes': (25, 25), 'pca__n_components': 6}",0.059906171057380005,0.0,0.0,0.17454545454545453,0.12075471698113208,0.0708731299450296,0.06837177175595648,132,0.046238737165607266,0.061239592969472637,0.0,0.14214112583207583,0.2342406032755975,0.09677201184855064,0.08262803041508679
109,0.14976000785827637,0.057190508653629124,0.0,0.0,0.01,"(25, 25)",7,"{'NN__alpha': 0.01, 'NN__hidden_layer_sizes': (25, 25), 'pca__n_components': 7}",0.0,0.06037095405503697,0.21985815602836878,0.0,0.0,0.056088944126720455,0.0851650505948042,136,0.031004121393780407,0.046420307131337164,0.30279992582977877,0.10388330670807246,0.0,0.09682153221259375,0.1083730514959501
110,0.2246399402618408,0.08464345568033092,0.0,0.0,0.01,"(25, 25)",8,"{'NN__alpha': 0.01, 'NN__hidden_layer_sizes': (25, 25), 'pca__n_components': 8}",0.0,0.0,0.0,0.0,0.06201550387596899,0.012358803986710963,0.024772917078097038,184,0.0,0.0,0.0,0.0,0.01554740472522227,0.003109480945044454,0.006218961890088908
111,0.12168006896972657,0.04115561654917315,0.006240081787109375,0.007642508165826268,0.01,"(25, 25)",9,"{'NN__alpha': 0.01, 'NN__hidden_layer_sizes': (25, 25), 'pca__n_components': 9}",0.059676452965847816,0.0,0.0,0.0,0.0,0.011977916631002313,0.023902491327048192,209,0.0,0.03115733985974487,0.015592401449434471,0.0,0.01556286206356659,0.012462520674549189,0.01165790185142887
112,0.17472004890441895,0.02859529334722648,0.0031199932098388674,0.006239986419677735,0.01,"(25, 25)",10,"{'NN__alpha': 0.01, 'NN__hidden_layer_sizes': (25, 25), 'pca__n_components': 10}",0.0,0.0,0.0,0.06083650190114069,0.0,0.012123845736013038,0.024301949072810025,197,0.0,0.0,0.0,0.015349217869330873,0.0,0.0030698435738661747,0.006139687147732349
113,0.2714400768280029,0.11698960816687459,0.006239938735961914,0.007642332965038969,0.01,"(25, 25)",11,"{'NN__alpha': 0.01, 'NN__hidden_layer_sizes': (25, 25), 'pca__n_components': 11}",0.3566240409207161,0.06060606060606061,0.0,0.12075471698113208,0.0,0.10780873183340008,0.13246671054909037,109,0.15984371227253755,0.031249999999999965,0.0,0.015516581981095966,0.015609419043805275,0.04444394265948775,0.05854002551541598
114,0.1372800350189209,0.011674034848585363,0.0,0.0,0.01,"(25, 25)",12,"{'NN__alpha': 0.01, 'NN__hidden_layer_sizes': (25, 25), 'pca__n_components': 12}",0.0,0.06060606060606061,0.06013579049466537,0.0,0.0,0.024191660263435243,0.02958494192670588,177,0.015748031496062975,0.031249999999999965,0.0,0.015624999999999969,0.01554740472522227,0.015634087244257036,0.0098823276092796
115,0.12792000770568848,0.03611667258942896,0.006240034103393554,0.007642449765811762,0.01,"(25, 25)",13,"{'NN__alpha': 0.01, 'NN__hidden_layer_sizes': (25, 25), 'pca__n_components': 13}",0.5111187136503592,0.16956077630234934,0.21830985915492956,0.11851851851851852,0.06201550387596899,0.21626192106296674,0.15663374370263525,46,0.4129756706175917,0.11895242801311699,0.22257053291536008,0.0876163333063999,0.1971523694836009,0.2078534668672139,0.1138126416405043
116,0.09983987808227539,0.012480044365270808,0.0,0.0,0.01,"(25, 25)",14,"{'NN__alpha': 0.01, 'NN__hidden_layer_sizes': (25, 25), 'pca__n_components': 14}",0.0,0.21456268849633778,0.0,0.16666666666666666,0.3137254901960785,0.13880109088012632,0.12298259470629701,88,0.04646592265038249,0.1301526967691197,0.0,0.17885863772890187,0.27226660579776274,0.12554877258923336,0.09633883108444223
117,0.40560002326965333,0.055812295188400786,0.0031199932098388674,0.006239986419677735,0.01,"(100, 25, 100)",2,"{'NN__alpha': 0.01, 'NN__hidden_layer_sizes': (100, 25, 100), 'pca__n_components': 2}",0.0,0.0,0.0,0.0,0.0,0.0,0.0,217,0.0,0.0,0.0,0.0,0.0,0.0,0.0
118,0.4024799823760986,0.011673920152816408,0.009359979629516601,0.007642391366541051,0.01,"(100, 25, 100)",3,"{'NN__alpha': 0.01, 'NN__hidden_layer_sizes': (100, 25, 100), 'pca__n_components': 3}",0.0,0.0,0.0,0.0,0.0,0.0,0.0,217,0.0,0.0,0.0,0.0,0.0,0.0,0.0
119,0.45864005088806153,0.046904102981272656,0.006239986419677735,0.007642391366541052,0.01,"(100, 25, 100)",4,"{'NN__alpha': 0.01, 'NN__hidden_layer_sizes': (100, 25, 100), 'pca__n_components': 4}",0.0,0.0,0.0,0.0,0.0,0.0,0.0,217,0.0,0.0,0.0,0.0,0.0,0.0,0.0
120,0.5460000038146973,0.20766176731702962,0.009360027313232423,0.007642430300627835,0.01,"(100, 25, 100)",5,"{'NN__alpha': 0.01, 'NN__hidden_layer_sizes': (100, 25, 100), 'pca__n_components': 5}",0.0,0.0,0.0,0.0,0.06153846153846154,0.012263736263736263,0.024582356177496295,189,0.0,0.0,0.0,0.0,0.40729611602264765,0.08145922320452953,0.16291844640905906
121,0.45864014625549315,0.13833952280109724,0.006240034103393554,0.007642449765811762,0.01,"(100, 25, 100)",6,"{'NN__alpha': 0.01, 'NN__hidden_layer_sizes': (100, 25, 100), 'pca__n_components': 6}",0.0,0.0,0.0,0.0,0.17328519855595667,0.03453326456936565,0.06922107515684878,167,0.0,0.0,0.0,0.0,0.4870985619694884,0.09741971239389768,0.19483942478779537
122,0.4055999755859375,0.027906067626394325,0.006239986419677735,0.007642391365053469,0.01,"(100, 25, 100)",7,"{'NN__alpha': 0.01, 'NN__hidden_layer_sizes': (100, 25, 100), 'pca__n_components': 7}",0.0,0.0,0.0,0.0,0.0,0.0,0.0,217,0.0,0.0,0.0,0.0,0.0,0.0,0.0
123,0.4960799694061279,0.20444927930440648,0.009360074996948242,0.007642469232731191,0.01,"(100, 25, 100)",8,"{'NN__alpha': 0.01, 'NN__hidden_layer_sizes': (100, 25, 100), 'pca__n_components': 8}",0.0,0.0,0.0,0.0,0.11895910780669144,0.023706850770047794,0.04751979632824562,181,0.0,0.0,0.0,0.0,0.49987135405702426,0.09997427081140485,0.1999485416228097
124,0.6146399497985839,0.1752762205269502,0.0031200408935546874,0.006240081787109375,0.01,"(100, 25, 100)",9,"{'NN__alpha': 0.01, 'NN__hidden_layer_sizes': (100, 25, 100), 'pca__n_components': 9}",0.0,0.0,0.3157894736842105,0.27681660899653976,0.1198501872659176,0.14220792056343184,0.1336219002165811,87,0.0,0.0,0.3387155963302746,0.3370546194376332,0.4193650458812356,0.21902705232982864,0.18129360999611904
125,0.5896799087524414,0.15265696468671122,0.006239986419677735,0.007642391365053469,0.01,"(100, 25, 100)",10,"{'NN__alpha': 0.01, 'NN__hidden_layer_sizes': (100, 25, 100), 'pca__n_components': 10}",0.42959838972491127,0.4953431594176688,0.3157894736842105,0.0,0.0,0.24880687710045996,0.21054867868737914,25,0.4021565798466092,0.47538688018383535,0.3802892340653448,0.0,0.0,0.25156653881915786,0.2078046606039406
126,0.6739200115203857,0.045641644074322425,0.0031199932098388674,0.006239986419677735,0.01,"(100, 25, 100)",11,"{'NN__alpha': 0.01, 'NN__hidden_layer_sizes': (100, 25, 100), 'pca__n_components': 11}",0.17017883585829824,0.21832529592284086,0.17079889807162532,0.22775800711743774,0.06201550387596899,0.16988583004122546,0.05880027080076764,80,0.061478454680534846,0.2365030997162969,0.3592013732044441,0.22258299277836827,0.293040489383513,0.23456128195263143,0.09905542409507544
127,0.5054399967193604,0.1190515394390895,0.0031200408935546874,0.006240081787109375,0.01,"(100, 25, 100)",12,"{'NN__alpha': 0.01, 'NN__hidden_layer_sizes': (100, 25, 100), 'pca__n_components': 12}",0.0,0.0,0.0,0.0622568093385214,0.0622568093385214,0.024813785436353528,0.030481193565814486,174,0.0,0.0,0.0,0.2225829927783683,0.3687745468036379,0.11827150791640124,0.1520507199064226
128,0.7456800460815429,0.25258507069930447,0.0,0.0,0.01,"(100, 25, 100)",13,"{'NN__alpha': 0.01, 'NN__hidden_layer_sizes': (100, 25, 100), 'pca__n_components': 13}",0.39120188531029065,0.3105383496154645,0.2702702702702703,0.3221476510067114,0.0,0.25910276880048955,0.13501645896128825,22,0.495880149812734,0.28424216401889196,0.3392758684065423,0.3781648479160981,0.0,0.2995126060308533,0.16508694194871718
129,0.6520799160003662,0.19593997552556897,0.0,0.0,0.01,"(100, 25, 100)",14,"{'NN__alpha': 0.01, 'NN__hidden_layer_sizes': (100, 25, 100), 'pca__n_components': 14}",0.0,0.26656674874210473,0.0,0.40764331210191085,0.12030075187969924,0.158715464462429,0.15834064233788767,84,0.0,0.2960282938330824,0.0,0.3149494029348273,0.4365845772813501,0.20951245480985198,0.17773836202486723
130,0.19967989921569823,0.011673971128852842,0.0,0.0,0.001,"(50, 50)",2,"{'NN__alpha': 0.001, 'NN__hidden_layer_sizes': (50, 50), 'pca__n_components': 2}",0.0,0.0,0.0,0.0,0.0,0.0,0.0,217,0.0,0.0,0.0,0.0,0.0,0.0,0.0
131,0.26519999504089353,0.026103764514015654,0.0031199932098388674,0.006239986419677735,0.001,"(50, 50)",3,"{'NN__alpha': 0.001, 'NN__hidden_layer_sizes': (50, 50), 'pca__n_components': 3}",0.0,0.0,0.0,0.0,0.0,0.0,0.0,217,0.0,0.0,0.0,0.0,0.0,0.0,0.0
132,0.21215996742248536,0.007642449765811761,0.0031199932098388674,0.006239986419677735,0.001,"(50, 50)",4,"{'NN__alpha': 0.001, 'NN__hidden_layer_sizes': (50, 50), 'pca__n_components': 4}",0.0,0.0,0.0,0.0,0.0,0.0,0.0,217,0.015748031496062975,0.0,0.0,0.0,0.0,0.003149606299212595,0.0062992125984251916
133,0.23399996757507324,0.017088906602916967,0.0031200408935546874,0.006240081787109375,0.001,"(50, 50)",5,"{'NN__alpha': 0.001, 'NN__hidden_layer_sizes': (50, 50), 'pca__n_components': 5}",0.0,0.06037095405503697,0.0,0.0,0.0,0.012117312921046708,0.02418066312573853,201,0.0,0.015685345338230048,0.0,0.01556286206356659,0.0,0.006249641480359327,0.007654314349750676
134,0.24960002899169922,0.026103906996260143,0.0031199932098388674,0.006239986419677735,0.001,"(50, 50)",6,"{'NN__alpha': 0.001, 'NN__hidden_layer_sizes': (50, 50), 'pca__n_components': 6}",0.30646153846153845,0.0,0.4322230828814872,0.0,0.272108843537415,0.20218323061531965,0.17347010157911327,58,0.32219129012790276,0.0,0.4122619759200744,0.0,0.19487330294564487,0.18586531379872442,0.16674123308723612
135,0.23712005615234374,0.046695871769237174,0.0031199932098388674,0.006239986419677735,0.001,"(50, 50)",7,"{'NN__alpha': 0.001, 'NN__hidden_layer_sizes': (50, 50), 'pca__n_components': 7}",0.0,0.0,0.0,0.0,0.0,0.0,0.0,217,0.0,0.0,0.031219083214246393,0.0,0.0,0.006243816642849278,0.012487633285698558
136,0.37128005027770994,0.152017997400946,0.0,0.0,0.001,"(50, 50)",8,"{'NN__alpha': 0.001, 'NN__hidden_layer_sizes': (50, 50), 'pca__n_components': 8}",0.06013766453326893,0.0,0.3554463554463554,0.0,0.0,0.0831597594705915,0.13812591250681858,122,0.19927754364840433,0.0,0.3488943488943483,0.0,0.3038200097011896,0.17039838044878844,0.14735492125472677
137,0.355679988861084,0.15767582951692252,0.0,0.0,0.001,"(50, 50)",9,"{'NN__alpha': 0.001, 'NN__hidden_layer_sizes': (50, 50), 'pca__n_components': 9}",0.0,0.0,0.358974358974359,0.0,0.0,0.07179487179487179,0.14358974358974358,129,0.0,0.0,0.43894899536321424,0.0,0.14544283979339478,0.11687836703132182,0.17060309304230115
138,0.4844001293182373,0.1503817973809889,0.0,0.0,0.001,"(50, 50)",10,"{'NN__alpha': 0.001, 'NN__hidden_layer_sizes': (50, 50), 'pca__n_components': 10}",0.11720404801129676,0.21756225425950196,0.22142857142857145,0.44720496894409945,0.22456140350877193,0.24535153489460396,0.10849674231622268,31,0.061478454680534846,0.28424216401889196,0.39898147335147877,0.3367757152444304,0.5174897178853831,0.3197935050361438,0.15075376310576552
139,0.4282398700714111,0.11478606244259511,0.006239986419677735,0.007642391366541052,0.001,"(50, 50)",11,"{'NN__alpha': 0.001, 'NN__hidden_layer_sizes': (50, 50), 'pca__n_components': 11}",0.0,0.26656674874210473,0.2702702702702703,0.3232323232323232,0.06153846153846154,0.18423712930232572,0.12846826982244622,72,0.015685345338230048,0.29477007772020697,0.4098661768564675,0.33733398596834674,0.42804764013977,0.29714064520460426,0.14878299423251956
140,0.34671998023986816,0.07502655317561274,0.0,0.0,0.001,"(50, 50)",12,"{'NN__alpha': 0.001, 'NN__hidden_layer_sizes': (50, 50), 'pca__n_components': 12}",0.3554603854389722,0.17017883585829824,0.2222222222222222,0.17582417582417584,0.12030075187969924,0.20896121302581167,0.08018815558390008,54,0.17327574924748051,0.17327574924748051,0.3058625210713611,0.28159589895787623,0.3993070375856782,0.2666633912219753,0.08578623646716724
141,0.38475990295410156,0.09181493166381736,0.0,0.0,0.001,"(50, 50)",13,"{'NN__alpha': 0.001, 'NN__hidden_layer_sizes': (50, 50), 'pca__n_components': 13}",0.0,0.43358808164844737,0.11764705882352941,0.27681660899653976,0.0,0.16572232951702612,0.16825289998055176,81,0.0,0.3068953701650774,0.10506288975795348,0.25846448610920986,0.03097707104625519,0.14027996341569918,0.12214262799187263
142,0.39039998054504393,0.2318170695918047,0.006239986419677735,0.007642391365053469,0.001,"(50, 50)",14,"{'NN__alpha': 0.001, 'NN__hidden_layer_sizes': (50, 50), 'pca__n_components': 14}",0.0,0.0,0.0,0.17647058823529413,0.06201550387596899,0.04752687121360172,0.06865685311615813,148,0.0,0.07574890724763705,0.01571665744327612,0.13198096853907693,0.39898898038797503,0.12448710272359302,0.14499027489826835
143,0.10648012161254883,0.01179051597234116,0.0,0.0,0.001,"(50,)",2,"{'NN__alpha': 0.001, 'NN__hidden_layer_sizes': (50,), 'pca__n_components': 2}",0.0,0.0,0.0,0.0,0.0,0.0,0.0,217,0.01571662591106572,0.0,0.0,0.015578350168086293,0.0,0.006258995215830403,0.007665797002646983
144,0.11232008934020996,0.018192595740590106,0.0,0.0,0.001,"(50,)",3,"{'NN__alpha': 0.001, 'NN__hidden_layer_sizes': (50,), 'pca__n_components': 3}",0.0,0.0,0.0,0.0,0.0,0.0,0.0,217,0.015623156255162467,0.0,0.0,0.0,0.0,0.0031246312510324935,0.006249262502064986
145,0.13104004859924318,0.04478039660542251,0.0,0.0,0.001,"(50,)",4,"{'NN__alpha': 0.001, 'NN__hidden_layer_sizes': (50,), 'pca__n_components': 4}",0.0,0.059676452965847816,0.0,0.0,0.0,0.011977916631002313,0.023902491327048192,209,0.0,0.08852634394223044,0.0,0.0,0.23527609924535609,0.06476048863751731,0.09189358193588787
146,0.11855998039245605,0.012480092048986625,0.0,0.0,0.001,"(50,)",5,"{'NN__alpha': 0.001, 'NN__hidden_layer_sizes': (50,), 'pca__n_components': 5}",0.39120188531029065,0.0,0.4633781763826607,0.06015037593984962,0.3106796116504854,0.24509656121217152,0.18315318274200781,33,0.2450339296730411,0.0,0.42344721819885767,0.16742932539793906,0.2039281122630409,0.20796771710657577,0.13617310341850672
147,0.07487998008728028,0.01167404759249013,0.0031200408935546874,0.006240081787109375,0.001,"(50,)",6,"{'NN__alpha': 0.001, 'NN__hidden_layer_sizes': (50,), 'pca__n_components': 6}",0.4143477858925765,0.0,0.11632270168855535,0.06037735849056604,0.27027027027027023,0.17232340909491628,0.1508436116262315,76,0.4305274814124758,0.0,0.11762269621039527,0.1268702225121606,0.14370703427138046,0.16374548688128243,0.14274022110434909
148,0.12167997360229492,0.011673945640278138,0.0,0.0,0.001,"(50,)",7,"{'NN__alpha': 0.001, 'NN__hidden_layer_sizes': (50,), 'pca__n_components': 7}",0.0,0.2594560800250078,0.0,0.0,0.0,0.05207654177644799,0.10392116813807291,140,0.0,0.2811040339702757,0.07611492281303588,0.11729738101735392,0.04606330228462849,0.1041159280170588,0.09642907286272626
149,0.14975991249084472,0.007642488699898547,0.0031199932098388674,0.006239986419677735,0.001,"(50,)",8,"{'NN__alpha': 0.001, 'NN__hidden_layer_sizes': (50,), 'pca__n_components': 8}",0.16894718986769197,0.0,0.4308880308880309,0.0,0.36363636363636365,0.19255525318286823,0.17926578605977508,66,0.23546396066534137,0.13295842538662367,0.4987747100147029,0.030763993129168478,0.4273798262963275,0.2650681830984328,0.17560846320525667
150,0.09359993934631347,0.00986628482804185,0.003119945526123047,0.006239891052246094,0.001,"(50,)",9,"{'NN__alpha': 0.001, 'NN__hidden_layer_sizes': (50,), 'pca__n_components': 9}",0.0,0.06013766453326893,0.06037000973709834,0.06083650190114069,0.0625,0.04872369320761026,0.024430155586229404,144,0.0,0.0,0.13209302325581368,0.14305039864145264,0.0900525457510417,0.07303919352966161,0.06220582831739498
151,0.15911993980407715,0.04232169620288461,0.0,0.0,0.001,"(50,)",10,"{'NN__alpha': 0.001, 'NN__hidden_layer_sizes': (50,), 'pca__n_components': 10}",0.39367588932806324,0.39120188531029065,0.11764705882352941,0.3221476510067114,0.16724738675958187,0.278595033343401,0.11503461851097312,13,0.31467617349970256,0.2950208645626542,0.13246268656716392,0.40601559598960213,0.5296243055285744,0.3355599252295394,0.13111294377096994
152,0.12792000770568848,0.020695758348418532,0.006239986419677735,0.007642391366541052,0.001,"(50,)",11,"{'NN__alpha': 0.001, 'NN__hidden_layer_sizes': (50,), 'pca__n_components': 11}",0.45396536007292604,0.35201454104816715,0.31155778894472363,0.469208211143695,0.2711864406779661,0.37163331498413804,0.07789545841917603,1,0.4814545454545453,0.290327725061797,0.40571428571428514,0.4349543497800268,0.3522881897637442,0.3929478191548797,0.06624962046344929
153,0.14040002822875977,0.022061683559639646,0.009359979629516601,0.007642391366541051,0.001,"(50,)",12,"{'NN__alpha': 0.001, 'NN__hidden_layer_sizes': (50,), 'pca__n_components': 12}",0.39367588932806324,0.16894718986769197,0.2222222222222222,0.22775800711743774,0.0622568093385214,0.21516674376245856,0.10735817940611403,51,0.3609596510359865,0.19927754364840433,0.28351397604107187,0.21032140665665092,0.30459111620346885,0.2717327387171165,0.06033410213762064
154,0.13124003410339355,0.05315436929219005,0.006239986419677735,0.007642391365053469,0.001,"(50,)",13,"{'NN__alpha': 0.001, 'NN__hidden_layer_sizes': (50,), 'pca__n_components': 13}",0.21986754966887417,0.38997650743931084,0.2222222222222222,0.12075471698113208,0.0,0.19091354879097006,0.1286947072121829,68,0.11895242801311699,0.31704980842911845,0.3170527490929383,0.23341874615814912,0.21032140665665092,0.23935902766999478,0.07409236314627085
155,0.16284003257751464,0.04778938185834955,0.0,0.0,0.001,"(50,)",14,"{'NN__alpha': 0.001, 'NN__hidden_layer_sizes': (50,), 'pca__n_components': 14}",0.0,0.2674830808894619,0.17142857142857143,0.0625,0.0,0.10042874694995628,0.10454961732188285,118,0.0,0.2609272897002383,0.26024886659592894,0.0900525457510417,0.24718682001865047,0.17168310441317186,0.10737585050395035
156,0.09048004150390625,0.015284831397761916,0.0,0.0,0.001,"(25,)",2,"{'NN__alpha': 0.001, 'NN__hidden_layer_sizes': (25,), 'pca__n_components': 2}",0.1167643610785463,0.25436714679742567,0.059443911792905084,0.06177606177606178,0.0625,0.11114662160763057,0.07493598245780353,104,0.09004352557127301,0.21985138444933347,0.14516458801880977,0.10388330670807246,0.01559386913072805,0.11490733477564334,0.06712921509614832
157,0.06551990509033204,0.011674124056405666,0.0031200408935546874,0.006240081787109375,0.001,"(25,)",3,"{'NN__alpha': 0.001, 'NN__hidden_layer_sizes': (25,), 'pca__n_components': 3}",0.0,0.0,0.0,0.0,0.0,0.0,0.0,217,0.0754587940271286,0.0,0.0,0.0,0.0,0.01509175880542572,0.03018351761085144
158,0.07175998687744141,0.012479925156095127,0.006239986419677735,0.007642391365053469,0.001,"(25,)",4,"{'NN__alpha': 0.001, 'NN__hidden_layer_sizes': (25,), 'pca__n_components': 4}",0.1154648736378391,0.30054315027157513,0.3136593591905565,0.0,0.273037542662116,0.20064310692473686,0.12280528802011817,62,0.280865507000424,0.3315866533097014,0.1835354941340223,0.0,0.35285541320925706,0.22976861353068095,0.12888699165918296
159,0.12167997360229492,0.006239986419677736,0.0031199932098388674,0.006239986419677735,0.001,"(25,)",5,"{'NN__alpha': 0.001, 'NN__hidden_layer_sizes': (25,), 'pca__n_components': 5}",0.41434778589257637,0.3095090118085767,0.35661462612982747,0.27027027027027023,0.3987538940809969,0.349938283803128,0.05393906798724671,10,0.48243369205999476,0.3005349071314368,0.3469055374592827,0.19522049282091886,0.39709122686557796,0.3444371712674422,0.09593185922968314
160,0.08424005508422852,0.021160823494774647,0.006240034103393554,0.007642449765811761,0.001,"(25,)",6,"{'NN__alpha': 0.001, 'NN__hidden_layer_sizes': (25,), 'pca__n_components': 6}",0.21680452764475402,0.2585938311351127,0.4538799414348463,0.0,0.3137254901960785,0.24871623870257528,0.1476902185990036,26,0.2900848504162846,0.2204278698077081,0.4151699941525347,0.061068702290076216,0.4440995614499188,0.2861701956233045,0.13898970669630195
161,0.14975996017456056,0.0401984004688487,0.0,0.0,0.001,"(25,)",7,"{'NN__alpha': 0.001, 'NN__hidden_layer_sizes': (25,), 'pca__n_components': 7}",0.3816091954022989,0.11503811503811504,0.4282425172678435,0.06153846153846154,0.31683168316831684,0.2607364781728169,0.14608084308475588,17,0.4472740502052905,0.13221489914120216,0.5241498468546293,0.060890539454037176,0.35059740881406276,0.30302534889384436,0.17875810918705337
162,0.15287995338439941,0.07731042512474567,0.003119945526123047,0.006239891052246094,0.001,"(25,)",8,"{'NN__alpha': 0.001, 'NN__hidden_layer_sizes': (25,), 'pca__n_components': 8}",0.059906171057380005,0.16956077630234934,0.11293260473588343,0.0,0.06177606177606178,0.08095490197832324,0.056996577890351445,125,0.03094325511825742,0.031004121393780407,0.1579532814238039,0.0,0.015485881207400165,0.04707730782864838,0.05661524114240679
163,0.12168006896972657,0.030249540086729056,0.0,0.0,0.001,"(25,)",9,"{'NN__alpha': 0.001, 'NN__hidden_layer_sizes': (25,), 'pca__n_components': 9}",0.06013766453326893,0.059676452965847816,0.17142857142857143,0.17454545454545453,0.12075471698113208,0.11718322490940677,0.05063318913963755,98,0.045835352766045785,0.1973174366616987,0.2114353782013099,0.20901087809801458,0.07539270192577519,0.14779834953056883,0.07195528552682313
164,0.09983997344970703,0.04690382068458335,0.0031200408935546874,0.006240081787109375,0.001,"(25,)",10,"{'NN__alpha': 0.001, 'NN__hidden_layer_sizes': (25,), 'pca__n_components': 10}",0.11720404801129676,0.0,0.06060606060606061,0.0,0.0,0.0356457389006224,0.04712929005154641,159,0.07626200953851107,0.0,0.015623280888986657,0.03088539158264322,0.07481615848380599,0.039517368098789384,0.030994302962961524
165,0.2776799201965332,0.05528651740996897,0.0,0.0,0.001,"(25,)",11,"{'NN__alpha': 0.001, 'NN__hidden_layer_sizes': (25,), 'pca__n_components': 11}",0.06060606060606061,0.2674830808894619,0.0,0.12121212121212122,0.06177606177606178,0.10231910843853206,0.09119813053980749,116,0.03115733985974487,0.22454950180199257,0.13233923578751136,0.10398188760451593,0.08936705825941005,0.11627900466263497,0.06340599552180347
166,0.1372800350189209,0.011673971128852842,0.0,0.0,0.001,"(25,)",12,"{'NN__alpha': 0.001, 'NN__hidden_layer_sizes': (25,), 'pca__n_components': 12}",0.16956077630234934,0.1665366179913053,0.1683257918552036,0.12075471698113208,0.0622568093385214,0.1375962895422552,0.041829666213709045,92,0.11861673535208732,0.10446583556888105,0.19505494505494467,0.060246075519728354,0.08962288960185118,0.11360129621949851,0.04508891602033093
167,0.10296006202697754,0.007642235631185607,0.0,0.0,0.001,"(25,)",13,"{'NN__alpha': 0.001, 'NN__hidden_layer_sizes': (25,), 'pca__n_components': 13}",0.39120188531029065,0.5376034544800289,0.3094841930116472,0.360128617363344,0.1702127659574468,0.35401080033631543,0.11907622777792164,5,0.3280930951767338,0.23608634542365034,0.36291530801092725,0.2980354326089502,0.28910438191180604,0.30284691262641356,0.04222454897584912
168,0.08424005508422852,0.01590904653324701,0.0031199932098388674,0.006239986419677735,0.001,"(25,)",14,"{'NN__alpha': 0.001, 'NN__hidden_layer_sizes': (25,), 'pca__n_components': 14}",0.0,0.11632796075683252,0.0,0.06083650190114069,0.0,0.035472529287920135,0.04685484792458185,164,0.0,0.10476341193226764,0.01573232882783068,0.04483199278358257,0.030946450809464447,0.03925483687062907,0.03601599077073487
169,0.08736000061035157,0.03502195586517191,0.003119945526123047,0.006239891052246094,0.001,"(25, 25)",2,"{'NN__alpha': 0.001, 'NN__hidden_layer_sizes': (25, 25), 'pca__n_components': 2}",0.0,0.0,0.16711590296495957,0.0,0.06106870229007634,0.04559330054937141,0.0651920960103608,153,0.0,0.0,0.10149070859710005,0.0,0.08794449646467235,0.03788704101235448,0.04659926824877638
170,0.081119966506958,0.006239914896609157,0.0,0.0,0.001,"(25, 25)",3,"{'NN__alpha': 0.001, 'NN__hidden_layer_sizes': (25, 25), 'pca__n_components': 3}",0.0,0.06060606060606061,0.0,0.0,0.0,0.012164502164502164,0.024274831462117213,193,0.0,0.04646592265038249,0.0,0.07553822887931347,0.0,0.024400830305939192,0.03126692627003388
171,0.11543984413146972,0.007642508165826268,0.006240081787109375,0.007642508165826268,0.001,"(25, 25)",4,"{'NN__alpha': 0.001, 'NN__hidden_layer_sizes': (25, 25), 'pca__n_components': 4}",0.0,0.0,0.06013579049466537,0.0,0.0,0.012027158098933075,0.02405431619786615,205,0.0,0.0,0.0,0.0,0.01559386913072805,0.00311877382614561,0.00623754765229122
172,0.0842400074005127,0.007642527633489476,0.0,0.0,0.001,"(25, 25)",5,"{'NN__alpha': 0.001, 'NN__hidden_layer_sizes': (25, 25), 'pca__n_components': 5}",0.0,0.0,0.17017383348581888,0.0,0.0,0.03403476669716378,0.06806953339432757,170,0.0,0.0,0.10377949467529735,0.0,0.0,0.02075589893505947,0.04151179787011894
173,0.15600004196166992,0.02610373601799605,0.0031199932098388674,0.006239986419677735,0.001,"(25, 25)",6,"{'NN__alpha': 0.001, 'NN__hidden_layer_sizes': (25, 25), 'pca__n_components': 6}",0.059906171057380005,0.0,0.0,0.17454545454545453,0.12075471698113208,0.0708731299450296,0.06837177175595648,132,0.046238737165607266,0.061239592969472637,0.0,0.14214112583207583,0.2342406032755975,0.09677201184855064,0.08262803041508679
174,0.1622401237487793,0.028933755283372935,0.0031200408935546874,0.006240081787109375,0.001,"(25, 25)",7,"{'NN__alpha': 0.001, 'NN__hidden_layer_sizes': (25, 25), 'pca__n_components': 7}",0.0,0.06037095405503697,0.21985815602836878,0.0,0.0,0.056088944126720455,0.0851650505948042,136,0.031004121393780407,0.046420307131337164,0.30279992582977877,0.10388330670807246,0.0,0.09682153221259375,0.1083730514959501
175,0.16847991943359375,0.058702286456242335,0.0031199932098388674,0.006239986419677735,0.001,"(25, 25)",8,"{'NN__alpha': 0.001, 'NN__hidden_layer_sizes': (25, 25), 'pca__n_components': 8}",0.0,0.0,0.0,0.0,0.06177606177606178,0.012311086596800884,0.024677268749610178,186,0.0,0.0,0.0,0.0,0.01554740472522227,0.003109480945044454,0.006218961890088908
176,0.15600004196166992,0.06082007226777296,0.003119945526123047,0.006239891052246094,0.001,"(25, 25)",9,"{'NN__alpha': 0.001, 'NN__hidden_layer_sizes': (25, 25), 'pca__n_components': 9}",0.059676452965847816,0.0,0.0,0.0,0.0,0.011977916631002313,0.023902491327048192,209,0.0,0.03115733985974487,0.015607825895801244,0.0,0.01556286206356659,0.01246560556382254,0.01165873167694388
177,0.12204008102416992,0.00642412659892455,0.0,0.0,0.001,"(25, 25)",10,"{'NN__alpha': 0.001, 'NN__hidden_layer_sizes': (25, 25), 'pca__n_components': 10}",0.0,0.0,0.0,0.06083650190114069,0.0,0.012123845736013038,0.024301949072810025,197,0.0,0.0,0.0,0.015349217869330873,0.0,0.0030698435738661747,0.006139687147732349
178,0.3060800552368164,0.10403271246687185,0.0,0.0,0.001,"(25, 25)",11,"{'NN__alpha': 0.001, 'NN__hidden_layer_sizes': (25, 25), 'pca__n_components': 11}",0.3566240409207161,0.06060606060606061,0.0,0.12075471698113208,0.0,0.10780873183340008,0.13246671054909037,109,0.15984371227253755,0.031249999999999965,0.0,0.015516581981095966,0.015609419043805275,0.04444394265948775,0.05854002551541598
179,0.11251997947692871,0.011627255772090818,0.0,0.0,0.001,"(25, 25)",12,"{'NN__alpha': 0.001, 'NN__hidden_layer_sizes': (25, 25), 'pca__n_components': 12}",0.0,0.06060606060606061,0.06013579049466537,0.0,0.0,0.024191660263435243,0.02958494192670588,177,0.015748031496062975,0.031249999999999965,0.0,0.015624999999999969,0.01554740472522227,0.015634087244257036,0.0098823276092796
180,0.11584010124206542,0.03371833276136377,0.0,0.0,0.001,"(25, 25)",13,"{'NN__alpha': 0.001, 'NN__hidden_layer_sizes': (25, 25), 'pca__n_components': 13}",0.5111187136503592,0.16956077630234934,0.21830985915492956,0.11851851851851852,0.06201550387596899,0.21626192106296674,0.15663374370263525,46,0.4129756706175917,0.11895242801311699,0.22257053291536008,0.0876163333063999,0.1971523694836009,0.2078534668672139,0.1138126416405043
181,0.12499995231628418,0.047120474006818236,0.0,0.0,0.001,"(25, 25)",14,"{'NN__alpha': 0.001, 'NN__hidden_layer_sizes': (25, 25), 'pca__n_components': 14}",0.0,0.21456268849633778,0.0,0.16666666666666666,0.3137254901960785,0.13880109088012632,0.12298259470629701,88,0.04646592265038249,0.1301526967691197,0.0,0.17885863772890187,0.27226660579776274,0.12554877258923336,0.09633883108444223
182,0.3808401107788086,0.035077589956786344,0.006239938735961914,0.007642332965038969,0.001,"(100, 25, 100)",2,"{'NN__alpha': 0.001, 'NN__hidden_layer_sizes': (100, 25, 100), 'pca__n_components': 2}",0.0,0.0,0.0,0.0,0.0,0.0,0.0,217,0.0,0.0,0.0,0.0,0.0,0.0,0.0
183,0.6618401050567627,0.2658211160156844,0.003119945526123047,0.006239891052246094,0.001,"(100, 25, 100)",3,"{'NN__alpha': 0.001, 'NN__hidden_layer_sizes': (100, 25, 100), 'pca__n_components': 3}",0.0,0.0,0.0,0.0,0.0,0.0,0.0,217,0.0,0.0,0.0,0.0,0.0,0.0,0.0
184,0.7184000968933105,0.4632919932887139,0.0031199932098388674,0.006239986419677735,0.001,"(100, 25, 100)",4,"{'NN__alpha': 0.001, 'NN__hidden_layer_sizes': (100, 25, 100), 'pca__n_components': 4}",0.0,0.0,0.0,0.0,0.22614840989399293,0.04506814740030288,0.09033798736606413,157,0.0,0.0,0.0,0.0,0.4617061188030364,0.09234122376060729,0.18468244752121457
185,0.5717600345611572,0.20877519177597503,0.009359979629516601,0.007642391366541051,0.001,"(100, 25, 100)",5,"{'NN__alpha': 0.001, 'NN__hidden_layer_sizes': (100, 25, 100), 'pca__n_components': 5}",0.0,0.0,0.0,0.0,0.06153846153846154,0.012263736263736263,0.024582356177496295,189,0.0,0.0,0.0,0.0,0.40729611602264765,0.08145922320452953,0.16291844640905906
186,0.44616003036499025,0.13621223885143788,0.0031199932098388674,0.006239986419677735,0.001,"(100, 25, 100)",6,"{'NN__alpha': 0.001, 'NN__hidden_layer_sizes': (100, 25, 100), 'pca__n_components': 6}",0.0,0.0,0.0,0.0,0.17328519855595667,0.03453326456936565,0.06922107515684878,167,0.0,0.0,0.0,0.0,0.4870985619694884,0.09741971239389768,0.19483942478779537
187,0.37932000160217283,0.023136680564845413,0.0,0.0,0.001,"(100, 25, 100)",7,"{'NN__alpha': 0.001, 'NN__hidden_layer_sizes': (100, 25, 100), 'pca__n_components': 7}",0.0,0.0,0.0,0.0,0.0,0.0,0.0,217,0.0,0.0,0.0,0.0,0.0,0.0,0.0
188,0.4713200569152832,0.1784148758107976,0.0,0.0,0.001,"(100, 25, 100)",8,"{'NN__alpha': 0.001, 'NN__hidden_layer_sizes': (100, 25, 100), 'pca__n_components': 8}",0.0,0.0,0.0,0.0,0.11851851851851852,0.023619047619047623,0.04734379708258546,183,0.0,0.0,0.0,0.0,0.49987135405702426,0.09997427081140485,0.1999485416228097
189,0.5772000312805176,0.17676950413410336,0.0031199932098388674,0.006239986419677735,0.001,"(100, 25, 100)",9,"{'NN__alpha': 0.001, 'NN__hidden_layer_sizes': (100, 25, 100), 'pca__n_components': 9}",0.0,0.0,0.11764705882352941,0.27681660899653976,0.11940298507462686,0.10249031658317409,0.10186208894012552,114,0.0,0.0,0.23629600626468242,0.33677571524443034,0.41903486584337585,0.1984213174704977,0.1720399997755012
190,0.5928001403808594,0.16061177243594715,0.0031199932098388674,0.006239986419677735,0.001,"(100, 25, 100)",10,"{'NN__alpha': 0.001, 'NN__hidden_layer_sizes': (100, 25, 100), 'pca__n_components': 10}",0.42959838972491127,0.42828475871954136,0.2702702702702703,0.0,0.0,0.22624345742040491,0.1930866869987153,41,0.4021565798466092,0.4108321579689701,0.3802892340653448,0.0,0.0,0.23865559437618483,0.19511556301131863
191,0.6271199703216552,0.1109246019586589,0.0031199932098388674,0.006239986419677735,0.001,"(100, 25, 100)",11,"{'NN__alpha': 0.001, 'NN__hidden_layer_sizes': (100, 25, 100), 'pca__n_components': 11}",0.0,0.21832529592284086,0.17079889807162532,0.22775800711743774,0.06201550387596899,0.13572850655823845,0.0899087651797083,95,0.0,0.24868519909842196,0.3696588868940747,0.22258299277836827,0.3040766110261351,0.22900073795939999,0.1251328134646974
192,0.49608001708984373,0.12841359088619492,0.006239938735961914,0.007642332965038969,0.001,"(100, 25, 100)",12,"{'NN__alpha': 0.001, 'NN__hidden_layer_sizes': (100, 25, 100), 'pca__n_components': 12}",0.0,0.0,0.0,0.0622568093385214,0.0622568093385214,0.024813785436353528,0.030481193565814486,174,0.0,0.0,0.0,0.21032140665665094,0.3687745468036379,0.11581919069205777,0.15043891504889595
193,0.7768801689147949,0.2892358632131487,0.006239938735961914,0.007642332965038969,0.001,"(100, 25, 100)",13,"{'NN__alpha': 0.001, 'NN__hidden_layer_sizes': (100, 25, 100), 'pca__n_components': 13}",0.39120188531029065,0.3105383496154645,0.2702702702702703,0.3221476510067114,0.0,0.25910276880048955,0.13501645896128825,22,0.5047073633446214,0.28424216401889196,0.3392758684065423,0.37846962216496755,0.0,0.3013390035870046,0.1672390652874412
194,0.7144799709320069,0.21031673012404595,0.0031200408935546874,0.006240081787109375,0.001,"(100, 25, 100)",14,"{'NN__alpha': 0.001, 'NN__hidden_layer_sizes': (100, 25, 100), 'pca__n_components': 14}",0.4322499758896711,0.26656674874210473,0.0,0.40764331210191085,0.12030075187969924,0.2454742096231416,0.1658500394613444,29,0.42165605095541375,0.2960282938330824,0.0,0.3259336983965631,0.44600748237034626,0.2979251051110811,0.1592389304539522
195,0.21527986526489257,0.011673971128852842,0.0031200408935546874,0.006240081787109375,0.0001,"(50, 50)",2,"{'NN__alpha': 0.0001, 'NN__hidden_layer_sizes': (50, 50), 'pca__n_components': 2}",0.0,0.0,0.0,0.0,0.0,0.0,0.0,217,0.0,0.0,0.0,0.0,0.0,0.0,0.0
196,0.25271997451782224,0.011673869176362605,0.003119945526123047,0.006239891052246094,0.0001,"(50, 50)",3,"{'NN__alpha': 0.0001, 'NN__hidden_layer_sizes': (50, 50), 'pca__n_components': 3}",0.0,0.0,0.0,0.0,0.0,0.0,0.0,217,0.0,0.0,0.0,0.0,0.0,0.0,0.0
197,0.21528000831604005,0.018192530319439324,0.0,0.0,0.0001,"(50, 50)",4,"{'NN__alpha': 0.0001, 'NN__hidden_layer_sizes': (50, 50), 'pca__n_components': 4}",0.0,0.0,0.0,0.0,0.0,0.0,0.0,217,0.015748031496062975,0.0,0.0,0.0,0.0,0.003149606299212595,0.0062992125984251916
198,0.22776002883911134,0.027199426454994784,0.006239986419677735,0.007642391366541052,0.0001,"(50, 50)",5,"{'NN__alpha': 0.0001, 'NN__hidden_layer_sizes': (50, 50), 'pca__n_components': 5}",0.0,0.06037095405503697,0.0,0.0,0.0,0.012117312921046708,0.02418066312573853,201,0.0,0.015685345338230048,0.0,0.01556286206356659,0.0,0.006249641480359327,0.007654314349750676
199,0.23400001525878905,0.019732645049362035,0.0031200408935546874,0.006240081787109375,0.0001,"(50, 50)",6,"{'NN__alpha': 0.0001, 'NN__hidden_layer_sizes': (50, 50), 'pca__n_components': 6}",0.30646153846153845,0.0,0.4322230828814872,0.0,0.272108843537415,0.20218323061531965,0.17347010157911327,58,0.32219129012790276,0.0,0.4122619759200744,0.0,0.19487330294564487,0.18586531379872442,0.16674123308723612
200,0.24024004936218263,0.0680702832045328,0.0031199932098388674,0.006239986419677735,0.0001,"(50, 50)",7,"{'NN__alpha': 0.0001, 'NN__hidden_layer_sizes': (50, 50), 'pca__n_components': 7}",0.0,0.0,0.0,0.0,0.0,0.0,0.0,217,0.0,0.0,0.031219083214246393,0.0,0.0,0.006243816642849278,0.012487633285698558
201,0.39995999336242677,0.14875139732328163,0.0,0.0,0.0001,"(50, 50)",8,"{'NN__alpha': 0.0001, 'NN__hidden_layer_sizes': (50, 50), 'pca__n_components': 8}",0.06013766453326893,0.0,0.3554463554463554,0.0,0.0,0.0831597594705915,0.13812591250681858,122,0.19927754364840433,0.0,0.3488943488943483,0.0,0.3038200097011896,0.17039838044878844,0.14735492125472677
202,0.3762000560760498,0.2296848575173126,0.006239986419677735,0.007642391366541052,0.0001,"(50, 50)",9,"{'NN__alpha': 0.0001, 'NN__hidden_layer_sizes': (50, 50), 'pca__n_components': 9}",0.0,0.0,0.358974358974359,0.0,0.0,0.07179487179487179,0.14358974358974358,129,0.0,0.0,0.43894899536321424,0.0,0.14544283979339478,0.11687836703132182,0.17060309304230115
203,0.5834400177001953,0.08464353301669272,0.0,0.0,0.0001,"(50, 50)",10,"{'NN__alpha': 0.0001, 'NN__hidden_layer_sizes': (50, 50), 'pca__n_components': 10}",0.11720404801129676,0.21756225425950196,0.22142857142857145,0.44720496894409945,0.22456140350877193,0.24535153489460396,0.10849674231622268,31,0.061478454680534846,0.28424216401889196,0.39898147335147877,0.3367757152444304,0.5174897178853831,0.3197935050361438,0.15075376310576552
204,0.43367996215820315,0.11732194135902742,0.0,0.0,0.0001,"(50, 50)",11,"{'NN__alpha': 0.0001, 'NN__hidden_layer_sizes': (50, 50), 'pca__n_components': 11}",0.0,0.26656674874210473,0.2702702702702703,0.3232323232323232,0.06153846153846154,0.18423712930232572,0.12846826982244622,72,0.015685345338230048,0.29477007772020697,0.4098661768564675,0.33733398596834674,0.42804764013977,0.29714064520460426,0.14878299423251956
205,0.336959981918335,0.07422712279725777,0.0031199932098388674,0.006239986419677735,0.0001,"(50, 50)",12,"{'NN__alpha': 0.0001, 'NN__hidden_layer_sizes': (50, 50), 'pca__n_components': 12}",0.3554603854389722,0.17017883585829824,0.2222222222222222,0.17582417582417584,0.12030075187969924,0.20896121302581167,0.08018815558390008,54,0.17327574924748051,0.17327574924748051,0.3058625210713611,0.293040489383513,0.3895698346976827,0.2670048687295036,0.08340292230958309
206,0.3775200366973877,0.100326322646916,0.006240034103393554,0.007642449765811762,0.0001,"(50, 50)",13,"{'NN__alpha': 0.0001, 'NN__hidden_layer_sizes': (50, 50), 'pca__n_components': 13}",0.0,0.43358808164844737,0.11764705882352941,0.27681660899653976,0.0,0.16572232951702612,0.16825289998055176,81,0.0,0.3068953701650774,0.10506288975795348,0.25846448610920986,0.03097707104625519,0.14027996341569918,0.12214262799187263
207,0.31824002265930174,0.13405112652039872,0.0031199932098388674,0.006239986419677735,0.0001,"(50, 50)",14,"{'NN__alpha': 0.0001, 'NN__hidden_layer_sizes': (50, 50), 'pca__n_components': 14}",0.0,0.0,0.0,0.17647058823529413,0.06201550387596899,0.04752687121360172,0.06865685311615813,148,0.0,0.07574890724763705,0.01571665744327612,0.13198096853907693,0.39898898038797503,0.12448710272359302,0.14499027489826835
208,0.11855998039245605,0.01248003244476886,0.0,0.0,0.0001,"(50,)",2,"{'NN__alpha': 0.0001, 'NN__hidden_layer_sizes': (50,), 'pca__n_components': 2}",0.0,0.0,0.0,0.0,0.0,0.0,0.0,217,0.01571662591106572,0.0,0.0,0.015578350168086293,0.0,0.006258995215830403,0.007665797002646983
209,0.09671998023986816,0.0062400102622188576,0.0,0.0,0.0001,"(50,)",3,"{'NN__alpha': 0.0001, 'NN__hidden_layer_sizes': (50,), 'pca__n_components': 3}",0.0,0.0,0.0,0.0,0.0,0.0,0.0,217,0.015623156255162467,0.0,0.0,0.0,0.0,0.0031246312510324935,0.006249262502064986
210,0.11543998718261719,0.04478045972873744,0.0,0.0,0.0001,"(50,)",4,"{'NN__alpha': 0.0001, 'NN__hidden_layer_sizes': (50,), 'pca__n_components': 4}",0.0,0.059676452965847816,0.0,0.0,0.0,0.011977916631002313,0.023902491327048192,209,0.0,0.08852634394223044,0.0,0.0,0.23527609924535609,0.06476048863751731,0.09189358193588787
211,0.12479991912841797,0.009866360222097971,0.0,0.0,0.0001,"(50,)",5,"{'NN__alpha': 0.0001, 'NN__hidden_layer_sizes': (50,), 'pca__n_components': 5}",0.39120188531029065,0.0,0.4633781763826607,0.06015037593984962,0.3106796116504854,0.24509656121217152,0.18315318274200781,33,0.2450339296730411,0.0,0.42344721819885767,0.16742932539793906,0.2039281122630409,0.20796771710657577,0.13617310341850672
212,0.09048004150390625,0.006239986419677736,0.0,0.0,0.0001,"(50,)",6,"{'NN__alpha': 0.0001, 'NN__hidden_layer_sizes': (50,), 'pca__n_components': 6}",0.4143477858925765,0.0,0.11632270168855535,0.06037735849056604,0.27027027027027023,0.17232340909491628,0.1508436116262315,76,0.4305274814124758,0.0,0.11762269621039527,0.1268702225121606,0.14370703427138046,0.16374548688128243,0.14274022110434909
213,0.12479996681213379,0.02959885448205145,0.006240034103393554,0.007642449765811762,0.0001,"(50,)",7,"{'NN__alpha': 0.0001, 'NN__hidden_layer_sizes': (50,), 'pca__n_components': 7}",0.0,0.2594560800250078,0.0,0.0,0.0,0.05207654177644799,0.10392116813807291,140,0.0,0.2811040339702757,0.07611492281303588,0.11729738101735392,0.04606330228462849,0.1041159280170588,0.09642907286272626
214,0.15288000106811522,0.015284802197336283,0.0,0.0,0.0001,"(50,)",8,"{'NN__alpha': 0.0001, 'NN__hidden_layer_sizes': (50,), 'pca__n_components': 8}",0.16894718986769197,0.0,0.4308880308880309,0.0,0.36363636363636365,0.19255525318286823,0.17926578605977508,66,0.23546396066534137,0.13295842538662367,0.4987747100147029,0.030763993129168478,0.4273798262963275,0.2650681830984328,0.17560846320525667
215,0.09047999382019042,0.006239962578503042,0.0,0.0,0.0001,"(50,)",9,"{'NN__alpha': 0.0001, 'NN__hidden_layer_sizes': (50,), 'pca__n_components': 9}",0.0,0.06013766453326893,0.06037000973709834,0.06083650190114069,0.0625,0.04872369320761026,0.024430155586229404,144,0.0,0.0,0.13209302325581368,0.14305039864145264,0.0900525457510417,0.07303919352966161,0.06220582831739498
216,0.14975996017456056,0.037699088479799234,0.0,0.0,0.0001,"(50,)",10,"{'NN__alpha': 0.0001, 'NN__hidden_layer_sizes': (50,), 'pca__n_components': 10}",0.39367588932806324,0.39120188531029065,0.06060606060606061,0.3221476510067114,0.16724738675958187,0.2671868336999073,0.13200683612398884,16,0.31467617349970256,0.2950208645626542,0.13258636788048525,0.40601559598960213,0.5296243055285744,0.33558466149220373,0.13107463041541031
217,0.12791996002197265,0.024960094690333553,0.0031200408935546874,0.006240081787109375,0.0001,"(50,)",11,"{'NN__alpha': 0.0001, 'NN__hidden_layer_sizes': (50,), 'pca__n_components': 11}",0.45396536007292604,0.35201454104816715,0.31155778894472363,0.469208211143695,0.2711864406779661,0.37163331498413804,0.07789545841917603,1,0.4814545454545453,0.290327725061797,0.40571428571428514,0.4349543497800268,0.3522881897637442,0.3929478191548797,0.06624962046344929
218,0.15911989212036132,0.031817812518490744,0.0,0.0,0.0001,"(50,)",12,"{'NN__alpha': 0.0001, 'NN__hidden_layer_sizes': (50,), 'pca__n_components': 12}",0.39367588932806324,0.16956077630234934,0.2222222222222222,0.22775800711743774,0.0622568093385214,0.21528989932541484,0.10730542714292911,50,0.3609596510359865,0.19927754364840433,0.28351397604107187,0.21032140665665092,0.30459111620346885,0.2717327387171165,0.06033410213762064
219,0.12792010307312013,0.06113930612163344,0.0031199932098388674,0.006239986419677735,0.0001,"(50,)",13,"{'NN__alpha': 0.0001, 'NN__hidden_layer_sizes': (50,), 'pca__n_components': 13}",0.21986754966887417,0.38997650743931084,0.2222222222222222,0.12075471698113208,0.0,0.19091354879097006,0.1286947072121829,68,0.11895242801311699,0.31704980842911845,0.3170527490929383,0.23341874615814912,0.21032140665665092,0.23935902766999478,0.07409236314627085
220,0.14975996017456056,0.025347015092532038,0.0031199932098388674,0.006239986419677735,0.0001,"(50,)",14,"{'NN__alpha': 0.0001, 'NN__hidden_layer_sizes': (50,), 'pca__n_components': 14}",0.0,0.2674830808894619,0.17142857142857143,0.0625,0.0,0.10042874694995628,0.10454961732188285,118,0.0,0.2609272897002383,0.26024886659592894,0.0900525457510417,0.24718682001865047,0.17168310441317186,0.10737585050395035
221,0.08736000061035157,0.02116080943328695,0.0031199932098388674,0.006239986419677735,0.0001,"(25,)",2,"{'NN__alpha': 0.0001, 'NN__hidden_layer_sizes': (25,), 'pca__n_components': 2}",0.1167643610785463,0.25436714679742567,0.059443911792905084,0.06177606177606178,0.0625,0.11114662160763057,0.07493598245780353,104,0.09004352557127301,0.21985138444933347,0.14516458801880977,0.10388330670807246,0.01559386913072805,0.11490733477564334,0.06712921509614832
222,0.062400102615356445,0.009866360222789331,0.0,0.0,0.0001,"(25,)",3,"{'NN__alpha': 0.0001, 'NN__hidden_layer_sizes': (25,), 'pca__n_components': 3}",0.0,0.0,0.0,0.0,0.0,0.0,0.0,217,0.0754587940271286,0.0,0.0,0.0,0.0,0.01509175880542572,0.03018351761085144
223,0.07487998008728028,0.018192432186647123,0.0031199932098388674,0.006239986419677735,0.0001,"(25,)",4,"{'NN__alpha': 0.0001, 'NN__hidden_layer_sizes': (25,), 'pca__n_components': 4}",0.1154648736378391,0.30054315027157513,0.3136593591905565,0.0,0.273037542662116,0.20064310692473686,0.12280528802011817,62,0.280865507000424,0.3315866533097014,0.1835354941340223,0.0,0.35285541320925706,0.22976861353068095,0.12888699165918296
224,0.14664011001586913,0.028933791276419,0.0,0.0,0.0001,"(25,)",5,"{'NN__alpha': 0.0001, 'NN__hidden_layer_sizes': (25,), 'pca__n_components': 5}",0.41434778589257637,0.3095090118085767,0.35661462612982747,0.27027027027027023,0.3987538940809969,0.349938283803128,0.05393906798724671,10,0.48243369205999476,0.3005349071314368,0.3469055374592827,0.19522049282091886,0.39709122686557796,0.3444371712674422,0.09593185922968314
225,0.09983992576599121,0.02893369872287132,0.0,0.0,0.0001,"(25,)",6,"{'NN__alpha': 0.0001, 'NN__hidden_layer_sizes': (25,), 'pca__n_components': 6}",0.21680452764475402,0.2585938311351127,0.4538799414348463,0.0,0.3137254901960785,0.24871623870257528,0.1476902185990036,26,0.2900848504162846,0.2204278698077081,0.4151699941525347,0.061068702290076216,0.4440995614499188,0.2861701956233045,0.13898970669630195
226,0.12168002128601074,0.05786747457350905,0.0,0.0,0.0001,"(25,)",7,"{'NN__alpha': 0.0001, 'NN__hidden_layer_sizes': (25,), 'pca__n_components': 7}",0.3816091954022989,0.11503811503811504,0.4282425172678435,0.06153846153846154,0.31683168316831684,0.2607364781728169,0.14608084308475588,17,0.4472740502052905,0.13221489914120216,0.5241498468546293,0.060890539454037176,0.35059740881406276,0.30302534889384436,0.17875810918705337
227,0.1310399055480957,0.06735154482946691,0.0,0.0,0.0001,"(25,)",8,"{'NN__alpha': 0.0001, 'NN__hidden_layer_sizes': (25,), 'pca__n_components': 8}",0.059906171057380005,0.16956077630234934,0.11293260473588343,0.0,0.06177606177606178,0.08095490197832324,0.056996577890351445,125,0.03094325511825742,0.031004121393780407,0.1579532814238039,0.0,0.015485881207400165,0.04707730782864838,0.05661524114240679
228,0.09047994613647461,0.024960023164902156,0.0,0.0,0.0001,"(25,)",9,"{'NN__alpha': 0.0001, 'NN__hidden_layer_sizes': (25,), 'pca__n_components': 9}",0.06013766453326893,0.059676452965847816,0.17142857142857143,0.17454545454545453,0.12075471698113208,0.11718322490940677,0.05063318913963755,98,0.045835352766045785,0.1973174366616987,0.2114353782013099,0.20901087809801458,0.07539270192577519,0.14779834953056883,0.07195528552682313
229,0.11855988502502442,0.04991996884353659,0.0,0.0,0.0001,"(25,)",10,"{'NN__alpha': 0.0001, 'NN__hidden_layer_sizes': (25,), 'pca__n_components': 10}",0.11720404801129676,0.0,0.06060606060606061,0.0,0.0,0.0356457389006224,0.04712929005154641,159,0.07626200953851107,0.0,0.015623280888986657,0.03088539158264322,0.07481615848380599,0.039517368098789384,0.030994302962961524
230,0.22151994705200195,0.15798421057227213,0.0031199932098388674,0.006239986419677735,0.0001,"(25,)",11,"{'NN__alpha': 0.0001, 'NN__hidden_layer_sizes': (25,), 'pca__n_components': 11}",0.06060606060606061,0.2674830808894619,0.0,0.12121212121212122,0.06177606177606178,0.10231910843853206,0.09119813053980749,116,0.03115733985974487,0.22454950180199257,0.13233923578751136,0.10398188760451593,0.08936705825941005,0.11627900466263497,0.06340599552180347
231,0.15287995338439941,0.01819253849675234,0.003119945526123047,0.006239891052246094,0.0001,"(25,)",12,"{'NN__alpha': 0.0001, 'NN__hidden_layer_sizes': (25,), 'pca__n_components': 12}",0.16956077630234934,0.1665366179913053,0.1683257918552036,0.12075471698113208,0.0622568093385214,0.1375962895422552,0.041829666213709045,92,0.11861673535208732,0.10446583556888105,0.19505494505494467,0.060246075519728354,0.0752477346192569,0.11072626522297965,0.04694625528578366
232,0.09671988487243652,0.011673983872827169,0.0031200408935546874,0.006240081787109375,0.0001,"(25,)",13,"{'NN__alpha': 0.0001, 'NN__hidden_layer_sizes': (25,), 'pca__n_components': 13}",0.39120188531029065,0.5376034544800289,0.3094841930116472,0.360128617363344,0.1702127659574468,0.35401080033631543,0.11907622777792164,5,0.3280930951767338,0.23608634542365034,0.36291530801092725,0.2980354326089502,0.28910438191180604,0.30284691262641356,0.04222454897584912
233,0.08112001419067383,0.015284743796763936,0.0,0.0,0.0001,"(25,)",14,"{'NN__alpha': 0.0001, 'NN__hidden_layer_sizes': (25,), 'pca__n_components': 14}",0.0,0.11632796075683252,0.0,0.06083650190114069,0.0,0.035472529287920135,0.04685484792458185,164,0.0,0.10476341193226764,0.01573232882783068,0.04483199278358257,0.030946450809464447,0.03925483687062907,0.03601599077073487
234,0.07176008224487304,0.007642391366541051,0.006239891052246094,0.007642274564280669,0.0001,"(25, 25)",2,"{'NN__alpha': 0.0001, 'NN__hidden_layer_sizes': (25, 25), 'pca__n_components': 2}",0.0,0.0,0.16711590296495957,0.0,0.06106870229007634,0.04559330054937141,0.0651920960103608,153,0.0,0.0,0.10149070859710005,0.0,0.08794449646467235,0.03788704101235448,0.04659926824877638
235,0.09048008918762207,0.01167395838564368,0.0,0.0,0.0001,"(25, 25)",3,"{'NN__alpha': 0.0001, 'NN__hidden_layer_sizes': (25, 25), 'pca__n_components': 3}",0.0,0.06060606060606061,0.0,0.0,0.0,0.012164502164502164,0.024274831462117213,193,0.0,0.04646592265038249,0.0,0.07553822887931347,0.0,0.024400830305939192,0.03126692627003388
236,0.13415999412536622,0.027199563197304273,0.003119945526123047,0.006239891052246094,0.0001,"(25, 25)",4,"{'NN__alpha': 0.0001, 'NN__hidden_layer_sizes': (25, 25), 'pca__n_components': 4}",0.0,0.0,0.06013579049466537,0.0,0.0,0.012027158098933075,0.02405431619786615,205,0.0,0.0,0.0,0.0,0.01559386913072805,0.00311877382614561,0.00623754765229122
237,0.09672002792358399,0.015284734063784585,0.0,0.0,0.0001,"(25, 25)",5,"{'NN__alpha': 0.0001, 'NN__hidden_layer_sizes': (25, 25), 'pca__n_components': 5}",0.0,0.0,0.17017383348581888,0.0,0.0,0.03403476669716378,0.06806953339432757,170,0.0,0.0,0.10377949467529735,0.0,0.0,0.02075589893505947,0.04151179787011894
238,0.14352006912231446,0.0152849481989066,0.0,0.0,0.0001,"(25, 25)",6,"{'NN__alpha': 0.0001, 'NN__hidden_layer_sizes': (25, 25), 'pca__n_components': 6}",0.059906171057380005,0.0,0.0,0.17454545454545453,0.12075471698113208,0.0708731299450296,0.06837177175595648,132,0.046238737165607266,0.061239592969472637,0.0,0.14214112583207583,0.2342406032755975,0.09677201184855064,0.08262803041508679
239,0.12479996681213379,0.05752996150980385,0.0031200408935546874,0.006240081787109375,0.0001,"(25, 25)",7,"{'NN__alpha': 0.0001, 'NN__hidden_layer_sizes': (25, 25), 'pca__n_components': 7}",0.0,0.06037095405503697,0.21985815602836878,0.0,0.0,0.056088944126720455,0.0851650505948042,136,0.031004121393780407,0.046420307131337164,0.30279992582977877,0.10388330670807246,0.0,0.09682153221259375,0.1083730514959501
240,0.13103985786437988,0.05183337509010879,0.01248011589050293,0.006240057945934673,0.0001,"(25, 25)",8,"{'NN__alpha': 0.0001, 'NN__hidden_layer_sizes': (25, 25), 'pca__n_components': 8}",0.0,0.0,0.0,0.0,0.06177606177606178,0.012311086596800884,0.024677268749610178,186,0.0,0.0,0.0,0.0,0.01554740472522227,0.003109480945044454,0.006218961890088908
241,0.1591200351715088,0.04972457525105494,0.0,0.0,0.0001,"(25, 25)",9,"{'NN__alpha': 0.0001, 'NN__hidden_layer_sizes': (25, 25), 'pca__n_components': 9}",0.059676452965847816,0.0,0.0,0.0,0.0,0.011977916631002313,0.023902491327048192,209,0.0,0.03115733985974487,0.015607825895801244,0.0,0.01556286206356659,0.01246560556382254,0.01165873167694388
242,0.2316800594329834,0.08592512224732192,0.0031199932098388674,0.006239986419677735,0.0001,"(25, 25)",10,"{'NN__alpha': 0.0001, 'NN__hidden_layer_sizes': (25, 25), 'pca__n_components': 10}",0.0,0.0,0.0,0.06083650190114069,0.0,0.012123845736013038,0.024301949072810025,197,0.0,0.0,0.0,0.015349217869330873,0.0,0.0030698435738661747,0.006139687147732349
243,0.2000800132751465,0.086890960562342,0.0,0.0,0.0001,"(25, 25)",11,"{'NN__alpha': 0.0001, 'NN__hidden_layer_sizes': (25, 25), 'pca__n_components': 11}",0.3566240409207161,0.06060606060606061,0.0,0.12075471698113208,0.0,0.10780873183340008,0.13246671054909037,109,0.15984371227253755,0.031249999999999965,0.0,0.015516581981095966,0.015609419043805275,0.04444394265948775,0.05854002551541598
244,0.12479996681213379,0.013953140437512328,0.0031199932098388674,0.006239986419677735,0.0001,"(25, 25)",12,"{'NN__alpha': 0.0001, 'NN__hidden_layer_sizes': (25, 25), 'pca__n_components': 12}",0.0,0.06060606060606061,0.06013579049466537,0.0,0.0,0.024191660263435243,0.02958494192670588,177,0.015748031496062975,0.031249999999999965,0.0,0.015624999999999969,0.01554740472522227,0.015634087244257036,0.0098823276092796
245,0.12168006896972657,0.0361165613698046,0.0,0.0,0.0001,"(25, 25)",13,"{'NN__alpha': 0.0001, 'NN__hidden_layer_sizes': (25, 25), 'pca__n_components': 13}",0.5111187136503592,0.16956077630234934,0.21830985915492956,0.11851851851851852,0.06201550387596899,0.21626192106296674,0.15663374370263525,46,0.4129756706175917,0.11895242801311699,0.22257053291536008,0.0876163333063999,0.1971523694836009,0.2078534668672139,0.1138126416405043
246,0.09983997344970703,0.007642332965038967,0.0,0.0,0.0001,"(25, 25)",14,"{'NN__alpha': 0.0001, 'NN__hidden_layer_sizes': (25, 25), 'pca__n_components': 14}",0.0,0.21456268849633778,0.0,0.16666666666666666,0.3137254901960785,0.13880109088012632,0.12298259470629701,88,0.04646592265038249,0.1301526967691197,0.0,0.17885863772890187,0.27226660579776274,0.12554877258923336,0.09633883108444223
247,0.3900001049041748,0.08713686457963228,0.003119945526123047,0.006239891052246094,0.0001,"(100, 25, 100)",2,"{'NN__alpha': 0.0001, 'NN__hidden_layer_sizes': (100, 25, 100), 'pca__n_components': 2}",0.0,0.0,0.0,0.0,0.0,0.0,0.0,217,0.0,0.0,0.0,0.0,0.0,0.0,0.0
248,0.35879998207092284,0.013953087125314005,0.0,0.0,0.0001,"(100, 25, 100)",3,"{'NN__alpha': 0.0001, 'NN__hidden_layer_sizes': (100, 25, 100), 'pca__n_components': 3}",0.0,0.0,0.0,0.0,0.0,0.0,0.0,217,0.0,0.0,0.0,0.0,0.0,0.0,0.0
249,0.3775200843811035,0.018192579385136996,0.0,0.0,0.0001,"(100, 25, 100)",4,"{'NN__alpha': 0.0001, 'NN__hidden_layer_sizes': (100, 25, 100), 'pca__n_components': 4}",0.0,0.0,0.0,0.0,0.0,0.0,0.0,217,0.0,0.0,0.0,0.0,0.0,0.0,0.0
250,0.4960800647735596,0.22893232037959085,0.0,0.0,0.0001,"(100, 25, 100)",5,"{'NN__alpha': 0.0001, 'NN__hidden_layer_sizes': (100, 25, 100), 'pca__n_components': 5}",0.0,0.0,0.0,0.0,0.06153846153846154,0.012263736263736263,0.024582356177496295,189,0.0,0.0,0.0,0.0,0.40729611602264765,0.08145922320452953,0.16291844640905906
251,0.43680009841918943,0.14057323274315825,0.0,0.0,0.0001,"(100, 25, 100)",6,"{'NN__alpha': 0.0001, 'NN__hidden_layer_sizes': (100, 25, 100), 'pca__n_components': 6}",0.0,0.0,0.0,0.0,0.17328519855595667,0.03453326456936565,0.06922107515684878,167,0.0,0.0,0.0,0.0,0.49582098382334944,0.09916419676466989,0.19832839352933979
252,0.3899999618530273,0.009866360222328424,0.0031199932098388674,0.006239986419677735,0.0001,"(100, 25, 100)",7,"{'NN__alpha': 0.0001, 'NN__hidden_layer_sizes': (100, 25, 100), 'pca__n_components': 7}",0.0,0.0,0.0,0.0,0.0,0.0,0.0,217,0.0,0.0,0.0,0.0,0.0,0.0,0.0
253,0.5335199356079101,0.17715457140355656,0.006239986419677735,0.007642391365053469,0.0001,"(100, 25, 100)",8,"{'NN__alpha': 0.0001, 'NN__hidden_layer_sizes': (100, 25, 100), 'pca__n_components': 8}",0.0,0.0,0.0,0.0,0.11895910780669144,0.023706850770047794,0.04751979632824562,181,0.0,0.0,0.0,0.0,0.49987135405702426,0.09997427081140485,0.1999485416228097
254,0.6458399295806885,0.20065251628205877,0.0,0.0,0.0001,"(100, 25, 100)",9,"{'NN__alpha': 0.0001, 'NN__hidden_layer_sizes': (100, 25, 100), 'pca__n_components': 9}",0.0,0.0,0.11764705882352941,0.27681660899653976,0.11940298507462686,0.10249031658317409,0.10186208894012552,114,0.0,0.0,0.23629600626468242,0.3370546194376332,0.41903486584337585,0.19847709830913832,0.17208488898632898
255,0.8585999011993408,0.2282088959039567,0.006239986419677735,0.007642391366541051,0.0001,"(100, 25, 100)",10,"{'NN__alpha': 0.0001, 'NN__hidden_layer_sizes': (100, 25, 100), 'pca__n_components': 10}",0.42959838972491127,0.49391398431160405,0.2702702702702703,0.0,0.0,0.23941618055709749,0.2080777064658415,37,0.4021565798466092,0.4750287026406428,0.3802892340653448,0.0,0.0,0.2514949033105193,0.2077275391644274
256,1.1982800006866454,0.6693541921034015,0.006239986419677735,0.007642391366541052,0.0001,"(100, 25, 100)",11,"{'NN__alpha': 0.0001, 'NN__hidden_layer_sizes': (100, 25, 100), 'pca__n_components': 11}",0.0,0.21832529592284086,0.17079889807162532,0.22775800711743774,0.06201550387596899,0.13572850655823845,0.0899087651797083,95,0.0,0.24868519909842196,0.3696588868940747,0.22258299277836827,0.3152136571443668,0.23122814718304632,0.12654056976825015
257,0.7020000457763672,0.08657660730825002,0.0031199932098388674,0.006239986419677735,0.0001,"(100, 25, 100)",12,"{'NN__alpha': 0.0001, 'NN__hidden_layer_sizes': (100, 25, 100), 'pca__n_components': 12}",0.0,0.0,0.0,0.0622568093385214,0.0622568093385214,0.024813785436353528,0.030481193565814486,174,0.0,0.0,0.0,0.21032140665665094,0.3687745468036379,0.11581919069205777,0.15043891504889595
258,1.7877599716186523,2.0256370118363756,0.006239986419677735,0.007642391366541052,0.0001,"(100, 25, 100)",13,"{'NN__alpha': 0.0001, 'NN__hidden_layer_sizes': (100, 25, 100), 'pca__n_components': 13}",0.39120188531029065,0.3105383496154645,0.2702702702702703,0.3221476510067114,0.0,0.25910276880048955,0.13501645896128825,22,0.44909334262298073,0.28424216401889196,0.3392758684065423,0.37846962216496755,0.0,0.2902161994426765,0.1547246560082616
259,1.2760799884796143,1.1093519665400067,0.0,0.0,0.0001,"(100, 25, 100)",14,"{'NN__alpha': 0.0001, 'NN__hidden_layer_sizes': (100, 25, 100), 'pca__n_components': 14}",0.4322499758896711,0.26656674874210473,0.0,0.40764331210191085,0.12030075187969924,0.2454742096231416,0.1658500394613444,29,0.42165605095541375,0.2960282938330824,0.0,0.3259336983965631,0.44600748237034626,0.2979251051110811,0.1592389304539522
